ficha,concepto,calidad_ficha,mejor_similitud,similitud_promedio,fuente,tipo_fuente,ubicacion,pagina_o_bloque,similitud,detalle_similitud,cita_textual,fragmento_id,ruta_fuente,ubicaciones_agrupadas,observacion
1,Comunicación digital,media,0.1905,0.0869,La escritura academica en la fo - Maria Ines Corte Vitoria.pdf,pdf,p. 38,38,0.1905,tfidf=0.1805; bonus=0.0100,En lo que respecta a las tecnologías de la información parece obvio que nuestros estudiantes rehúyen el escribir a mano y prefieren hacerlo utilizando las nuevas herramientas que ofrecen las TIC. Se ha pasado del texto impreso al texto digital. Pero este tránsito no es neutral en la construcción de los textos escritos.,La_escritura_academica_en_la_fo___Maria_Ines_Corte_Vitoria_b72aa8e231_b0038_f003,D:\Documentos\LaTEX\Template-Informe\UnADM\redaccion-en-contextos-virtuales\referencias-redaccion-en-contextos-virtuales\libros-redaccion-en-contextos-virtuales\La escritura academica en la fo - Maria Ines Corte Vitoria.pdf,"Escritura academica. De la teor - Juan Antonio Nunez Cortes.pdf, p. 10; Escritura academica. De la teor - Juan Antonio Nunez Cortes.pdf, p. 12; Escritura academica. De la teor - Juan Antonio Nunez Cortes.pdf, p. 130; Escritura academica. De la teor - Juan Antonio Nunez Cortes.pdf, p. 20; La escritura academica en la fo - Maria Ines Corte Vitoria.pdf, p. 109; La escritura academica en la fo - Maria Ines Corte Vitoria.pdf, p. 110; La escritura academica en la fo - Maria Ines Corte Vitoria.pdf, p. 13; La escritura academica en la fo - Maria Ines Corte Vitoria.pdf, p. 137; La escritura academica en la fo - Maria Ines Corte Vitoria.pdf, p. 15; La escritura academica en la fo - Maria Ines Corte Vitoria.pdf, p. 38; La escritura academica en la fo - Maria Ines Corte Vitoria.pdf, p. 39; La escritura academica en la fo - Maria Ines Corte Vitoria.pdf, p. 52; La escritura academica en la fo - Maria Ines Corte Vitoria.pdf, p. 92; Taller de lectura y redaccion_ - Leopoldo Ayala.pdf, p. 45; Taller de lectura y redaccion_ - Leopoldo Ayala.pdf, p. 80","La ficha presenta coincidencias útiles, pero conviene revisar la pertinencia de cada cita. Se agruparon referencias de múltiples fuentes para enriquecer el concepto. Hay 7 referencia(s) de baja similitud que podrían introducir ruido."
1,Comunicación digital,media,0.1905,0.0869,La escritura academica en la fo - Maria Ines Corte Vitoria.pdf,pdf,p. 92,92,0.1138,tfidf=0.0938; bonus=0.0200,"Incluso, cada día es más fácil, encargar a otros que construyan los textos que nosotros compraremos y entregaremos como nuestros en la Universidad. Las redes sociales están llenas de anuncios que lo ofrecen. Obviamente, este tipo de 92",La_escritura_academica_en_la_fo___Maria_Ines_Corte_Vitoria_b72aa8e231_b0092_f004,D:\Documentos\LaTEX\Template-Informe\UnADM\redaccion-en-contextos-virtuales\referencias-redaccion-en-contextos-virtuales\libros-redaccion-en-contextos-virtuales\La escritura academica en la fo - Maria Ines Corte Vitoria.pdf,"Escritura academica. De la teor - Juan Antonio Nunez Cortes.pdf, p. 10; Escritura academica. De la teor - Juan Antonio Nunez Cortes.pdf, p. 12; Escritura academica. De la teor - Juan Antonio Nunez Cortes.pdf, p. 130; Escritura academica. De la teor - Juan Antonio Nunez Cortes.pdf, p. 20; La escritura academica en la fo - Maria Ines Corte Vitoria.pdf, p. 109; La escritura academica en la fo - Maria Ines Corte Vitoria.pdf, p. 110; La escritura academica en la fo - Maria Ines Corte Vitoria.pdf, p. 13; La escritura academica en la fo - Maria Ines Corte Vitoria.pdf, p. 137; La escritura academica en la fo - Maria Ines Corte Vitoria.pdf, p. 15; La escritura academica en la fo - Maria Ines Corte Vitoria.pdf, p. 38; La escritura academica en la fo - Maria Ines Corte Vitoria.pdf, p. 39; La escritura academica en la fo - Maria Ines Corte Vitoria.pdf, p. 52; La escritura academica en la fo - Maria Ines Corte Vitoria.pdf, p. 92; Taller de lectura y redaccion_ - Leopoldo Ayala.pdf, p. 45; Taller de lectura y redaccion_ - Leopoldo Ayala.pdf, p. 80","La ficha presenta coincidencias útiles, pero conviene revisar la pertinencia de cada cita. Se agruparon referencias de múltiples fuentes para enriquecer el concepto. Hay 7 referencia(s) de baja similitud que podrían introducir ruido."
1,Comunicación digital,media,0.1905,0.0869,La escritura academica en la fo - Maria Ines Corte Vitoria.pdf,pdf,p. 109,109,0.1033,tfidf=0.0733; bonus=0.0300,"Producto: el tipo de producto que se espera es un texto corto (más corto que el original: no tendría sentido un resumen más extenso) y original (tampoco se cumple el objetivo de este tipo de textos con el frecuente cortar y pegar frases del autor del texto), de forma que refleje bien ese doble proceso metal que ha debido realizar el estudiante: análisis y síntesis. Los blogs Las redes sociales constituyen un nuevo contexto de comunicación del que nuestros estudiantes son sujetos nativos. Ellos y ellas se han criado rodeados de esos entornos virtuales: whatsapp, facebook, twiter, istagram, etc.",La_escritura_academica_en_la_fo___Maria_Ines_Corte_Vitoria_b72aa8e231_b0109_f002,D:\Documentos\LaTEX\Template-Informe\UnADM\redaccion-en-contextos-virtuales\referencias-redaccion-en-contextos-virtuales\libros-redaccion-en-contextos-virtuales\La escritura academica en la fo - Maria Ines Corte Vitoria.pdf,"Escritura academica. De la teor - Juan Antonio Nunez Cortes.pdf, p. 10; Escritura academica. De la teor - Juan Antonio Nunez Cortes.pdf, p. 12; Escritura academica. De la teor - Juan Antonio Nunez Cortes.pdf, p. 130; Escritura academica. De la teor - Juan Antonio Nunez Cortes.pdf, p. 20; La escritura academica en la fo - Maria Ines Corte Vitoria.pdf, p. 109; La escritura academica en la fo - Maria Ines Corte Vitoria.pdf, p. 110; La escritura academica en la fo - Maria Ines Corte Vitoria.pdf, p. 13; La escritura academica en la fo - Maria Ines Corte Vitoria.pdf, p. 137; La escritura academica en la fo - Maria Ines Corte Vitoria.pdf, p. 15; La escritura academica en la fo - Maria Ines Corte Vitoria.pdf, p. 38; La escritura academica en la fo - Maria Ines Corte Vitoria.pdf, p. 39; La escritura academica en la fo - Maria Ines Corte Vitoria.pdf, p. 52; La escritura academica en la fo - Maria Ines Corte Vitoria.pdf, p. 92; Taller de lectura y redaccion_ - Leopoldo Ayala.pdf, p. 45; Taller de lectura y redaccion_ - Leopoldo Ayala.pdf, p. 80","La ficha presenta coincidencias útiles, pero conviene revisar la pertinencia de cada cita. Se agruparon referencias de múltiples fuentes para enriquecer el concepto. Hay 7 referencia(s) de baja similitud que podrían introducir ruido."
1,Comunicación digital,media,0.1905,0.0869,Escritura academica. De la teor - Juan Antonio Nunez Cortes.pdf,pdf,p. 10,10,0.1019,tfidf=0.0819; bonus=0.0200,"Introducción En la sociedad globalizada del conocimiento o del aprendizaje, líquida y digital, las personas han de tener la capacidad para adaptarse a un cambio continuo. De esta manera, entre otras muchas, el desempeño en la escritura se erige como una competencia clave para el aprendizaje en la educación superior.",Escritura_academica__De_la_teor___Juan_Antonio_Nunez_Cortes_1a16d092a9_b0010_f001,D:\Documentos\LaTEX\Template-Informe\UnADM\redaccion-en-contextos-virtuales\referencias-redaccion-en-contextos-virtuales\libros-redaccion-en-contextos-virtuales\Escritura academica. De la teor - Juan Antonio Nunez Cortes.pdf,"Escritura academica. De la teor - Juan Antonio Nunez Cortes.pdf, p. 10; Escritura academica. De la teor - Juan Antonio Nunez Cortes.pdf, p. 12; Escritura academica. De la teor - Juan Antonio Nunez Cortes.pdf, p. 130; Escritura academica. De la teor - Juan Antonio Nunez Cortes.pdf, p. 20; La escritura academica en la fo - Maria Ines Corte Vitoria.pdf, p. 109; La escritura academica en la fo - Maria Ines Corte Vitoria.pdf, p. 110; La escritura academica en la fo - Maria Ines Corte Vitoria.pdf, p. 13; La escritura academica en la fo - Maria Ines Corte Vitoria.pdf, p. 137; La escritura academica en la fo - Maria Ines Corte Vitoria.pdf, p. 15; La escritura academica en la fo - Maria Ines Corte Vitoria.pdf, p. 38; La escritura academica en la fo - Maria Ines Corte Vitoria.pdf, p. 39; La escritura academica en la fo - Maria Ines Corte Vitoria.pdf, p. 52; La escritura academica en la fo - Maria Ines Corte Vitoria.pdf, p. 92; Taller de lectura y redaccion_ - Leopoldo Ayala.pdf, p. 45; Taller de lectura y redaccion_ - Leopoldo Ayala.pdf, p. 80","La ficha presenta coincidencias útiles, pero conviene revisar la pertinencia de cada cita. Se agruparon referencias de múltiples fuentes para enriquecer el concepto. Hay 7 referencia(s) de baja similitud que podrían introducir ruido."
1,Comunicación digital,media,0.1905,0.0869,Escritura academica. De la teor - Juan Antonio Nunez Cortes.pdf,pdf,p. 130,130,0.0971,tfidf=0.0771; bonus=0.0200,"Respuesta posible: el texto de J. Marinkovich es una monografía porque no solo presenta una descripción detallada de los enfoques de proceso en la producción escrita, sino también una fundamentación a favor de un modelo teórico integrador. Además, da cuenta de un trabajo analítico y crítico de numerosas fuentes de información, por lo que posee un objetivo expositivo y, al mismo tiempo, argumentativo.",Escritura_academica__De_la_teor___Juan_Antonio_Nunez_Cortes_1a16d092a9_b0130_f001,D:\Documentos\LaTEX\Template-Informe\UnADM\redaccion-en-contextos-virtuales\referencias-redaccion-en-contextos-virtuales\libros-redaccion-en-contextos-virtuales\Escritura academica. De la teor - Juan Antonio Nunez Cortes.pdf,"Escritura academica. De la teor - Juan Antonio Nunez Cortes.pdf, p. 10; Escritura academica. De la teor - Juan Antonio Nunez Cortes.pdf, p. 12; Escritura academica. De la teor - Juan Antonio Nunez Cortes.pdf, p. 130; Escritura academica. De la teor - Juan Antonio Nunez Cortes.pdf, p. 20; La escritura academica en la fo - Maria Ines Corte Vitoria.pdf, p. 109; La escritura academica en la fo - Maria Ines Corte Vitoria.pdf, p. 110; La escritura academica en la fo - Maria Ines Corte Vitoria.pdf, p. 13; La escritura academica en la fo - Maria Ines Corte Vitoria.pdf, p. 137; La escritura academica en la fo - Maria Ines Corte Vitoria.pdf, p. 15; La escritura academica en la fo - Maria Ines Corte Vitoria.pdf, p. 38; La escritura academica en la fo - Maria Ines Corte Vitoria.pdf, p. 39; La escritura academica en la fo - Maria Ines Corte Vitoria.pdf, p. 52; La escritura academica en la fo - Maria Ines Corte Vitoria.pdf, p. 92; Taller de lectura y redaccion_ - Leopoldo Ayala.pdf, p. 45; Taller de lectura y redaccion_ - Leopoldo Ayala.pdf, p. 80","La ficha presenta coincidencias útiles, pero conviene revisar la pertinencia de cada cita. Se agruparon referencias de múltiples fuentes para enriquecer el concepto. Hay 7 referencia(s) de baja similitud que podrían introducir ruido."
1,Comunicación digital,media,0.1905,0.0869,La escritura academica en la fo - Maria Ines Corte Vitoria.pdf,pdf,p. 15,15,0.0904,tfidf=0.0604; bonus=0.0300,"Y todo ello es fuente de satisfacción, independientemente de que tengamos un lector o millares de ellos. Los nuevos formatos de expresión personal (blogs y webs personales, redes sociales, etc.) son una buena muestra del gran poder de atracción que ejercen sobre los individuos las diversas modalidades de comunicación y de expresión de los propios pensamientos. El hecho de que nos lean muchos o pocos lectores ocupa un lugar secundario (aunque esto no siempre está claro en este nuevo mercado de la comunicación horizontal), ya que el papel principal de este proceso es dar concreción a nuestra capacidad de llevar a cabo acciones expresivas mediante la escritura.",La_escritura_academica_en_la_fo___Maria_Ines_Corte_Vitoria_b72aa8e231_b0015_f001,D:\Documentos\LaTEX\Template-Informe\UnADM\redaccion-en-contextos-virtuales\referencias-redaccion-en-contextos-virtuales\libros-redaccion-en-contextos-virtuales\La escritura academica en la fo - Maria Ines Corte Vitoria.pdf,"Escritura academica. De la teor - Juan Antonio Nunez Cortes.pdf, p. 10; Escritura academica. De la teor - Juan Antonio Nunez Cortes.pdf, p. 12; Escritura academica. De la teor - Juan Antonio Nunez Cortes.pdf, p. 130; Escritura academica. De la teor - Juan Antonio Nunez Cortes.pdf, p. 20; La escritura academica en la fo - Maria Ines Corte Vitoria.pdf, p. 109; La escritura academica en la fo - Maria Ines Corte Vitoria.pdf, p. 110; La escritura academica en la fo - Maria Ines Corte Vitoria.pdf, p. 13; La escritura academica en la fo - Maria Ines Corte Vitoria.pdf, p. 137; La escritura academica en la fo - Maria Ines Corte Vitoria.pdf, p. 15; La escritura academica en la fo - Maria Ines Corte Vitoria.pdf, p. 38; La escritura academica en la fo - Maria Ines Corte Vitoria.pdf, p. 39; La escritura academica en la fo - Maria Ines Corte Vitoria.pdf, p. 52; La escritura academica en la fo - Maria Ines Corte Vitoria.pdf, p. 92; Taller de lectura y redaccion_ - Leopoldo Ayala.pdf, p. 45; Taller de lectura y redaccion_ - Leopoldo Ayala.pdf, p. 80","La ficha presenta coincidencias útiles, pero conviene revisar la pertinencia de cada cita. Se agruparon referencias de múltiples fuentes para enriquecer el concepto. Hay 7 referencia(s) de baja similitud que podrían introducir ruido."
1,Comunicación digital,media,0.1905,0.0869,La escritura academica en la fo - Maria Ines Corte Vitoria.pdf,pdf,p. 52,52,0.0831,tfidf=0.0731; bonus=0.0100,"Todos ellos constituyen objetos escritos que se llevan a cabo respondiendo a distintas situaciones en una misma esfera de actividad. Es necesario destacar, por otro lado, que las situaciones no vienen definidas principalmente por las condiciones materiales de la comunicación sino que son construcciones sociales que surgen como resultado del significado y de la interpretación que los humanos confieren a sus actividades. Si la tipificación de una actividad discursiva es útil en la comunicación porque genera consenso y facilita la comunicación entra en una especie de repertorio estable de géneros comunicativos y su utilización puede convertirse en rutina para los miembros de 52",La_escritura_academica_en_la_fo___Maria_Ines_Corte_Vitoria_b72aa8e231_b0052_f003,D:\Documentos\LaTEX\Template-Informe\UnADM\redaccion-en-contextos-virtuales\referencias-redaccion-en-contextos-virtuales\libros-redaccion-en-contextos-virtuales\La escritura academica en la fo - Maria Ines Corte Vitoria.pdf,"Escritura academica. De la teor - Juan Antonio Nunez Cortes.pdf, p. 10; Escritura academica. De la teor - Juan Antonio Nunez Cortes.pdf, p. 12; Escritura academica. De la teor - Juan Antonio Nunez Cortes.pdf, p. 130; Escritura academica. De la teor - Juan Antonio Nunez Cortes.pdf, p. 20; La escritura academica en la fo - Maria Ines Corte Vitoria.pdf, p. 109; La escritura academica en la fo - Maria Ines Corte Vitoria.pdf, p. 110; La escritura academica en la fo - Maria Ines Corte Vitoria.pdf, p. 13; La escritura academica en la fo - Maria Ines Corte Vitoria.pdf, p. 137; La escritura academica en la fo - Maria Ines Corte Vitoria.pdf, p. 15; La escritura academica en la fo - Maria Ines Corte Vitoria.pdf, p. 38; La escritura academica en la fo - Maria Ines Corte Vitoria.pdf, p. 39; La escritura academica en la fo - Maria Ines Corte Vitoria.pdf, p. 52; La escritura academica en la fo - Maria Ines Corte Vitoria.pdf, p. 92; Taller de lectura y redaccion_ - Leopoldo Ayala.pdf, p. 45; Taller de lectura y redaccion_ - Leopoldo Ayala.pdf, p. 80","La ficha presenta coincidencias útiles, pero conviene revisar la pertinencia de cada cita. Se agruparon referencias de múltiples fuentes para enriquecer el concepto. Hay 7 referencia(s) de baja similitud que podrían introducir ruido."
1,Comunicación digital,media,0.1905,0.0869,La escritura academica en la fo - Maria Ines Corte Vitoria.pdf,pdf,p. 13,13,0.0827,tfidf=0.0627; bonus=0.0200,"variada, estructurada, explícita y, al mismo tiempo, ambigua, creativa y tradicional en cada nueva manifestación. Por tanto, se trata de ofrecer al estudiante universitario recursos variados y polivalentes de escritura académica, evitando modelos pre- establecidos de escritura y ofreciéndole posibilidades diferenciadas de elaboración de sus escritos académicos. Se trata, también, de revisar algunos conceptos basados en teorías tradicionales (que priorizan la eficacia y la organización) para contraponerlos a los conceptos que se amparan en teorías críticas (que insisten en la reflexión y en la emancipación).",La_escritura_academica_en_la_fo___Maria_Ines_Corte_Vitoria_b72aa8e231_b0013_f001,D:\Documentos\LaTEX\Template-Informe\UnADM\redaccion-en-contextos-virtuales\referencias-redaccion-en-contextos-virtuales\libros-redaccion-en-contextos-virtuales\La escritura academica en la fo - Maria Ines Corte Vitoria.pdf,"Escritura academica. De la teor - Juan Antonio Nunez Cortes.pdf, p. 10; Escritura academica. De la teor - Juan Antonio Nunez Cortes.pdf, p. 12; Escritura academica. De la teor - Juan Antonio Nunez Cortes.pdf, p. 130; Escritura academica. De la teor - Juan Antonio Nunez Cortes.pdf, p. 20; La escritura academica en la fo - Maria Ines Corte Vitoria.pdf, p. 109; La escritura academica en la fo - Maria Ines Corte Vitoria.pdf, p. 110; La escritura academica en la fo - Maria Ines Corte Vitoria.pdf, p. 13; La escritura academica en la fo - Maria Ines Corte Vitoria.pdf, p. 137; La escritura academica en la fo - Maria Ines Corte Vitoria.pdf, p. 15; La escritura academica en la fo - Maria Ines Corte Vitoria.pdf, p. 38; La escritura academica en la fo - Maria Ines Corte Vitoria.pdf, p. 39; La escritura academica en la fo - Maria Ines Corte Vitoria.pdf, p. 52; La escritura academica en la fo - Maria Ines Corte Vitoria.pdf, p. 92; Taller de lectura y redaccion_ - Leopoldo Ayala.pdf, p. 45; Taller de lectura y redaccion_ - Leopoldo Ayala.pdf, p. 80","La ficha presenta coincidencias útiles, pero conviene revisar la pertinencia de cada cita. Se agruparon referencias de múltiples fuentes para enriquecer el concepto. Hay 7 referencia(s) de baja similitud que podrían introducir ruido."
1,Comunicación digital,media,0.1905,0.0869,Escritura academica. De la teor - Juan Antonio Nunez Cortes.pdf,pdf,p. 12,12,0.0815,tfidf=0.0615; bonus=0.0200,"El tercer capítulo, Los géneros discursivos académicos, presenta algunos de los géneros más frecuentes producidos por los estudiantes en la universidad, a saber: la reseña, el resumen, la monografía y el examen escrito. En cada uno de los apartados se da información sobre las características principales de estos géneros, su estructura o sus propiedades lingüístico-discursivas.",Escritura_academica__De_la_teor___Juan_Antonio_Nunez_Cortes_1a16d092a9_b0012_f001,D:\Documentos\LaTEX\Template-Informe\UnADM\redaccion-en-contextos-virtuales\referencias-redaccion-en-contextos-virtuales\libros-redaccion-en-contextos-virtuales\Escritura academica. De la teor - Juan Antonio Nunez Cortes.pdf,"Escritura academica. De la teor - Juan Antonio Nunez Cortes.pdf, p. 10; Escritura academica. De la teor - Juan Antonio Nunez Cortes.pdf, p. 12; Escritura academica. De la teor - Juan Antonio Nunez Cortes.pdf, p. 130; Escritura academica. De la teor - Juan Antonio Nunez Cortes.pdf, p. 20; La escritura academica en la fo - Maria Ines Corte Vitoria.pdf, p. 109; La escritura academica en la fo - Maria Ines Corte Vitoria.pdf, p. 110; La escritura academica en la fo - Maria Ines Corte Vitoria.pdf, p. 13; La escritura academica en la fo - Maria Ines Corte Vitoria.pdf, p. 137; La escritura academica en la fo - Maria Ines Corte Vitoria.pdf, p. 15; La escritura academica en la fo - Maria Ines Corte Vitoria.pdf, p. 38; La escritura academica en la fo - Maria Ines Corte Vitoria.pdf, p. 39; La escritura academica en la fo - Maria Ines Corte Vitoria.pdf, p. 52; La escritura academica en la fo - Maria Ines Corte Vitoria.pdf, p. 92; Taller de lectura y redaccion_ - Leopoldo Ayala.pdf, p. 45; Taller de lectura y redaccion_ - Leopoldo Ayala.pdf, p. 80","La ficha presenta coincidencias útiles, pero conviene revisar la pertinencia de cada cita. Se agruparon referencias de múltiples fuentes para enriquecer el concepto. Hay 7 referencia(s) de baja similitud que podrían introducir ruido."
1,Comunicación digital,media,0.1905,0.0869,Escritura academica. De la teor - Juan Antonio Nunez Cortes.pdf,pdf,p. 20,20,0.081,tfidf=0.0510; bonus=0.0300,"Estas se pueden incluir, en general, en cuatro grandes estrategias: análisis de la situación de comunicación, planificación, redacción o textualización y revisión. En cuanto al análisis de la situación de comunicación, o problema retórico para Flower y Hayes, algunas de las habilidades consideradas son: poder formular con pocas palabras el objetivo de una comunicación escrita, tener en cuenta que el lector del texto tiene unas características concretas y reflexionar sobre lo que se quiere decir.",Escritura_academica__De_la_teor___Juan_Antonio_Nunez_Cortes_1a16d092a9_b0020_f001,D:\Documentos\LaTEX\Template-Informe\UnADM\redaccion-en-contextos-virtuales\referencias-redaccion-en-contextos-virtuales\libros-redaccion-en-contextos-virtuales\Escritura academica. De la teor - Juan Antonio Nunez Cortes.pdf,"Escritura academica. De la teor - Juan Antonio Nunez Cortes.pdf, p. 10; Escritura academica. De la teor - Juan Antonio Nunez Cortes.pdf, p. 12; Escritura academica. De la teor - Juan Antonio Nunez Cortes.pdf, p. 130; Escritura academica. De la teor - Juan Antonio Nunez Cortes.pdf, p. 20; La escritura academica en la fo - Maria Ines Corte Vitoria.pdf, p. 109; La escritura academica en la fo - Maria Ines Corte Vitoria.pdf, p. 110; La escritura academica en la fo - Maria Ines Corte Vitoria.pdf, p. 13; La escritura academica en la fo - Maria Ines Corte Vitoria.pdf, p. 137; La escritura academica en la fo - Maria Ines Corte Vitoria.pdf, p. 15; La escritura academica en la fo - Maria Ines Corte Vitoria.pdf, p. 38; La escritura academica en la fo - Maria Ines Corte Vitoria.pdf, p. 39; La escritura academica en la fo - Maria Ines Corte Vitoria.pdf, p. 52; La escritura academica en la fo - Maria Ines Corte Vitoria.pdf, p. 92; Taller de lectura y redaccion_ - Leopoldo Ayala.pdf, p. 45; Taller de lectura y redaccion_ - Leopoldo Ayala.pdf, p. 80","La ficha presenta coincidencias útiles, pero conviene revisar la pertinencia de cada cita. Se agruparon referencias de múltiples fuentes para enriquecer el concepto. Hay 7 referencia(s) de baja similitud que podrían introducir ruido."
1,Comunicación digital,media,0.1905,0.0869,Taller de lectura y redaccion_ - Leopoldo Ayala.pdf,pdf,p. 80,80,0.0726,tfidf=0.0626; bonus=0.0100,"Si queremos decir cómo deseamos que se eduquen nuestros niños, debemos decir sin vacilación: ¡Queremos que se eduquen en el espíritu del Che! Si queremos un modelo de hombre, un modelo de hombre que no pertenece a este tiempo, un modelo de hombre que pertenece a los tiempos futuros, de corazón digo que ese modelo, sin una sola mancha en su conducta, sin una sola mancha en su actitud, sin una sola mancha en su actuación: ¡Ese modelo es el Che! Si queremos saber cómo deseamos que sean nuestros hijos, debemos decir con todo el corazón de vehementes revolu- cionarios: ¡Queremos que sean como el Che!",Taller_de_lectura_y_redaccion____Leopoldo_Ayala_c5996d4dd8_b0080_f002,D:\Documentos\LaTEX\Template-Informe\UnADM\redaccion-en-contextos-virtuales\referencias-redaccion-en-contextos-virtuales\libros-redaccion-en-contextos-virtuales\Taller de lectura y redaccion_ - Leopoldo Ayala.pdf,"Escritura academica. De la teor - Juan Antonio Nunez Cortes.pdf, p. 10; Escritura academica. De la teor - Juan Antonio Nunez Cortes.pdf, p. 12; Escritura academica. De la teor - Juan Antonio Nunez Cortes.pdf, p. 130; Escritura academica. De la teor - Juan Antonio Nunez Cortes.pdf, p. 20; La escritura academica en la fo - Maria Ines Corte Vitoria.pdf, p. 109; La escritura academica en la fo - Maria Ines Corte Vitoria.pdf, p. 110; La escritura academica en la fo - Maria Ines Corte Vitoria.pdf, p. 13; La escritura academica en la fo - Maria Ines Corte Vitoria.pdf, p. 137; La escritura academica en la fo - Maria Ines Corte Vitoria.pdf, p. 15; La escritura academica en la fo - Maria Ines Corte Vitoria.pdf, p. 38; La escritura academica en la fo - Maria Ines Corte Vitoria.pdf, p. 39; La escritura academica en la fo - Maria Ines Corte Vitoria.pdf, p. 52; La escritura academica en la fo - Maria Ines Corte Vitoria.pdf, p. 92; Taller de lectura y redaccion_ - Leopoldo Ayala.pdf, p. 45; Taller de lectura y redaccion_ - Leopoldo Ayala.pdf, p. 80","La ficha presenta coincidencias útiles, pero conviene revisar la pertinencia de cada cita. Se agruparon referencias de múltiples fuentes para enriquecer el concepto. Hay 7 referencia(s) de baja similitud que podrían introducir ruido."
1,Comunicación digital,media,0.1905,0.0869,La escritura academica en la fo - Maria Ines Corte Vitoria.pdf,pdf,p. 137,137,0.0666,tfidf=0.0566; bonus=0.0100,3. La escritura académica como comunicación. La importancia de un cierto distanciamiento entre la escritura y el estudiante.,La_escritura_academica_en_la_fo___Maria_Ines_Corte_Vitoria_b72aa8e231_b0137_f001,D:\Documentos\LaTEX\Template-Informe\UnADM\redaccion-en-contextos-virtuales\referencias-redaccion-en-contextos-virtuales\libros-redaccion-en-contextos-virtuales\La escritura academica en la fo - Maria Ines Corte Vitoria.pdf,"Escritura academica. De la teor - Juan Antonio Nunez Cortes.pdf, p. 10; Escritura academica. De la teor - Juan Antonio Nunez Cortes.pdf, p. 12; Escritura academica. De la teor - Juan Antonio Nunez Cortes.pdf, p. 130; Escritura academica. De la teor - Juan Antonio Nunez Cortes.pdf, p. 20; La escritura academica en la fo - Maria Ines Corte Vitoria.pdf, p. 109; La escritura academica en la fo - Maria Ines Corte Vitoria.pdf, p. 110; La escritura academica en la fo - Maria Ines Corte Vitoria.pdf, p. 13; La escritura academica en la fo - Maria Ines Corte Vitoria.pdf, p. 137; La escritura academica en la fo - Maria Ines Corte Vitoria.pdf, p. 15; La escritura academica en la fo - Maria Ines Corte Vitoria.pdf, p. 38; La escritura academica en la fo - Maria Ines Corte Vitoria.pdf, p. 39; La escritura academica en la fo - Maria Ines Corte Vitoria.pdf, p. 52; La escritura academica en la fo - Maria Ines Corte Vitoria.pdf, p. 92; Taller de lectura y redaccion_ - Leopoldo Ayala.pdf, p. 45; Taller de lectura y redaccion_ - Leopoldo Ayala.pdf, p. 80","La ficha presenta coincidencias útiles, pero conviene revisar la pertinencia de cada cita. Se agruparon referencias de múltiples fuentes para enriquecer el concepto. Hay 7 referencia(s) de baja similitud que podrían introducir ruido."
1,Comunicación digital,media,0.1905,0.0869,La escritura academica en la fo - Maria Ines Corte Vitoria.pdf,pdf,p. 110,110,0.0661,tfidf=0.0561; bonus=0.0100,actividad y generar un espacio virtual de comunicación e interacción de un alto interés para audiencias diversas. El mundo entero cabe en un blog.,La_escritura_academica_en_la_fo___Maria_Ines_Corte_Vitoria_b72aa8e231_b0110_f001,D:\Documentos\LaTEX\Template-Informe\UnADM\redaccion-en-contextos-virtuales\referencias-redaccion-en-contextos-virtuales\libros-redaccion-en-contextos-virtuales\La escritura academica en la fo - Maria Ines Corte Vitoria.pdf,"Escritura academica. De la teor - Juan Antonio Nunez Cortes.pdf, p. 10; Escritura academica. De la teor - Juan Antonio Nunez Cortes.pdf, p. 12; Escritura academica. De la teor - Juan Antonio Nunez Cortes.pdf, p. 130; Escritura academica. De la teor - Juan Antonio Nunez Cortes.pdf, p. 20; La escritura academica en la fo - Maria Ines Corte Vitoria.pdf, p. 109; La escritura academica en la fo - Maria Ines Corte Vitoria.pdf, p. 110; La escritura academica en la fo - Maria Ines Corte Vitoria.pdf, p. 13; La escritura academica en la fo - Maria Ines Corte Vitoria.pdf, p. 137; La escritura academica en la fo - Maria Ines Corte Vitoria.pdf, p. 15; La escritura academica en la fo - Maria Ines Corte Vitoria.pdf, p. 38; La escritura academica en la fo - Maria Ines Corte Vitoria.pdf, p. 39; La escritura academica en la fo - Maria Ines Corte Vitoria.pdf, p. 52; La escritura academica en la fo - Maria Ines Corte Vitoria.pdf, p. 92; Taller de lectura y redaccion_ - Leopoldo Ayala.pdf, p. 45; Taller de lectura y redaccion_ - Leopoldo Ayala.pdf, p. 80","La ficha presenta coincidencias útiles, pero conviene revisar la pertinencia de cada cita. Se agruparon referencias de múltiples fuentes para enriquecer el concepto. Hay 7 referencia(s) de baja similitud que podrían introducir ruido."
1,Comunicación digital,media,0.1905,0.0869,Escritura academica. De la teor - Juan Antonio Nunez Cortes.pdf,pdf,p. 20,20,0.0635,tfidf=0.0535; bonus=0.0100,"A partir de estos procesos, se han propuesto una serie de estrategias o habilidades de la expresión escrita que todo estudiante universitario ha de tener en cuenta (Cassany, Luna y Sanz, 1994; Prado, 2004). Estas se pueden incluir, en general, en cuatro grandes estrategias: análisis de la situación de comunicación, planificación, redacción o textualización y revisión.",Escritura_academica__De_la_teor___Juan_Antonio_Nunez_Cortes_1a16d092a9_b0020_f001,D:\Documentos\LaTEX\Template-Informe\UnADM\redaccion-en-contextos-virtuales\referencias-redaccion-en-contextos-virtuales\libros-redaccion-en-contextos-virtuales\Escritura academica. De la teor - Juan Antonio Nunez Cortes.pdf,"Escritura academica. De la teor - Juan Antonio Nunez Cortes.pdf, p. 10; Escritura academica. De la teor - Juan Antonio Nunez Cortes.pdf, p. 12; Escritura academica. De la teor - Juan Antonio Nunez Cortes.pdf, p. 130; Escritura academica. De la teor - Juan Antonio Nunez Cortes.pdf, p. 20; La escritura academica en la fo - Maria Ines Corte Vitoria.pdf, p. 109; La escritura academica en la fo - Maria Ines Corte Vitoria.pdf, p. 110; La escritura academica en la fo - Maria Ines Corte Vitoria.pdf, p. 13; La escritura academica en la fo - Maria Ines Corte Vitoria.pdf, p. 137; La escritura academica en la fo - Maria Ines Corte Vitoria.pdf, p. 15; La escritura academica en la fo - Maria Ines Corte Vitoria.pdf, p. 38; La escritura academica en la fo - Maria Ines Corte Vitoria.pdf, p. 39; La escritura academica en la fo - Maria Ines Corte Vitoria.pdf, p. 52; La escritura academica en la fo - Maria Ines Corte Vitoria.pdf, p. 92; Taller de lectura y redaccion_ - Leopoldo Ayala.pdf, p. 45; Taller de lectura y redaccion_ - Leopoldo Ayala.pdf, p. 80","La ficha presenta coincidencias útiles, pero conviene revisar la pertinencia de cada cita. Se agruparon referencias de múltiples fuentes para enriquecer el concepto. Hay 7 referencia(s) de baja similitud que podrían introducir ruido."
1,Comunicación digital,media,0.1905,0.0869,La escritura academica en la fo - Maria Ines Corte Vitoria.pdf,pdf,p. 13,13,0.0628,tfidf=0.0428; bonus=0.0200,"Por tanto, se trata de ofrecer al estudiante universitario recursos variados y polivalentes de escritura académica, evitando modelos pre- establecidos de escritura y ofreciéndole posibilidades diferenciadas de elaboración de sus escritos académicos. Se trata, también, de revisar algunos conceptos basados en teorías tradicionales (que priorizan la eficacia y la organización) para contraponerlos a los conceptos que se amparan en teorías críticas (que insisten en la reflexión y en la emancipación). Incluso habríamos de pensar en agregar a esa reflexión los enfoques que resaltan la importancia de la significación en la construcción del discurso.",La_escritura_academica_en_la_fo___Maria_Ines_Corte_Vitoria_b72aa8e231_b0013_f001,D:\Documentos\LaTEX\Template-Informe\UnADM\redaccion-en-contextos-virtuales\referencias-redaccion-en-contextos-virtuales\libros-redaccion-en-contextos-virtuales\La escritura academica en la fo - Maria Ines Corte Vitoria.pdf,"Escritura academica. De la teor - Juan Antonio Nunez Cortes.pdf, p. 10; Escritura academica. De la teor - Juan Antonio Nunez Cortes.pdf, p. 12; Escritura academica. De la teor - Juan Antonio Nunez Cortes.pdf, p. 130; Escritura academica. De la teor - Juan Antonio Nunez Cortes.pdf, p. 20; La escritura academica en la fo - Maria Ines Corte Vitoria.pdf, p. 109; La escritura academica en la fo - Maria Ines Corte Vitoria.pdf, p. 110; La escritura academica en la fo - Maria Ines Corte Vitoria.pdf, p. 13; La escritura academica en la fo - Maria Ines Corte Vitoria.pdf, p. 137; La escritura academica en la fo - Maria Ines Corte Vitoria.pdf, p. 15; La escritura academica en la fo - Maria Ines Corte Vitoria.pdf, p. 38; La escritura academica en la fo - Maria Ines Corte Vitoria.pdf, p. 39; La escritura academica en la fo - Maria Ines Corte Vitoria.pdf, p. 52; La escritura academica en la fo - Maria Ines Corte Vitoria.pdf, p. 92; Taller de lectura y redaccion_ - Leopoldo Ayala.pdf, p. 45; Taller de lectura y redaccion_ - Leopoldo Ayala.pdf, p. 80","La ficha presenta coincidencias útiles, pero conviene revisar la pertinencia de cada cita. Se agruparon referencias de múltiples fuentes para enriquecer el concepto. Hay 7 referencia(s) de baja similitud que podrían introducir ruido."
1,Comunicación digital,media,0.1905,0.0869,Taller de lectura y redaccion_ - Leopoldo Ayala.pdf,pdf,p. 45,45,0.0601,tfidf=0.0501; bonus=0.0100,"LECTURA EN VOZ ALTA En la expresión escrita participa el mundo del que escribe. La expresión es participación, comunicación, y con mayor razón aún la expresión escrita de la lengua literaria. El narrador, el poeta, utilizan como puente para la comunicación su arte escrito, y lo hacen manifestándose a los demás con la responsabilidad y el auténtico sentido humano, que les permite el tratar de comprender a los otros y haberse comprendido a sí mismos.",Taller_de_lectura_y_redaccion____Leopoldo_Ayala_c5996d4dd8_b0045_f001,D:\Documentos\LaTEX\Template-Informe\UnADM\redaccion-en-contextos-virtuales\referencias-redaccion-en-contextos-virtuales\libros-redaccion-en-contextos-virtuales\Taller de lectura y redaccion_ - Leopoldo Ayala.pdf,"Escritura academica. De la teor - Juan Antonio Nunez Cortes.pdf, p. 10; Escritura academica. De la teor - Juan Antonio Nunez Cortes.pdf, p. 12; Escritura academica. De la teor - Juan Antonio Nunez Cortes.pdf, p. 130; Escritura academica. De la teor - Juan Antonio Nunez Cortes.pdf, p. 20; La escritura academica en la fo - Maria Ines Corte Vitoria.pdf, p. 109; La escritura academica en la fo - Maria Ines Corte Vitoria.pdf, p. 110; La escritura academica en la fo - Maria Ines Corte Vitoria.pdf, p. 13; La escritura academica en la fo - Maria Ines Corte Vitoria.pdf, p. 137; La escritura academica en la fo - Maria Ines Corte Vitoria.pdf, p. 15; La escritura academica en la fo - Maria Ines Corte Vitoria.pdf, p. 38; La escritura academica en la fo - Maria Ines Corte Vitoria.pdf, p. 39; La escritura academica en la fo - Maria Ines Corte Vitoria.pdf, p. 52; La escritura academica en la fo - Maria Ines Corte Vitoria.pdf, p. 92; Taller de lectura y redaccion_ - Leopoldo Ayala.pdf, p. 45; Taller de lectura y redaccion_ - Leopoldo Ayala.pdf, p. 80","La ficha presenta coincidencias útiles, pero conviene revisar la pertinencia de cada cita. Se agruparon referencias de múltiples fuentes para enriquecer el concepto. Hay 7 referencia(s) de baja similitud que podrían introducir ruido."
1,Comunicación digital,media,0.1905,0.0869,La escritura academica en la fo - Maria Ines Corte Vitoria.pdf,pdf,p. 39,39,0.0599,tfidf=0.0499; bonus=0.0100,"y eso la hace estable, de autor reconocible, identificable consigo misma. La escritura digital pertenece a la cultura Windows, es fácilmente modificable, de autoría difusa, casi coral (las ideas se solapan con las de otros autores, hay creaciones colectivas como la Wikipedia), e hipertextual (con textos que incluyen links a otros textos). Estas diferencias afectan, también, al contenido de lo que se escribe.",La_escritura_academica_en_la_fo___Maria_Ines_Corte_Vitoria_b72aa8e231_b0039_f001,D:\Documentos\LaTEX\Template-Informe\UnADM\redaccion-en-contextos-virtuales\referencias-redaccion-en-contextos-virtuales\libros-redaccion-en-contextos-virtuales\La escritura academica en la fo - Maria Ines Corte Vitoria.pdf,"Escritura academica. De la teor - Juan Antonio Nunez Cortes.pdf, p. 10; Escritura academica. De la teor - Juan Antonio Nunez Cortes.pdf, p. 12; Escritura academica. De la teor - Juan Antonio Nunez Cortes.pdf, p. 130; Escritura academica. De la teor - Juan Antonio Nunez Cortes.pdf, p. 20; La escritura academica en la fo - Maria Ines Corte Vitoria.pdf, p. 109; La escritura academica en la fo - Maria Ines Corte Vitoria.pdf, p. 110; La escritura academica en la fo - Maria Ines Corte Vitoria.pdf, p. 13; La escritura academica en la fo - Maria Ines Corte Vitoria.pdf, p. 137; La escritura academica en la fo - Maria Ines Corte Vitoria.pdf, p. 15; La escritura academica en la fo - Maria Ines Corte Vitoria.pdf, p. 38; La escritura academica en la fo - Maria Ines Corte Vitoria.pdf, p. 39; La escritura academica en la fo - Maria Ines Corte Vitoria.pdf, p. 52; La escritura academica en la fo - Maria Ines Corte Vitoria.pdf, p. 92; Taller de lectura y redaccion_ - Leopoldo Ayala.pdf, p. 45; Taller de lectura y redaccion_ - Leopoldo Ayala.pdf, p. 80","La ficha presenta coincidencias útiles, pero conviene revisar la pertinencia de cada cita. Se agruparon referencias de múltiples fuentes para enriquecer el concepto. Hay 7 referencia(s) de baja similitud que podrían introducir ruido."
2,Redacción académica,media,0.2436,0.1118,Escritura academica. De la teor - Juan Antonio Nunez Cortes.pdf,pdf,p. 16,16,0.2436,tfidf=0.2236; bonus=0.0200,"concretas de producir, interpretar y poner en circulación los discursos (Arnoux, 2009). Estas formas particulares —entendidas como conjuntos de enunciados producidos a partir de determinadas actividades humanas— son los géneros discursivos (Bajtin, 1998). Esto supone que las personas, al participar en diferentes ámbitos de la actividad humana, conozcan y utilicen diversos géneros discursivos.",Escritura_academica__De_la_teor___Juan_Antonio_Nunez_Cortes_1a16d092a9_b0016_f001,D:\Documentos\LaTEX\Template-Informe\UnADM\redaccion-en-contextos-virtuales\referencias-redaccion-en-contextos-virtuales\libros-redaccion-en-contextos-virtuales\Escritura academica. De la teor - Juan Antonio Nunez Cortes.pdf,"Escritura academica. De la teor - Juan Antonio Nunez Cortes.pdf, p. 10; Escritura academica. De la teor - Juan Antonio Nunez Cortes.pdf, p. 115; Escritura academica. De la teor - Juan Antonio Nunez Cortes.pdf, p. 12; Escritura academica. De la teor - Juan Antonio Nunez Cortes.pdf, p. 128; Escritura academica. De la teor - Juan Antonio Nunez Cortes.pdf, p. 13; Escritura academica. De la teor - Juan Antonio Nunez Cortes.pdf, p. 15; Escritura academica. De la teor - Juan Antonio Nunez Cortes.pdf, p. 16; Escritura academica. De la teor - Juan Antonio Nunez Cortes.pdf, p. 27; Escritura academica. De la teor - Juan Antonio Nunez Cortes.pdf, p. 3; Escritura academica. De la teor - Juan Antonio Nunez Cortes.pdf, p. 5; Escritura academica. De la teor - Juan Antonio Nunez Cortes.pdf, p. 6; Escritura academica. De la teor - Juan Antonio Nunez Cortes.pdf, p. 73; Escritura academica. De la teor - Juan Antonio Nunez Cortes.pdf, p. 74; La escritura academica en la fo - Maria Ines Corte Vitoria.pdf, p. 127; La escritura academica en la fo - Maria Ines Corte Vitoria.pdf, p. 137; La escritura academica en la fo - Maria Ines Corte Vitoria.pdf, p. 20; La escritura academica en la fo - Maria Ines Corte Vitoria.pdf, p. 32; La escritura academica en la fo - Maria Ines Corte Vitoria.pdf, p. 49; La escritura academica en la fo - Maria Ines Corte Vitoria.pdf, p. 52; La escritura academica en la fo - Maria Ines Corte Vitoria.pdf, p. 55; La escritura academica en la fo - Maria Ines Corte Vitoria.pdf, p. 56; La escritura academica en la fo - Maria Ines Corte Vitoria.pdf, p. 85; La escritura academica en la fo - Maria Ines Corte Vitoria.pdf, p. 86; La escritura academica en la fo - Maria Ines Corte Vitoria.pdf, p. 91; La escritura academica en la fo - Maria Ines Corte Vitoria.pdf, p. 94; Taller de lectura y redaccion_ - Leopoldo Ayala.pdf, p. 174","La ficha presenta coincidencias útiles, pero conviene revisar la pertinencia de cada cita. Se agruparon referencias de múltiples fuentes para enriquecer el concepto. Hay 3 referencia(s) de baja similitud que podrían introducir ruido."
2,Redacción académica,media,0.2436,0.1118,Escritura academica. De la teor - Juan Antonio Nunez Cortes.pdf,pdf,p. 13,13,0.1775,tfidf=0.1375; bonus=0.0400,"1 Escribir en la universidad JUAN A. NÚÑEZ CORTÉS 1.1. ¿QUÉ ES LA ALFABETIZACIÓN ACADÉMICA?1 En las últimas décadas se ha generalizado el uso del término alfabetización en diferentes campos del conocimiento a través de expresiones tales como alfabetización científica, económica o informática, entre otras. En estos campos, se asocia a un conocimiento general y a un proceso de sensibilización en relación con nuevos saberes.",Escritura_academica__De_la_teor___Juan_Antonio_Nunez_Cortes_1a16d092a9_b0013_f001,D:\Documentos\LaTEX\Template-Informe\UnADM\redaccion-en-contextos-virtuales\referencias-redaccion-en-contextos-virtuales\libros-redaccion-en-contextos-virtuales\Escritura academica. De la teor - Juan Antonio Nunez Cortes.pdf,"Escritura academica. De la teor - Juan Antonio Nunez Cortes.pdf, p. 10; Escritura academica. De la teor - Juan Antonio Nunez Cortes.pdf, p. 115; Escritura academica. De la teor - Juan Antonio Nunez Cortes.pdf, p. 12; Escritura academica. De la teor - Juan Antonio Nunez Cortes.pdf, p. 128; Escritura academica. De la teor - Juan Antonio Nunez Cortes.pdf, p. 13; Escritura academica. De la teor - Juan Antonio Nunez Cortes.pdf, p. 15; Escritura academica. De la teor - Juan Antonio Nunez Cortes.pdf, p. 16; Escritura academica. De la teor - Juan Antonio Nunez Cortes.pdf, p. 27; Escritura academica. De la teor - Juan Antonio Nunez Cortes.pdf, p. 3; Escritura academica. De la teor - Juan Antonio Nunez Cortes.pdf, p. 5; Escritura academica. De la teor - Juan Antonio Nunez Cortes.pdf, p. 6; Escritura academica. De la teor - Juan Antonio Nunez Cortes.pdf, p. 73; Escritura academica. De la teor - Juan Antonio Nunez Cortes.pdf, p. 74; La escritura academica en la fo - Maria Ines Corte Vitoria.pdf, p. 127; La escritura academica en la fo - Maria Ines Corte Vitoria.pdf, p. 137; La escritura academica en la fo - Maria Ines Corte Vitoria.pdf, p. 20; La escritura academica en la fo - Maria Ines Corte Vitoria.pdf, p. 32; La escritura academica en la fo - Maria Ines Corte Vitoria.pdf, p. 49; La escritura academica en la fo - Maria Ines Corte Vitoria.pdf, p. 52; La escritura academica en la fo - Maria Ines Corte Vitoria.pdf, p. 55; La escritura academica en la fo - Maria Ines Corte Vitoria.pdf, p. 56; La escritura academica en la fo - Maria Ines Corte Vitoria.pdf, p. 85; La escritura academica en la fo - Maria Ines Corte Vitoria.pdf, p. 86; La escritura academica en la fo - Maria Ines Corte Vitoria.pdf, p. 91; La escritura academica en la fo - Maria Ines Corte Vitoria.pdf, p. 94; Taller de lectura y redaccion_ - Leopoldo Ayala.pdf, p. 174","La ficha presenta coincidencias útiles, pero conviene revisar la pertinencia de cada cita. Se agruparon referencias de múltiples fuentes para enriquecer el concepto. Hay 3 referencia(s) de baja similitud que podrían introducir ruido."
2,Redacción académica,media,0.2436,0.1118,Escritura academica. De la teor - Juan Antonio Nunez Cortes.pdf,pdf,p. 12,12,0.1747,tfidf=0.1347; bonus=0.0400,"El tercer capítulo, Los géneros discursivos académicos, presenta algunos de los géneros más frecuentes producidos por los estudiantes en la universidad, a saber: la reseña, el resumen, la monografía y el examen escrito. En cada uno de los apartados se da información sobre las características principales de estos géneros, su estructura o sus propiedades lingüístico-discursivas.",Escritura_academica__De_la_teor___Juan_Antonio_Nunez_Cortes_1a16d092a9_b0012_f001,D:\Documentos\LaTEX\Template-Informe\UnADM\redaccion-en-contextos-virtuales\referencias-redaccion-en-contextos-virtuales\libros-redaccion-en-contextos-virtuales\Escritura academica. De la teor - Juan Antonio Nunez Cortes.pdf,"Escritura academica. De la teor - Juan Antonio Nunez Cortes.pdf, p. 10; Escritura academica. De la teor - Juan Antonio Nunez Cortes.pdf, p. 115; Escritura academica. De la teor - Juan Antonio Nunez Cortes.pdf, p. 12; Escritura academica. De la teor - Juan Antonio Nunez Cortes.pdf, p. 128; Escritura academica. De la teor - Juan Antonio Nunez Cortes.pdf, p. 13; Escritura academica. De la teor - Juan Antonio Nunez Cortes.pdf, p. 15; Escritura academica. De la teor - Juan Antonio Nunez Cortes.pdf, p. 16; Escritura academica. De la teor - Juan Antonio Nunez Cortes.pdf, p. 27; Escritura academica. De la teor - Juan Antonio Nunez Cortes.pdf, p. 3; Escritura academica. De la teor - Juan Antonio Nunez Cortes.pdf, p. 5; Escritura academica. De la teor - Juan Antonio Nunez Cortes.pdf, p. 6; Escritura academica. De la teor - Juan Antonio Nunez Cortes.pdf, p. 73; Escritura academica. De la teor - Juan Antonio Nunez Cortes.pdf, p. 74; La escritura academica en la fo - Maria Ines Corte Vitoria.pdf, p. 127; La escritura academica en la fo - Maria Ines Corte Vitoria.pdf, p. 137; La escritura academica en la fo - Maria Ines Corte Vitoria.pdf, p. 20; La escritura academica en la fo - Maria Ines Corte Vitoria.pdf, p. 32; La escritura academica en la fo - Maria Ines Corte Vitoria.pdf, p. 49; La escritura academica en la fo - Maria Ines Corte Vitoria.pdf, p. 52; La escritura academica en la fo - Maria Ines Corte Vitoria.pdf, p. 55; La escritura academica en la fo - Maria Ines Corte Vitoria.pdf, p. 56; La escritura academica en la fo - Maria Ines Corte Vitoria.pdf, p. 85; La escritura academica en la fo - Maria Ines Corte Vitoria.pdf, p. 86; La escritura academica en la fo - Maria Ines Corte Vitoria.pdf, p. 91; La escritura academica en la fo - Maria Ines Corte Vitoria.pdf, p. 94; Taller de lectura y redaccion_ - Leopoldo Ayala.pdf, p. 174","La ficha presenta coincidencias útiles, pero conviene revisar la pertinencia de cada cita. Se agruparon referencias de múltiples fuentes para enriquecer el concepto. Hay 3 referencia(s) de baja similitud que podrían introducir ruido."
2,Redacción académica,media,0.2436,0.1118,Escritura academica. De la teor - Juan Antonio Nunez Cortes.pdf,pdf,p. 73,73,0.1642,tfidf=0.1342; bonus=0.0300,3 Los géneros discursivos académicos CECILIA E. MUSE Y DARÍO D.,Escritura_academica__De_la_teor___Juan_Antonio_Nunez_Cortes_1a16d092a9_b0073_f001,D:\Documentos\LaTEX\Template-Informe\UnADM\redaccion-en-contextos-virtuales\referencias-redaccion-en-contextos-virtuales\libros-redaccion-en-contextos-virtuales\Escritura academica. De la teor - Juan Antonio Nunez Cortes.pdf,"Escritura academica. De la teor - Juan Antonio Nunez Cortes.pdf, p. 10; Escritura academica. De la teor - Juan Antonio Nunez Cortes.pdf, p. 115; Escritura academica. De la teor - Juan Antonio Nunez Cortes.pdf, p. 12; Escritura academica. De la teor - Juan Antonio Nunez Cortes.pdf, p. 128; Escritura academica. De la teor - Juan Antonio Nunez Cortes.pdf, p. 13; Escritura academica. De la teor - Juan Antonio Nunez Cortes.pdf, p. 15; Escritura academica. De la teor - Juan Antonio Nunez Cortes.pdf, p. 16; Escritura academica. De la teor - Juan Antonio Nunez Cortes.pdf, p. 27; Escritura academica. De la teor - Juan Antonio Nunez Cortes.pdf, p. 3; Escritura academica. De la teor - Juan Antonio Nunez Cortes.pdf, p. 5; Escritura academica. De la teor - Juan Antonio Nunez Cortes.pdf, p. 6; Escritura academica. De la teor - Juan Antonio Nunez Cortes.pdf, p. 73; Escritura academica. De la teor - Juan Antonio Nunez Cortes.pdf, p. 74; La escritura academica en la fo - Maria Ines Corte Vitoria.pdf, p. 127; La escritura academica en la fo - Maria Ines Corte Vitoria.pdf, p. 137; La escritura academica en la fo - Maria Ines Corte Vitoria.pdf, p. 20; La escritura academica en la fo - Maria Ines Corte Vitoria.pdf, p. 32; La escritura academica en la fo - Maria Ines Corte Vitoria.pdf, p. 49; La escritura academica en la fo - Maria Ines Corte Vitoria.pdf, p. 52; La escritura academica en la fo - Maria Ines Corte Vitoria.pdf, p. 55; La escritura academica en la fo - Maria Ines Corte Vitoria.pdf, p. 56; La escritura academica en la fo - Maria Ines Corte Vitoria.pdf, p. 85; La escritura academica en la fo - Maria Ines Corte Vitoria.pdf, p. 86; La escritura academica en la fo - Maria Ines Corte Vitoria.pdf, p. 91; La escritura academica en la fo - Maria Ines Corte Vitoria.pdf, p. 94; Taller de lectura y redaccion_ - Leopoldo Ayala.pdf, p. 174","La ficha presenta coincidencias útiles, pero conviene revisar la pertinencia de cada cita. Se agruparon referencias de múltiples fuentes para enriquecer el concepto. Hay 3 referencia(s) de baja similitud que podrían introducir ruido."
2,Redacción académica,media,0.2436,0.1118,Escritura academica. De la teor - Juan Antonio Nunez Cortes.pdf,pdf,p. 27,27,0.1471,tfidf=0.1071; bonus=0.0400,"Carlino, P. (2003). Alfabetización académica: Un cambio necesario, algunas alternativas posibles. Educere, 6(20), 409-420. — (2005).",Escritura_academica__De_la_teor___Juan_Antonio_Nunez_Cortes_1a16d092a9_b0027_f001,D:\Documentos\LaTEX\Template-Informe\UnADM\redaccion-en-contextos-virtuales\referencias-redaccion-en-contextos-virtuales\libros-redaccion-en-contextos-virtuales\Escritura academica. De la teor - Juan Antonio Nunez Cortes.pdf,"Escritura academica. De la teor - Juan Antonio Nunez Cortes.pdf, p. 10; Escritura academica. De la teor - Juan Antonio Nunez Cortes.pdf, p. 115; Escritura academica. De la teor - Juan Antonio Nunez Cortes.pdf, p. 12; Escritura academica. De la teor - Juan Antonio Nunez Cortes.pdf, p. 128; Escritura academica. De la teor - Juan Antonio Nunez Cortes.pdf, p. 13; Escritura academica. De la teor - Juan Antonio Nunez Cortes.pdf, p. 15; Escritura academica. De la teor - Juan Antonio Nunez Cortes.pdf, p. 16; Escritura academica. De la teor - Juan Antonio Nunez Cortes.pdf, p. 27; Escritura academica. De la teor - Juan Antonio Nunez Cortes.pdf, p. 3; Escritura academica. De la teor - Juan Antonio Nunez Cortes.pdf, p. 5; Escritura academica. De la teor - Juan Antonio Nunez Cortes.pdf, p. 6; Escritura academica. De la teor - Juan Antonio Nunez Cortes.pdf, p. 73; Escritura academica. De la teor - Juan Antonio Nunez Cortes.pdf, p. 74; La escritura academica en la fo - Maria Ines Corte Vitoria.pdf, p. 127; La escritura academica en la fo - Maria Ines Corte Vitoria.pdf, p. 137; La escritura academica en la fo - Maria Ines Corte Vitoria.pdf, p. 20; La escritura academica en la fo - Maria Ines Corte Vitoria.pdf, p. 32; La escritura academica en la fo - Maria Ines Corte Vitoria.pdf, p. 49; La escritura academica en la fo - Maria Ines Corte Vitoria.pdf, p. 52; La escritura academica en la fo - Maria Ines Corte Vitoria.pdf, p. 55; La escritura academica en la fo - Maria Ines Corte Vitoria.pdf, p. 56; La escritura academica en la fo - Maria Ines Corte Vitoria.pdf, p. 85; La escritura academica en la fo - Maria Ines Corte Vitoria.pdf, p. 86; La escritura academica en la fo - Maria Ines Corte Vitoria.pdf, p. 91; La escritura academica en la fo - Maria Ines Corte Vitoria.pdf, p. 94; Taller de lectura y redaccion_ - Leopoldo Ayala.pdf, p. 174","La ficha presenta coincidencias útiles, pero conviene revisar la pertinencia de cada cita. Se agruparon referencias de múltiples fuentes para enriquecer el concepto. Hay 3 referencia(s) de baja similitud que podrían introducir ruido."
2,Redacción académica,media,0.2436,0.1118,La escritura academica en la fo - Maria Ines Corte Vitoria.pdf,pdf,p. 55,55,0.1401,tfidf=0.1001; bonus=0.0400,"propedéutica, porque familiariza a los estudiantes con la cultura y la jerga propias de su profesión, mecanismo de identificación que les será requerido para poder integrarse en ella. La escritura académica como alfabetización científica Según el INEP (Instituto Nacional de Estudos e Pesquisas Educacionais Anísio Teixeira) (s.f.), la alfabetización científica confiere a los educandos la capacidad de articular los conceptos científicos para comprender y resolver situaciones problemáticas del mundo natural, para reconocer cuestiones científicas haciendo uso de las evidencias, para sacar conclusiones con bases científicas y para saber comunicarlas.",La_escritura_academica_en_la_fo___Maria_Ines_Corte_Vitoria_b72aa8e231_b0055_f001,D:\Documentos\LaTEX\Template-Informe\UnADM\redaccion-en-contextos-virtuales\referencias-redaccion-en-contextos-virtuales\libros-redaccion-en-contextos-virtuales\La escritura academica en la fo - Maria Ines Corte Vitoria.pdf,"Escritura academica. De la teor - Juan Antonio Nunez Cortes.pdf, p. 10; Escritura academica. De la teor - Juan Antonio Nunez Cortes.pdf, p. 115; Escritura academica. De la teor - Juan Antonio Nunez Cortes.pdf, p. 12; Escritura academica. De la teor - Juan Antonio Nunez Cortes.pdf, p. 128; Escritura academica. De la teor - Juan Antonio Nunez Cortes.pdf, p. 13; Escritura academica. De la teor - Juan Antonio Nunez Cortes.pdf, p. 15; Escritura academica. De la teor - Juan Antonio Nunez Cortes.pdf, p. 16; Escritura academica. De la teor - Juan Antonio Nunez Cortes.pdf, p. 27; Escritura academica. De la teor - Juan Antonio Nunez Cortes.pdf, p. 3; Escritura academica. De la teor - Juan Antonio Nunez Cortes.pdf, p. 5; Escritura academica. De la teor - Juan Antonio Nunez Cortes.pdf, p. 6; Escritura academica. De la teor - Juan Antonio Nunez Cortes.pdf, p. 73; Escritura academica. De la teor - Juan Antonio Nunez Cortes.pdf, p. 74; La escritura academica en la fo - Maria Ines Corte Vitoria.pdf, p. 127; La escritura academica en la fo - Maria Ines Corte Vitoria.pdf, p. 137; La escritura academica en la fo - Maria Ines Corte Vitoria.pdf, p. 20; La escritura academica en la fo - Maria Ines Corte Vitoria.pdf, p. 32; La escritura academica en la fo - Maria Ines Corte Vitoria.pdf, p. 49; La escritura academica en la fo - Maria Ines Corte Vitoria.pdf, p. 52; La escritura academica en la fo - Maria Ines Corte Vitoria.pdf, p. 55; La escritura academica en la fo - Maria Ines Corte Vitoria.pdf, p. 56; La escritura academica en la fo - Maria Ines Corte Vitoria.pdf, p. 85; La escritura academica en la fo - Maria Ines Corte Vitoria.pdf, p. 86; La escritura academica en la fo - Maria Ines Corte Vitoria.pdf, p. 91; La escritura academica en la fo - Maria Ines Corte Vitoria.pdf, p. 94; Taller de lectura y redaccion_ - Leopoldo Ayala.pdf, p. 174","La ficha presenta coincidencias útiles, pero conviene revisar la pertinencia de cada cita. Se agruparon referencias de múltiples fuentes para enriquecer el concepto. Hay 3 referencia(s) de baja similitud que podrían introducir ruido."
2,Redacción académica,media,0.2436,0.1118,La escritura academica en la fo - Maria Ines Corte Vitoria.pdf,pdf,p. 85,85,0.1368,tfidf=0.0968; bonus=0.0400,"Pese a los problemas que esa variedad de géneros puede ocasionar, para nuestros estudiantes y para nosotros como docentes es importante que su acceso a la escritura no se quede encasillado en los géneros más propiamente académicos. Aunque pudiera parecer una contradicción, la escritura académica debería llevar a nuestros estudiantes a géneros discursivos no académicos. Desde esta perspectiva, casi podría decirse que al ingresar en la universidad, la escritura se despersonaliza y se convierte en tarea hecha con objetivos académicos; se escribe para los docentes que nos lo exigen.",La_escritura_academica_en_la_fo___Maria_Ines_Corte_Vitoria_b72aa8e231_b0085_f003,D:\Documentos\LaTEX\Template-Informe\UnADM\redaccion-en-contextos-virtuales\referencias-redaccion-en-contextos-virtuales\libros-redaccion-en-contextos-virtuales\La escritura academica en la fo - Maria Ines Corte Vitoria.pdf,"Escritura academica. De la teor - Juan Antonio Nunez Cortes.pdf, p. 10; Escritura academica. De la teor - Juan Antonio Nunez Cortes.pdf, p. 115; Escritura academica. De la teor - Juan Antonio Nunez Cortes.pdf, p. 12; Escritura academica. De la teor - Juan Antonio Nunez Cortes.pdf, p. 128; Escritura academica. De la teor - Juan Antonio Nunez Cortes.pdf, p. 13; Escritura academica. De la teor - Juan Antonio Nunez Cortes.pdf, p. 15; Escritura academica. De la teor - Juan Antonio Nunez Cortes.pdf, p. 16; Escritura academica. De la teor - Juan Antonio Nunez Cortes.pdf, p. 27; Escritura academica. De la teor - Juan Antonio Nunez Cortes.pdf, p. 3; Escritura academica. De la teor - Juan Antonio Nunez Cortes.pdf, p. 5; Escritura academica. De la teor - Juan Antonio Nunez Cortes.pdf, p. 6; Escritura academica. De la teor - Juan Antonio Nunez Cortes.pdf, p. 73; Escritura academica. De la teor - Juan Antonio Nunez Cortes.pdf, p. 74; La escritura academica en la fo - Maria Ines Corte Vitoria.pdf, p. 127; La escritura academica en la fo - Maria Ines Corte Vitoria.pdf, p. 137; La escritura academica en la fo - Maria Ines Corte Vitoria.pdf, p. 20; La escritura academica en la fo - Maria Ines Corte Vitoria.pdf, p. 32; La escritura academica en la fo - Maria Ines Corte Vitoria.pdf, p. 49; La escritura academica en la fo - Maria Ines Corte Vitoria.pdf, p. 52; La escritura academica en la fo - Maria Ines Corte Vitoria.pdf, p. 55; La escritura academica en la fo - Maria Ines Corte Vitoria.pdf, p. 56; La escritura academica en la fo - Maria Ines Corte Vitoria.pdf, p. 85; La escritura academica en la fo - Maria Ines Corte Vitoria.pdf, p. 86; La escritura academica en la fo - Maria Ines Corte Vitoria.pdf, p. 91; La escritura academica en la fo - Maria Ines Corte Vitoria.pdf, p. 94; Taller de lectura y redaccion_ - Leopoldo Ayala.pdf, p. 174","La ficha presenta coincidencias útiles, pero conviene revisar la pertinencia de cada cita. Se agruparon referencias de múltiples fuentes para enriquecer el concepto. Hay 3 referencia(s) de baja similitud que podrían introducir ruido."
2,Redacción académica,media,0.2436,0.1118,Escritura academica. De la teor - Juan Antonio Nunez Cortes.pdf,pdf,p. 115,115,0.1214,tfidf=0.0814; bonus=0.0400,"A diferencia de las ciencias inductivas como la medicina (en la cual se considera un número muy amplio de casos particulares para llegar a una generalización), el ejemplo persuade, pero no demuestra, ya que se toman uno o muy pocos casos particulares. Actividad 8 (Descargar o imprimir) En el siguiente párrafo del texto escrito por Diego Griffon se utiliza el ejemplo como técnica argumentativa. Identifique cuál/es es/son el/los caso/s particular/res y cuál la generalización a la que se quiere llegar.",Escritura_academica__De_la_teor___Juan_Antonio_Nunez_Cortes_1a16d092a9_b0115_f001,D:\Documentos\LaTEX\Template-Informe\UnADM\redaccion-en-contextos-virtuales\referencias-redaccion-en-contextos-virtuales\libros-redaccion-en-contextos-virtuales\Escritura academica. De la teor - Juan Antonio Nunez Cortes.pdf,"Escritura academica. De la teor - Juan Antonio Nunez Cortes.pdf, p. 10; Escritura academica. De la teor - Juan Antonio Nunez Cortes.pdf, p. 115; Escritura academica. De la teor - Juan Antonio Nunez Cortes.pdf, p. 12; Escritura academica. De la teor - Juan Antonio Nunez Cortes.pdf, p. 128; Escritura academica. De la teor - Juan Antonio Nunez Cortes.pdf, p. 13; Escritura academica. De la teor - Juan Antonio Nunez Cortes.pdf, p. 15; Escritura academica. De la teor - Juan Antonio Nunez Cortes.pdf, p. 16; Escritura academica. De la teor - Juan Antonio Nunez Cortes.pdf, p. 27; Escritura academica. De la teor - Juan Antonio Nunez Cortes.pdf, p. 3; Escritura academica. De la teor - Juan Antonio Nunez Cortes.pdf, p. 5; Escritura academica. De la teor - Juan Antonio Nunez Cortes.pdf, p. 6; Escritura academica. De la teor - Juan Antonio Nunez Cortes.pdf, p. 73; Escritura academica. De la teor - Juan Antonio Nunez Cortes.pdf, p. 74; La escritura academica en la fo - Maria Ines Corte Vitoria.pdf, p. 127; La escritura academica en la fo - Maria Ines Corte Vitoria.pdf, p. 137; La escritura academica en la fo - Maria Ines Corte Vitoria.pdf, p. 20; La escritura academica en la fo - Maria Ines Corte Vitoria.pdf, p. 32; La escritura academica en la fo - Maria Ines Corte Vitoria.pdf, p. 49; La escritura academica en la fo - Maria Ines Corte Vitoria.pdf, p. 52; La escritura academica en la fo - Maria Ines Corte Vitoria.pdf, p. 55; La escritura academica en la fo - Maria Ines Corte Vitoria.pdf, p. 56; La escritura academica en la fo - Maria Ines Corte Vitoria.pdf, p. 85; La escritura academica en la fo - Maria Ines Corte Vitoria.pdf, p. 86; La escritura academica en la fo - Maria Ines Corte Vitoria.pdf, p. 91; La escritura academica en la fo - Maria Ines Corte Vitoria.pdf, p. 94; Taller de lectura y redaccion_ - Leopoldo Ayala.pdf, p. 174","La ficha presenta coincidencias útiles, pero conviene revisar la pertinencia de cada cita. Se agruparon referencias de múltiples fuentes para enriquecer el concepto. Hay 3 referencia(s) de baja similitud que podrían introducir ruido."
2,Redacción académica,media,0.2436,0.1118,Escritura academica. De la teor - Juan Antonio Nunez Cortes.pdf,pdf,p. 6,6,0.1201,tfidf=0.1001; bonus=0.0200,El entimema o razonamiento deductivo retórico 5.6.4. El ejemplo como técnica argumentativa 5.6.5. El uso de las preguntas retóricas en la argumentación 5.6.6.,Escritura_academica__De_la_teor___Juan_Antonio_Nunez_Cortes_1a16d092a9_b0006_f001,D:\Documentos\LaTEX\Template-Informe\UnADM\redaccion-en-contextos-virtuales\referencias-redaccion-en-contextos-virtuales\libros-redaccion-en-contextos-virtuales\Escritura academica. De la teor - Juan Antonio Nunez Cortes.pdf,"Escritura academica. De la teor - Juan Antonio Nunez Cortes.pdf, p. 10; Escritura academica. De la teor - Juan Antonio Nunez Cortes.pdf, p. 115; Escritura academica. De la teor - Juan Antonio Nunez Cortes.pdf, p. 12; Escritura academica. De la teor - Juan Antonio Nunez Cortes.pdf, p. 128; Escritura academica. De la teor - Juan Antonio Nunez Cortes.pdf, p. 13; Escritura academica. De la teor - Juan Antonio Nunez Cortes.pdf, p. 15; Escritura academica. De la teor - Juan Antonio Nunez Cortes.pdf, p. 16; Escritura academica. De la teor - Juan Antonio Nunez Cortes.pdf, p. 27; Escritura academica. De la teor - Juan Antonio Nunez Cortes.pdf, p. 3; Escritura academica. De la teor - Juan Antonio Nunez Cortes.pdf, p. 5; Escritura academica. De la teor - Juan Antonio Nunez Cortes.pdf, p. 6; Escritura academica. De la teor - Juan Antonio Nunez Cortes.pdf, p. 73; Escritura academica. De la teor - Juan Antonio Nunez Cortes.pdf, p. 74; La escritura academica en la fo - Maria Ines Corte Vitoria.pdf, p. 127; La escritura academica en la fo - Maria Ines Corte Vitoria.pdf, p. 137; La escritura academica en la fo - Maria Ines Corte Vitoria.pdf, p. 20; La escritura academica en la fo - Maria Ines Corte Vitoria.pdf, p. 32; La escritura academica en la fo - Maria Ines Corte Vitoria.pdf, p. 49; La escritura academica en la fo - Maria Ines Corte Vitoria.pdf, p. 52; La escritura academica en la fo - Maria Ines Corte Vitoria.pdf, p. 55; La escritura academica en la fo - Maria Ines Corte Vitoria.pdf, p. 56; La escritura academica en la fo - Maria Ines Corte Vitoria.pdf, p. 85; La escritura academica en la fo - Maria Ines Corte Vitoria.pdf, p. 86; La escritura academica en la fo - Maria Ines Corte Vitoria.pdf, p. 91; La escritura academica en la fo - Maria Ines Corte Vitoria.pdf, p. 94; Taller de lectura y redaccion_ - Leopoldo Ayala.pdf, p. 174","La ficha presenta coincidencias útiles, pero conviene revisar la pertinencia de cada cita. Se agruparon referencias de múltiples fuentes para enriquecer el concepto. Hay 3 referencia(s) de baja similitud que podrían introducir ruido."
2,Redacción académica,media,0.2436,0.1118,Escritura academica. De la teor - Juan Antonio Nunez Cortes.pdf,pdf,p. 128,128,0.1051,tfidf=0.0851; bonus=0.0200,"Desarrollo del contenido temático de la obra → párrafos 5, 6 y 7. d. Estructura general → párrafo 5. 3.",Escritura_academica__De_la_teor___Juan_Antonio_Nunez_Cortes_1a16d092a9_b0128_f001,D:\Documentos\LaTEX\Template-Informe\UnADM\redaccion-en-contextos-virtuales\referencias-redaccion-en-contextos-virtuales\libros-redaccion-en-contextos-virtuales\Escritura academica. De la teor - Juan Antonio Nunez Cortes.pdf,"Escritura academica. De la teor - Juan Antonio Nunez Cortes.pdf, p. 10; Escritura academica. De la teor - Juan Antonio Nunez Cortes.pdf, p. 115; Escritura academica. De la teor - Juan Antonio Nunez Cortes.pdf, p. 12; Escritura academica. De la teor - Juan Antonio Nunez Cortes.pdf, p. 128; Escritura academica. De la teor - Juan Antonio Nunez Cortes.pdf, p. 13; Escritura academica. De la teor - Juan Antonio Nunez Cortes.pdf, p. 15; Escritura academica. De la teor - Juan Antonio Nunez Cortes.pdf, p. 16; Escritura academica. De la teor - Juan Antonio Nunez Cortes.pdf, p. 27; Escritura academica. De la teor - Juan Antonio Nunez Cortes.pdf, p. 3; Escritura academica. De la teor - Juan Antonio Nunez Cortes.pdf, p. 5; Escritura academica. De la teor - Juan Antonio Nunez Cortes.pdf, p. 6; Escritura academica. De la teor - Juan Antonio Nunez Cortes.pdf, p. 73; Escritura academica. De la teor - Juan Antonio Nunez Cortes.pdf, p. 74; La escritura academica en la fo - Maria Ines Corte Vitoria.pdf, p. 127; La escritura academica en la fo - Maria Ines Corte Vitoria.pdf, p. 137; La escritura academica en la fo - Maria Ines Corte Vitoria.pdf, p. 20; La escritura academica en la fo - Maria Ines Corte Vitoria.pdf, p. 32; La escritura academica en la fo - Maria Ines Corte Vitoria.pdf, p. 49; La escritura academica en la fo - Maria Ines Corte Vitoria.pdf, p. 52; La escritura academica en la fo - Maria Ines Corte Vitoria.pdf, p. 55; La escritura academica en la fo - Maria Ines Corte Vitoria.pdf, p. 56; La escritura academica en la fo - Maria Ines Corte Vitoria.pdf, p. 85; La escritura academica en la fo - Maria Ines Corte Vitoria.pdf, p. 86; La escritura academica en la fo - Maria Ines Corte Vitoria.pdf, p. 91; La escritura academica en la fo - Maria Ines Corte Vitoria.pdf, p. 94; Taller de lectura y redaccion_ - Leopoldo Ayala.pdf, p. 174","La ficha presenta coincidencias útiles, pero conviene revisar la pertinencia de cada cita. Se agruparon referencias de múltiples fuentes para enriquecer el concepto. Hay 3 referencia(s) de baja similitud que podrían introducir ruido."
2,Redacción académica,media,0.2436,0.1118,Taller de lectura y redaccion_ - Leopoldo Ayala.pdf,pdf,p. 174,174,0.1039,tfidf=0.0739; bonus=0.0300,TALLER DE LECTURA Y REDACCIÓN 174 ANÁLISIS LITERARIO Para entender algo es necesario analizarlo. Para comprender la obra literaria es necesario realizar un análisis literario.,Taller_de_lectura_y_redaccion____Leopoldo_Ayala_c5996d4dd8_b0174_f001,D:\Documentos\LaTEX\Template-Informe\UnADM\redaccion-en-contextos-virtuales\referencias-redaccion-en-contextos-virtuales\libros-redaccion-en-contextos-virtuales\Taller de lectura y redaccion_ - Leopoldo Ayala.pdf,"Escritura academica. De la teor - Juan Antonio Nunez Cortes.pdf, p. 10; Escritura academica. De la teor - Juan Antonio Nunez Cortes.pdf, p. 115; Escritura academica. De la teor - Juan Antonio Nunez Cortes.pdf, p. 12; Escritura academica. De la teor - Juan Antonio Nunez Cortes.pdf, p. 128; Escritura academica. De la teor - Juan Antonio Nunez Cortes.pdf, p. 13; Escritura academica. De la teor - Juan Antonio Nunez Cortes.pdf, p. 15; Escritura academica. De la teor - Juan Antonio Nunez Cortes.pdf, p. 16; Escritura academica. De la teor - Juan Antonio Nunez Cortes.pdf, p. 27; Escritura academica. De la teor - Juan Antonio Nunez Cortes.pdf, p. 3; Escritura academica. De la teor - Juan Antonio Nunez Cortes.pdf, p. 5; Escritura academica. De la teor - Juan Antonio Nunez Cortes.pdf, p. 6; Escritura academica. De la teor - Juan Antonio Nunez Cortes.pdf, p. 73; Escritura academica. De la teor - Juan Antonio Nunez Cortes.pdf, p. 74; La escritura academica en la fo - Maria Ines Corte Vitoria.pdf, p. 127; La escritura academica en la fo - Maria Ines Corte Vitoria.pdf, p. 137; La escritura academica en la fo - Maria Ines Corte Vitoria.pdf, p. 20; La escritura academica en la fo - Maria Ines Corte Vitoria.pdf, p. 32; La escritura academica en la fo - Maria Ines Corte Vitoria.pdf, p. 49; La escritura academica en la fo - Maria Ines Corte Vitoria.pdf, p. 52; La escritura academica en la fo - Maria Ines Corte Vitoria.pdf, p. 55; La escritura academica en la fo - Maria Ines Corte Vitoria.pdf, p. 56; La escritura academica en la fo - Maria Ines Corte Vitoria.pdf, p. 85; La escritura academica en la fo - Maria Ines Corte Vitoria.pdf, p. 86; La escritura academica en la fo - Maria Ines Corte Vitoria.pdf, p. 91; La escritura academica en la fo - Maria Ines Corte Vitoria.pdf, p. 94; Taller de lectura y redaccion_ - Leopoldo Ayala.pdf, p. 174","La ficha presenta coincidencias útiles, pero conviene revisar la pertinencia de cada cita. Se agruparon referencias de múltiples fuentes para enriquecer el concepto. Hay 3 referencia(s) de baja similitud que podrían introducir ruido."
2,Redacción académica,media,0.2436,0.1118,La escritura academica en la fo - Maria Ines Corte Vitoria.pdf,pdf,p. 127,127,0.0994,tfidf=0.0694; bonus=0.0300,"Consideraciones finales Al finalizar el análisis de los cinco países del cono sur americano, y tomando prestadas las palabras de escritores latinoamericanos que me marcaron por diferentes razones y en diferentes tiempos, me propuse mapear las limitaciones y las potencialidades evidenciadas en la escritura académica de los Trabajos Final de Grado de los países de mi entorno. He partido de dos principios básicos que caracterizan la escritura académica: su compromiso por producir y difundir conocimiento.",La_escritura_academica_en_la_fo___Maria_Ines_Corte_Vitoria_b72aa8e231_b0127_f002,D:\Documentos\LaTEX\Template-Informe\UnADM\redaccion-en-contextos-virtuales\referencias-redaccion-en-contextos-virtuales\libros-redaccion-en-contextos-virtuales\La escritura academica en la fo - Maria Ines Corte Vitoria.pdf,"Escritura academica. De la teor - Juan Antonio Nunez Cortes.pdf, p. 10; Escritura academica. De la teor - Juan Antonio Nunez Cortes.pdf, p. 115; Escritura academica. De la teor - Juan Antonio Nunez Cortes.pdf, p. 12; Escritura academica. De la teor - Juan Antonio Nunez Cortes.pdf, p. 128; Escritura academica. De la teor - Juan Antonio Nunez Cortes.pdf, p. 13; Escritura academica. De la teor - Juan Antonio Nunez Cortes.pdf, p. 15; Escritura academica. De la teor - Juan Antonio Nunez Cortes.pdf, p. 16; Escritura academica. De la teor - Juan Antonio Nunez Cortes.pdf, p. 27; Escritura academica. De la teor - Juan Antonio Nunez Cortes.pdf, p. 3; Escritura academica. De la teor - Juan Antonio Nunez Cortes.pdf, p. 5; Escritura academica. De la teor - Juan Antonio Nunez Cortes.pdf, p. 6; Escritura academica. De la teor - Juan Antonio Nunez Cortes.pdf, p. 73; Escritura academica. De la teor - Juan Antonio Nunez Cortes.pdf, p. 74; La escritura academica en la fo - Maria Ines Corte Vitoria.pdf, p. 127; La escritura academica en la fo - Maria Ines Corte Vitoria.pdf, p. 137; La escritura academica en la fo - Maria Ines Corte Vitoria.pdf, p. 20; La escritura academica en la fo - Maria Ines Corte Vitoria.pdf, p. 32; La escritura academica en la fo - Maria Ines Corte Vitoria.pdf, p. 49; La escritura academica en la fo - Maria Ines Corte Vitoria.pdf, p. 52; La escritura academica en la fo - Maria Ines Corte Vitoria.pdf, p. 55; La escritura academica en la fo - Maria Ines Corte Vitoria.pdf, p. 56; La escritura academica en la fo - Maria Ines Corte Vitoria.pdf, p. 85; La escritura academica en la fo - Maria Ines Corte Vitoria.pdf, p. 86; La escritura academica en la fo - Maria Ines Corte Vitoria.pdf, p. 91; La escritura academica en la fo - Maria Ines Corte Vitoria.pdf, p. 94; Taller de lectura y redaccion_ - Leopoldo Ayala.pdf, p. 174","La ficha presenta coincidencias útiles, pero conviene revisar la pertinencia de cada cita. Se agruparon referencias de múltiples fuentes para enriquecer el concepto. Hay 3 referencia(s) de baja similitud que podrían introducir ruido."
2,Redacción académica,media,0.2436,0.1118,La escritura academica en la fo - Maria Ines Corte Vitoria.pdf,pdf,p. 20,20,0.0988,tfidf=0.0788; bonus=0.0200,"I De la escritura como cultura a la escritura como competencia La redacción escrita es una de las tareas fundamentales del trabajo universitario y, en general, del trabajo en instituciones académicas de todo tipo: universidades, laboratorios, institutos de investigación y escuelas superiores de formación. Docentes e investigadores, tanto los que empiezan su trayectoria en la vida académica como aquellos que ya han logrado posiciones más destacadas, dedican muchas horas (una gran parte de la jornada académica y, con frecuencia, mucho más) a escribir (y a leer).",La_escritura_academica_en_la_fo___Maria_Ines_Corte_Vitoria_b72aa8e231_b0020_f001,D:\Documentos\LaTEX\Template-Informe\UnADM\redaccion-en-contextos-virtuales\referencias-redaccion-en-contextos-virtuales\libros-redaccion-en-contextos-virtuales\La escritura academica en la fo - Maria Ines Corte Vitoria.pdf,"Escritura academica. De la teor - Juan Antonio Nunez Cortes.pdf, p. 10; Escritura academica. De la teor - Juan Antonio Nunez Cortes.pdf, p. 115; Escritura academica. De la teor - Juan Antonio Nunez Cortes.pdf, p. 12; Escritura academica. De la teor - Juan Antonio Nunez Cortes.pdf, p. 128; Escritura academica. De la teor - Juan Antonio Nunez Cortes.pdf, p. 13; Escritura academica. De la teor - Juan Antonio Nunez Cortes.pdf, p. 15; Escritura academica. De la teor - Juan Antonio Nunez Cortes.pdf, p. 16; Escritura academica. De la teor - Juan Antonio Nunez Cortes.pdf, p. 27; Escritura academica. De la teor - Juan Antonio Nunez Cortes.pdf, p. 3; Escritura academica. De la teor - Juan Antonio Nunez Cortes.pdf, p. 5; Escritura academica. De la teor - Juan Antonio Nunez Cortes.pdf, p. 6; Escritura academica. De la teor - Juan Antonio Nunez Cortes.pdf, p. 73; Escritura academica. De la teor - Juan Antonio Nunez Cortes.pdf, p. 74; La escritura academica en la fo - Maria Ines Corte Vitoria.pdf, p. 127; La escritura academica en la fo - Maria Ines Corte Vitoria.pdf, p. 137; La escritura academica en la fo - Maria Ines Corte Vitoria.pdf, p. 20; La escritura academica en la fo - Maria Ines Corte Vitoria.pdf, p. 32; La escritura academica en la fo - Maria Ines Corte Vitoria.pdf, p. 49; La escritura academica en la fo - Maria Ines Corte Vitoria.pdf, p. 52; La escritura academica en la fo - Maria Ines Corte Vitoria.pdf, p. 55; La escritura academica en la fo - Maria Ines Corte Vitoria.pdf, p. 56; La escritura academica en la fo - Maria Ines Corte Vitoria.pdf, p. 85; La escritura academica en la fo - Maria Ines Corte Vitoria.pdf, p. 86; La escritura academica en la fo - Maria Ines Corte Vitoria.pdf, p. 91; La escritura academica en la fo - Maria Ines Corte Vitoria.pdf, p. 94; Taller de lectura y redaccion_ - Leopoldo Ayala.pdf, p. 174","La ficha presenta coincidencias útiles, pero conviene revisar la pertinencia de cada cita. Se agruparon referencias de múltiples fuentes para enriquecer el concepto. Hay 3 referencia(s) de baja similitud que podrían introducir ruido."
2,Redacción académica,media,0.2436,0.1118,La escritura academica en la fo - Maria Ines Corte Vitoria.pdf,pdf,p. 94,94,0.0981,tfidf=0.0581; bonus=0.0400,"En nuestro caso, la hemos incorporado al estudio de la enseñanza de la escritura académica porque nos ha parecido una propuesta imaginativa y que nos permite abordar de manera adecuada las exigencias que el desarrollo de la competencia expresiva nos plantea en los diferentes estadios de la formación universitaria. La metáfora de las coreografías tiene la ventaja de que permite conectar de manera clara los componentes de la enseñanza (coreografías externas) con el proceso mental que los estudiantes utilizan para aprender (coreografía interna).",La_escritura_academica_en_la_fo___Maria_Ines_Corte_Vitoria_b72aa8e231_b0094_f002,D:\Documentos\LaTEX\Template-Informe\UnADM\redaccion-en-contextos-virtuales\referencias-redaccion-en-contextos-virtuales\libros-redaccion-en-contextos-virtuales\La escritura academica en la fo - Maria Ines Corte Vitoria.pdf,"Escritura academica. De la teor - Juan Antonio Nunez Cortes.pdf, p. 10; Escritura academica. De la teor - Juan Antonio Nunez Cortes.pdf, p. 115; Escritura academica. De la teor - Juan Antonio Nunez Cortes.pdf, p. 12; Escritura academica. De la teor - Juan Antonio Nunez Cortes.pdf, p. 128; Escritura academica. De la teor - Juan Antonio Nunez Cortes.pdf, p. 13; Escritura academica. De la teor - Juan Antonio Nunez Cortes.pdf, p. 15; Escritura academica. De la teor - Juan Antonio Nunez Cortes.pdf, p. 16; Escritura academica. De la teor - Juan Antonio Nunez Cortes.pdf, p. 27; Escritura academica. De la teor - Juan Antonio Nunez Cortes.pdf, p. 3; Escritura academica. De la teor - Juan Antonio Nunez Cortes.pdf, p. 5; Escritura academica. De la teor - Juan Antonio Nunez Cortes.pdf, p. 6; Escritura academica. De la teor - Juan Antonio Nunez Cortes.pdf, p. 73; Escritura academica. De la teor - Juan Antonio Nunez Cortes.pdf, p. 74; La escritura academica en la fo - Maria Ines Corte Vitoria.pdf, p. 127; La escritura academica en la fo - Maria Ines Corte Vitoria.pdf, p. 137; La escritura academica en la fo - Maria Ines Corte Vitoria.pdf, p. 20; La escritura academica en la fo - Maria Ines Corte Vitoria.pdf, p. 32; La escritura academica en la fo - Maria Ines Corte Vitoria.pdf, p. 49; La escritura academica en la fo - Maria Ines Corte Vitoria.pdf, p. 52; La escritura academica en la fo - Maria Ines Corte Vitoria.pdf, p. 55; La escritura academica en la fo - Maria Ines Corte Vitoria.pdf, p. 56; La escritura academica en la fo - Maria Ines Corte Vitoria.pdf, p. 85; La escritura academica en la fo - Maria Ines Corte Vitoria.pdf, p. 86; La escritura academica en la fo - Maria Ines Corte Vitoria.pdf, p. 91; La escritura academica en la fo - Maria Ines Corte Vitoria.pdf, p. 94; Taller de lectura y redaccion_ - Leopoldo Ayala.pdf, p. 174","La ficha presenta coincidencias útiles, pero conviene revisar la pertinencia de cada cita. Se agruparon referencias de múltiples fuentes para enriquecer el concepto. Hay 3 referencia(s) de baja similitud que podrían introducir ruido."
2,Redacción académica,media,0.2436,0.1118,La escritura academica en la fo - Maria Ines Corte Vitoria.pdf,pdf,p. 91,91,0.0979,tfidf=0.0579; bonus=0.0400,"Presentar a los estudiantes las fases que se han de seguir en la elaboración de un texto y enfatizar aquellas en las que se han detectado deficiencias. Promover estrategias de autocontrol, autorrefuerzo y/o autorregulación para mejorar el control consciente del acto de escritura. • • La escritura como praxis académica La idea de praxis resulta muy estimulante en el desarrollo y mejora de la enseñanza universitaria. Praxis es acción (y, en ese sentido, se refiere a la escritura como proceso práctico), pero praxis es mejora, voluntad y compromiso de cambio y transformación de lo que se hace.",La_escritura_academica_en_la_fo___Maria_Ines_Corte_Vitoria_b72aa8e231_b0091_f003,D:\Documentos\LaTEX\Template-Informe\UnADM\redaccion-en-contextos-virtuales\referencias-redaccion-en-contextos-virtuales\libros-redaccion-en-contextos-virtuales\La escritura academica en la fo - Maria Ines Corte Vitoria.pdf,"Escritura academica. De la teor - Juan Antonio Nunez Cortes.pdf, p. 10; Escritura academica. De la teor - Juan Antonio Nunez Cortes.pdf, p. 115; Escritura academica. De la teor - Juan Antonio Nunez Cortes.pdf, p. 12; Escritura academica. De la teor - Juan Antonio Nunez Cortes.pdf, p. 128; Escritura academica. De la teor - Juan Antonio Nunez Cortes.pdf, p. 13; Escritura academica. De la teor - Juan Antonio Nunez Cortes.pdf, p. 15; Escritura academica. De la teor - Juan Antonio Nunez Cortes.pdf, p. 16; Escritura academica. De la teor - Juan Antonio Nunez Cortes.pdf, p. 27; Escritura academica. De la teor - Juan Antonio Nunez Cortes.pdf, p. 3; Escritura academica. De la teor - Juan Antonio Nunez Cortes.pdf, p. 5; Escritura academica. De la teor - Juan Antonio Nunez Cortes.pdf, p. 6; Escritura academica. De la teor - Juan Antonio Nunez Cortes.pdf, p. 73; Escritura academica. De la teor - Juan Antonio Nunez Cortes.pdf, p. 74; La escritura academica en la fo - Maria Ines Corte Vitoria.pdf, p. 127; La escritura academica en la fo - Maria Ines Corte Vitoria.pdf, p. 137; La escritura academica en la fo - Maria Ines Corte Vitoria.pdf, p. 20; La escritura academica en la fo - Maria Ines Corte Vitoria.pdf, p. 32; La escritura academica en la fo - Maria Ines Corte Vitoria.pdf, p. 49; La escritura academica en la fo - Maria Ines Corte Vitoria.pdf, p. 52; La escritura academica en la fo - Maria Ines Corte Vitoria.pdf, p. 55; La escritura academica en la fo - Maria Ines Corte Vitoria.pdf, p. 56; La escritura academica en la fo - Maria Ines Corte Vitoria.pdf, p. 85; La escritura academica en la fo - Maria Ines Corte Vitoria.pdf, p. 86; La escritura academica en la fo - Maria Ines Corte Vitoria.pdf, p. 91; La escritura academica en la fo - Maria Ines Corte Vitoria.pdf, p. 94; Taller de lectura y redaccion_ - Leopoldo Ayala.pdf, p. 174","La ficha presenta coincidencias útiles, pero conviene revisar la pertinencia de cada cita. Se agruparon referencias de múltiples fuentes para enriquecer el concepto. Hay 3 referencia(s) de baja similitud que podrían introducir ruido."
2,Redacción académica,media,0.2436,0.1118,Escritura academica. De la teor - Juan Antonio Nunez Cortes.pdf,pdf,p. 10,10,0.0968,tfidf=0.0568; bonus=0.0400,"Pese a que es común la idea de que los estudiantes ingresan en los estudios superiores con un déficit en esta competencia, los problemas y dificultades de comunicación que tienen y a los que se enfrentan no solo se deben a estas carencias. Como se señala en los dos primeros epígrafes de este libro, de Miguel de Cervantes y de la nobel Wislawa Szymborska, y parafraseándolos, en la universidad —negro sobre blanco, rigen otras leyes—, es decir, los textos que leen y escriben los estudiantes tienen características particulares que difieren, en ocasiones, de aquellos con los que ya estaban familiarizados.",Escritura_academica__De_la_teor___Juan_Antonio_Nunez_Cortes_1a16d092a9_b0010_f002,D:\Documentos\LaTEX\Template-Informe\UnADM\redaccion-en-contextos-virtuales\referencias-redaccion-en-contextos-virtuales\libros-redaccion-en-contextos-virtuales\Escritura academica. De la teor - Juan Antonio Nunez Cortes.pdf,"Escritura academica. De la teor - Juan Antonio Nunez Cortes.pdf, p. 10; Escritura academica. De la teor - Juan Antonio Nunez Cortes.pdf, p. 115; Escritura academica. De la teor - Juan Antonio Nunez Cortes.pdf, p. 12; Escritura academica. De la teor - Juan Antonio Nunez Cortes.pdf, p. 128; Escritura academica. De la teor - Juan Antonio Nunez Cortes.pdf, p. 13; Escritura academica. De la teor - Juan Antonio Nunez Cortes.pdf, p. 15; Escritura academica. De la teor - Juan Antonio Nunez Cortes.pdf, p. 16; Escritura academica. De la teor - Juan Antonio Nunez Cortes.pdf, p. 27; Escritura academica. De la teor - Juan Antonio Nunez Cortes.pdf, p. 3; Escritura academica. De la teor - Juan Antonio Nunez Cortes.pdf, p. 5; Escritura academica. De la teor - Juan Antonio Nunez Cortes.pdf, p. 6; Escritura academica. De la teor - Juan Antonio Nunez Cortes.pdf, p. 73; Escritura academica. De la teor - Juan Antonio Nunez Cortes.pdf, p. 74; La escritura academica en la fo - Maria Ines Corte Vitoria.pdf, p. 127; La escritura academica en la fo - Maria Ines Corte Vitoria.pdf, p. 137; La escritura academica en la fo - Maria Ines Corte Vitoria.pdf, p. 20; La escritura academica en la fo - Maria Ines Corte Vitoria.pdf, p. 32; La escritura academica en la fo - Maria Ines Corte Vitoria.pdf, p. 49; La escritura academica en la fo - Maria Ines Corte Vitoria.pdf, p. 52; La escritura academica en la fo - Maria Ines Corte Vitoria.pdf, p. 55; La escritura academica en la fo - Maria Ines Corte Vitoria.pdf, p. 56; La escritura academica en la fo - Maria Ines Corte Vitoria.pdf, p. 85; La escritura academica en la fo - Maria Ines Corte Vitoria.pdf, p. 86; La escritura academica en la fo - Maria Ines Corte Vitoria.pdf, p. 91; La escritura academica en la fo - Maria Ines Corte Vitoria.pdf, p. 94; Taller de lectura y redaccion_ - Leopoldo Ayala.pdf, p. 174","La ficha presenta coincidencias útiles, pero conviene revisar la pertinencia de cada cita. Se agruparon referencias de múltiples fuentes para enriquecer el concepto. Hay 3 referencia(s) de baja similitud que podrían introducir ruido."
2,Redacción académica,media,0.2436,0.1118,La escritura academica en la fo - Maria Ines Corte Vitoria.pdf,pdf,p. 127,127,0.0922,tfidf=0.0822; bonus=0.0100,"Escribir con excelencia ortográfica, sintaxis y estilo adecuados son problemas mencionados por los académicos, así como una buena estructuración lógico-argumentativa del texto. Cabe destacar que, a pesar de los problemas identificados en la escritura académica, las universidades uruguayas han puesto en marcha muchas iniciativas que traducen la preocupación institucional por la escritura académica en proyectos para desarrollar las competencias necesarias para mejorar el desempeño académico de los estudiantes.",La_escritura_academica_en_la_fo___Maria_Ines_Corte_Vitoria_b72aa8e231_b0127_f002,D:\Documentos\LaTEX\Template-Informe\UnADM\redaccion-en-contextos-virtuales\referencias-redaccion-en-contextos-virtuales\libros-redaccion-en-contextos-virtuales\La escritura academica en la fo - Maria Ines Corte Vitoria.pdf,"Escritura academica. De la teor - Juan Antonio Nunez Cortes.pdf, p. 10; Escritura academica. De la teor - Juan Antonio Nunez Cortes.pdf, p. 115; Escritura academica. De la teor - Juan Antonio Nunez Cortes.pdf, p. 12; Escritura academica. De la teor - Juan Antonio Nunez Cortes.pdf, p. 128; Escritura academica. De la teor - Juan Antonio Nunez Cortes.pdf, p. 13; Escritura academica. De la teor - Juan Antonio Nunez Cortes.pdf, p. 15; Escritura academica. De la teor - Juan Antonio Nunez Cortes.pdf, p. 16; Escritura academica. De la teor - Juan Antonio Nunez Cortes.pdf, p. 27; Escritura academica. De la teor - Juan Antonio Nunez Cortes.pdf, p. 3; Escritura academica. De la teor - Juan Antonio Nunez Cortes.pdf, p. 5; Escritura academica. De la teor - Juan Antonio Nunez Cortes.pdf, p. 6; Escritura academica. De la teor - Juan Antonio Nunez Cortes.pdf, p. 73; Escritura academica. De la teor - Juan Antonio Nunez Cortes.pdf, p. 74; La escritura academica en la fo - Maria Ines Corte Vitoria.pdf, p. 127; La escritura academica en la fo - Maria Ines Corte Vitoria.pdf, p. 137; La escritura academica en la fo - Maria Ines Corte Vitoria.pdf, p. 20; La escritura academica en la fo - Maria Ines Corte Vitoria.pdf, p. 32; La escritura academica en la fo - Maria Ines Corte Vitoria.pdf, p. 49; La escritura academica en la fo - Maria Ines Corte Vitoria.pdf, p. 52; La escritura academica en la fo - Maria Ines Corte Vitoria.pdf, p. 55; La escritura academica en la fo - Maria Ines Corte Vitoria.pdf, p. 56; La escritura academica en la fo - Maria Ines Corte Vitoria.pdf, p. 85; La escritura academica en la fo - Maria Ines Corte Vitoria.pdf, p. 86; La escritura academica en la fo - Maria Ines Corte Vitoria.pdf, p. 91; La escritura academica en la fo - Maria Ines Corte Vitoria.pdf, p. 94; Taller de lectura y redaccion_ - Leopoldo Ayala.pdf, p. 174","La ficha presenta coincidencias útiles, pero conviene revisar la pertinencia de cada cita. Se agruparon referencias de múltiples fuentes para enriquecer el concepto. Hay 3 referencia(s) de baja similitud que podrían introducir ruido."
2,Redacción académica,media,0.2436,0.1118,La escritura academica en la fo - Maria Ines Corte Vitoria.pdf,pdf,p. 137,137,0.0904,tfidf=0.0804; bonus=0.0100,3. La escritura académica como comunicación. La importancia de un cierto distanciamiento entre la escritura y el estudiante.,La_escritura_academica_en_la_fo___Maria_Ines_Corte_Vitoria_b72aa8e231_b0137_f001,D:\Documentos\LaTEX\Template-Informe\UnADM\redaccion-en-contextos-virtuales\referencias-redaccion-en-contextos-virtuales\libros-redaccion-en-contextos-virtuales\La escritura academica en la fo - Maria Ines Corte Vitoria.pdf,"Escritura academica. De la teor - Juan Antonio Nunez Cortes.pdf, p. 10; Escritura academica. De la teor - Juan Antonio Nunez Cortes.pdf, p. 115; Escritura academica. De la teor - Juan Antonio Nunez Cortes.pdf, p. 12; Escritura academica. De la teor - Juan Antonio Nunez Cortes.pdf, p. 128; Escritura academica. De la teor - Juan Antonio Nunez Cortes.pdf, p. 13; Escritura academica. De la teor - Juan Antonio Nunez Cortes.pdf, p. 15; Escritura academica. De la teor - Juan Antonio Nunez Cortes.pdf, p. 16; Escritura academica. De la teor - Juan Antonio Nunez Cortes.pdf, p. 27; Escritura academica. De la teor - Juan Antonio Nunez Cortes.pdf, p. 3; Escritura academica. De la teor - Juan Antonio Nunez Cortes.pdf, p. 5; Escritura academica. De la teor - Juan Antonio Nunez Cortes.pdf, p. 6; Escritura academica. De la teor - Juan Antonio Nunez Cortes.pdf, p. 73; Escritura academica. De la teor - Juan Antonio Nunez Cortes.pdf, p. 74; La escritura academica en la fo - Maria Ines Corte Vitoria.pdf, p. 127; La escritura academica en la fo - Maria Ines Corte Vitoria.pdf, p. 137; La escritura academica en la fo - Maria Ines Corte Vitoria.pdf, p. 20; La escritura academica en la fo - Maria Ines Corte Vitoria.pdf, p. 32; La escritura academica en la fo - Maria Ines Corte Vitoria.pdf, p. 49; La escritura academica en la fo - Maria Ines Corte Vitoria.pdf, p. 52; La escritura academica en la fo - Maria Ines Corte Vitoria.pdf, p. 55; La escritura academica en la fo - Maria Ines Corte Vitoria.pdf, p. 56; La escritura academica en la fo - Maria Ines Corte Vitoria.pdf, p. 85; La escritura academica en la fo - Maria Ines Corte Vitoria.pdf, p. 86; La escritura academica en la fo - Maria Ines Corte Vitoria.pdf, p. 91; La escritura academica en la fo - Maria Ines Corte Vitoria.pdf, p. 94; Taller de lectura y redaccion_ - Leopoldo Ayala.pdf, p. 174","La ficha presenta coincidencias útiles, pero conviene revisar la pertinencia de cada cita. Se agruparon referencias de múltiples fuentes para enriquecer el concepto. Hay 3 referencia(s) de baja similitud que podrían introducir ruido."
2,Redacción académica,media,0.2436,0.1118,La escritura academica en la fo - Maria Ines Corte Vitoria.pdf,pdf,p. 56,56,0.0903,tfidf=0.0503; bonus=0.0400,"A pesar de esto, el proceso por el cual se aprenden las prácticas discursivas de cada disciplina universitaria es arduo y conviene que esté mediado por alguna persona que tenga experiencia en la redacción de los textos de la especialidad y que conozca, de primera mano, los «vericuetos» de la publicación; algún docente o investigador que ya domine «ese adquirir, elaborar y comunicar el conocimiento de su ámbito específico» (Carlino, 2005). No existe disciplina universitaria que pueda (o deba) prescindir de la comunicación escrita.",La_escritura_academica_en_la_fo___Maria_Ines_Corte_Vitoria_b72aa8e231_b0056_f003,D:\Documentos\LaTEX\Template-Informe\UnADM\redaccion-en-contextos-virtuales\referencias-redaccion-en-contextos-virtuales\libros-redaccion-en-contextos-virtuales\La escritura academica en la fo - Maria Ines Corte Vitoria.pdf,"Escritura academica. De la teor - Juan Antonio Nunez Cortes.pdf, p. 10; Escritura academica. De la teor - Juan Antonio Nunez Cortes.pdf, p. 115; Escritura academica. De la teor - Juan Antonio Nunez Cortes.pdf, p. 12; Escritura academica. De la teor - Juan Antonio Nunez Cortes.pdf, p. 128; Escritura academica. De la teor - Juan Antonio Nunez Cortes.pdf, p. 13; Escritura academica. De la teor - Juan Antonio Nunez Cortes.pdf, p. 15; Escritura academica. De la teor - Juan Antonio Nunez Cortes.pdf, p. 16; Escritura academica. De la teor - Juan Antonio Nunez Cortes.pdf, p. 27; Escritura academica. De la teor - Juan Antonio Nunez Cortes.pdf, p. 3; Escritura academica. De la teor - Juan Antonio Nunez Cortes.pdf, p. 5; Escritura academica. De la teor - Juan Antonio Nunez Cortes.pdf, p. 6; Escritura academica. De la teor - Juan Antonio Nunez Cortes.pdf, p. 73; Escritura academica. De la teor - Juan Antonio Nunez Cortes.pdf, p. 74; La escritura academica en la fo - Maria Ines Corte Vitoria.pdf, p. 127; La escritura academica en la fo - Maria Ines Corte Vitoria.pdf, p. 137; La escritura academica en la fo - Maria Ines Corte Vitoria.pdf, p. 20; La escritura academica en la fo - Maria Ines Corte Vitoria.pdf, p. 32; La escritura academica en la fo - Maria Ines Corte Vitoria.pdf, p. 49; La escritura academica en la fo - Maria Ines Corte Vitoria.pdf, p. 52; La escritura academica en la fo - Maria Ines Corte Vitoria.pdf, p. 55; La escritura academica en la fo - Maria Ines Corte Vitoria.pdf, p. 56; La escritura academica en la fo - Maria Ines Corte Vitoria.pdf, p. 85; La escritura academica en la fo - Maria Ines Corte Vitoria.pdf, p. 86; La escritura academica en la fo - Maria Ines Corte Vitoria.pdf, p. 91; La escritura academica en la fo - Maria Ines Corte Vitoria.pdf, p. 94; Taller de lectura y redaccion_ - Leopoldo Ayala.pdf, p. 174","La ficha presenta coincidencias útiles, pero conviene revisar la pertinencia de cada cita. Se agruparon referencias de múltiples fuentes para enriquecer el concepto. Hay 3 referencia(s) de baja similitud que podrían introducir ruido."
2,Redacción académica,media,0.2436,0.1118,La escritura academica en la fo - Maria Ines Corte Vitoria.pdf,pdf,p. 49,49,0.0882,tfidf=0.0782; bonus=0.0100,"especializados que circulan en el ámbito científico y que, por lo tanto, guardan ciertos rasgos comunes. Sin embargo, hemos de considerar que una escritura académica, aunque deba salvaguardar los rasgos que le son propios, debe también incorporar otros elementos que forman parte de la escritura más allá del contexto académico. Si pensamos en el sentido y en la naturaleza de la escritura como producto cultural, debemos recordar que también sirve para comunicar, difundir ideas, conocimientos, pareceres, reflexiones y análisis que no siempre pueden vehicularse a través de modelos herméticos o protocolares.",La_escritura_academica_en_la_fo___Maria_Ines_Corte_Vitoria_b72aa8e231_b0049_f001,D:\Documentos\LaTEX\Template-Informe\UnADM\redaccion-en-contextos-virtuales\referencias-redaccion-en-contextos-virtuales\libros-redaccion-en-contextos-virtuales\La escritura academica en la fo - Maria Ines Corte Vitoria.pdf,"Escritura academica. De la teor - Juan Antonio Nunez Cortes.pdf, p. 10; Escritura academica. De la teor - Juan Antonio Nunez Cortes.pdf, p. 115; Escritura academica. De la teor - Juan Antonio Nunez Cortes.pdf, p. 12; Escritura academica. De la teor - Juan Antonio Nunez Cortes.pdf, p. 128; Escritura academica. De la teor - Juan Antonio Nunez Cortes.pdf, p. 13; Escritura academica. De la teor - Juan Antonio Nunez Cortes.pdf, p. 15; Escritura academica. De la teor - Juan Antonio Nunez Cortes.pdf, p. 16; Escritura academica. De la teor - Juan Antonio Nunez Cortes.pdf, p. 27; Escritura academica. De la teor - Juan Antonio Nunez Cortes.pdf, p. 3; Escritura academica. De la teor - Juan Antonio Nunez Cortes.pdf, p. 5; Escritura academica. De la teor - Juan Antonio Nunez Cortes.pdf, p. 6; Escritura academica. De la teor - Juan Antonio Nunez Cortes.pdf, p. 73; Escritura academica. De la teor - Juan Antonio Nunez Cortes.pdf, p. 74; La escritura academica en la fo - Maria Ines Corte Vitoria.pdf, p. 127; La escritura academica en la fo - Maria Ines Corte Vitoria.pdf, p. 137; La escritura academica en la fo - Maria Ines Corte Vitoria.pdf, p. 20; La escritura academica en la fo - Maria Ines Corte Vitoria.pdf, p. 32; La escritura academica en la fo - Maria Ines Corte Vitoria.pdf, p. 49; La escritura academica en la fo - Maria Ines Corte Vitoria.pdf, p. 52; La escritura academica en la fo - Maria Ines Corte Vitoria.pdf, p. 55; La escritura academica en la fo - Maria Ines Corte Vitoria.pdf, p. 56; La escritura academica en la fo - Maria Ines Corte Vitoria.pdf, p. 85; La escritura academica en la fo - Maria Ines Corte Vitoria.pdf, p. 86; La escritura academica en la fo - Maria Ines Corte Vitoria.pdf, p. 91; La escritura academica en la fo - Maria Ines Corte Vitoria.pdf, p. 94; Taller de lectura y redaccion_ - Leopoldo Ayala.pdf, p. 174","La ficha presenta coincidencias útiles, pero conviene revisar la pertinencia de cada cita. Se agruparon referencias de múltiples fuentes para enriquecer el concepto. Hay 3 referencia(s) de baja similitud que podrían introducir ruido."
2,Redacción académica,media,0.2436,0.1118,La escritura academica en la fo - Maria Ines Corte Vitoria.pdf,pdf,p. 52,52,0.0865,tfidf=0.0565; bonus=0.0300,"Escritura y carrera académica La escritura académica como género Una de las cuestiones importantes a considerar, cuando hablamos de escritura académica, es la del género, esto es, las diversas formas de discurso. Entre ellos está, obviamente, el discurso académico.",La_escritura_academica_en_la_fo___Maria_Ines_Corte_Vitoria_b72aa8e231_b0052_f001,D:\Documentos\LaTEX\Template-Informe\UnADM\redaccion-en-contextos-virtuales\referencias-redaccion-en-contextos-virtuales\libros-redaccion-en-contextos-virtuales\La escritura academica en la fo - Maria Ines Corte Vitoria.pdf,"Escritura academica. De la teor - Juan Antonio Nunez Cortes.pdf, p. 10; Escritura academica. De la teor - Juan Antonio Nunez Cortes.pdf, p. 115; Escritura academica. De la teor - Juan Antonio Nunez Cortes.pdf, p. 12; Escritura academica. De la teor - Juan Antonio Nunez Cortes.pdf, p. 128; Escritura academica. De la teor - Juan Antonio Nunez Cortes.pdf, p. 13; Escritura academica. De la teor - Juan Antonio Nunez Cortes.pdf, p. 15; Escritura academica. De la teor - Juan Antonio Nunez Cortes.pdf, p. 16; Escritura academica. De la teor - Juan Antonio Nunez Cortes.pdf, p. 27; Escritura academica. De la teor - Juan Antonio Nunez Cortes.pdf, p. 3; Escritura academica. De la teor - Juan Antonio Nunez Cortes.pdf, p. 5; Escritura academica. De la teor - Juan Antonio Nunez Cortes.pdf, p. 6; Escritura academica. De la teor - Juan Antonio Nunez Cortes.pdf, p. 73; Escritura academica. De la teor - Juan Antonio Nunez Cortes.pdf, p. 74; La escritura academica en la fo - Maria Ines Corte Vitoria.pdf, p. 127; La escritura academica en la fo - Maria Ines Corte Vitoria.pdf, p. 137; La escritura academica en la fo - Maria Ines Corte Vitoria.pdf, p. 20; La escritura academica en la fo - Maria Ines Corte Vitoria.pdf, p. 32; La escritura academica en la fo - Maria Ines Corte Vitoria.pdf, p. 49; La escritura academica en la fo - Maria Ines Corte Vitoria.pdf, p. 52; La escritura academica en la fo - Maria Ines Corte Vitoria.pdf, p. 55; La escritura academica en la fo - Maria Ines Corte Vitoria.pdf, p. 56; La escritura academica en la fo - Maria Ines Corte Vitoria.pdf, p. 85; La escritura academica en la fo - Maria Ines Corte Vitoria.pdf, p. 86; La escritura academica en la fo - Maria Ines Corte Vitoria.pdf, p. 91; La escritura academica en la fo - Maria Ines Corte Vitoria.pdf, p. 94; Taller de lectura y redaccion_ - Leopoldo Ayala.pdf, p. 174","La ficha presenta coincidencias útiles, pero conviene revisar la pertinencia de cada cita. Se agruparon referencias de múltiples fuentes para enriquecer el concepto. Hay 3 referencia(s) de baja similitud que podrían introducir ruido."
2,Redacción académica,media,0.2436,0.1118,Escritura academica. De la teor - Juan Antonio Nunez Cortes.pdf,pdf,p. 74,74,0.0843,tfidf=0.0743; bonus=0.0100,"3.2. LA RESEÑA ACADÉMICA 3.2.1. ¿Qué es una reseña académica? ¿Cuáles son sus características? Conocida también con el nombre de «recensión», la reseña es un género discursivo escrito, por medio del cual se describen y evalúan los aspectos más importantes de una obra científica o artística de reciente publicación.",Escritura_academica__De_la_teor___Juan_Antonio_Nunez_Cortes_1a16d092a9_b0074_f001,D:\Documentos\LaTEX\Template-Informe\UnADM\redaccion-en-contextos-virtuales\referencias-redaccion-en-contextos-virtuales\libros-redaccion-en-contextos-virtuales\Escritura academica. De la teor - Juan Antonio Nunez Cortes.pdf,"Escritura academica. De la teor - Juan Antonio Nunez Cortes.pdf, p. 10; Escritura academica. De la teor - Juan Antonio Nunez Cortes.pdf, p. 115; Escritura academica. De la teor - Juan Antonio Nunez Cortes.pdf, p. 12; Escritura academica. De la teor - Juan Antonio Nunez Cortes.pdf, p. 128; Escritura academica. De la teor - Juan Antonio Nunez Cortes.pdf, p. 13; Escritura academica. De la teor - Juan Antonio Nunez Cortes.pdf, p. 15; Escritura academica. De la teor - Juan Antonio Nunez Cortes.pdf, p. 16; Escritura academica. De la teor - Juan Antonio Nunez Cortes.pdf, p. 27; Escritura academica. De la teor - Juan Antonio Nunez Cortes.pdf, p. 3; Escritura academica. De la teor - Juan Antonio Nunez Cortes.pdf, p. 5; Escritura academica. De la teor - Juan Antonio Nunez Cortes.pdf, p. 6; Escritura academica. De la teor - Juan Antonio Nunez Cortes.pdf, p. 73; Escritura academica. De la teor - Juan Antonio Nunez Cortes.pdf, p. 74; La escritura academica en la fo - Maria Ines Corte Vitoria.pdf, p. 127; La escritura academica en la fo - Maria Ines Corte Vitoria.pdf, p. 137; La escritura academica en la fo - Maria Ines Corte Vitoria.pdf, p. 20; La escritura academica en la fo - Maria Ines Corte Vitoria.pdf, p. 32; La escritura academica en la fo - Maria Ines Corte Vitoria.pdf, p. 49; La escritura academica en la fo - Maria Ines Corte Vitoria.pdf, p. 52; La escritura academica en la fo - Maria Ines Corte Vitoria.pdf, p. 55; La escritura academica en la fo - Maria Ines Corte Vitoria.pdf, p. 56; La escritura academica en la fo - Maria Ines Corte Vitoria.pdf, p. 85; La escritura academica en la fo - Maria Ines Corte Vitoria.pdf, p. 86; La escritura academica en la fo - Maria Ines Corte Vitoria.pdf, p. 91; La escritura academica en la fo - Maria Ines Corte Vitoria.pdf, p. 94; Taller de lectura y redaccion_ - Leopoldo Ayala.pdf, p. 174","La ficha presenta coincidencias útiles, pero conviene revisar la pertinencia de cada cita. Se agruparon referencias de múltiples fuentes para enriquecer el concepto. Hay 3 referencia(s) de baja similitud que podrían introducir ruido."
2,Redacción académica,media,0.2436,0.1118,Escritura academica. De la teor - Juan Antonio Nunez Cortes.pdf,pdf,p. 15,15,0.0815,tfidf=0.0515; bonus=0.0300,"1.2. LA COMUNIDAD DISCURSIVA UNIVERSITARIA Y LOS GÉNEROS ACADÉMICOS Desde multiplicidad de disciplinas, como la Antropología, la Sociología, la Lingüística o el Análisis del Discurso, se ha señalado que cada comunidad concreta tiene sus propias formas de decir. Así, desde la Etnografía de la Comunicación, se propone el concepto de comunidad de habla para referirse a aquellos grupos de personas que comparten una variedad de lengua determinada y unos patrones de uso concretos (Gumperz, 1968; Gumperz y Hymes, 1972).",Escritura_academica__De_la_teor___Juan_Antonio_Nunez_Cortes_1a16d092a9_b0015_f002,D:\Documentos\LaTEX\Template-Informe\UnADM\redaccion-en-contextos-virtuales\referencias-redaccion-en-contextos-virtuales\libros-redaccion-en-contextos-virtuales\Escritura academica. De la teor - Juan Antonio Nunez Cortes.pdf,"Escritura academica. De la teor - Juan Antonio Nunez Cortes.pdf, p. 10; Escritura academica. De la teor - Juan Antonio Nunez Cortes.pdf, p. 115; Escritura academica. De la teor - Juan Antonio Nunez Cortes.pdf, p. 12; Escritura academica. De la teor - Juan Antonio Nunez Cortes.pdf, p. 128; Escritura academica. De la teor - Juan Antonio Nunez Cortes.pdf, p. 13; Escritura academica. De la teor - Juan Antonio Nunez Cortes.pdf, p. 15; Escritura academica. De la teor - Juan Antonio Nunez Cortes.pdf, p. 16; Escritura academica. De la teor - Juan Antonio Nunez Cortes.pdf, p. 27; Escritura academica. De la teor - Juan Antonio Nunez Cortes.pdf, p. 3; Escritura academica. De la teor - Juan Antonio Nunez Cortes.pdf, p. 5; Escritura academica. De la teor - Juan Antonio Nunez Cortes.pdf, p. 6; Escritura academica. De la teor - Juan Antonio Nunez Cortes.pdf, p. 73; Escritura academica. De la teor - Juan Antonio Nunez Cortes.pdf, p. 74; La escritura academica en la fo - Maria Ines Corte Vitoria.pdf, p. 127; La escritura academica en la fo - Maria Ines Corte Vitoria.pdf, p. 137; La escritura academica en la fo - Maria Ines Corte Vitoria.pdf, p. 20; La escritura academica en la fo - Maria Ines Corte Vitoria.pdf, p. 32; La escritura academica en la fo - Maria Ines Corte Vitoria.pdf, p. 49; La escritura academica en la fo - Maria Ines Corte Vitoria.pdf, p. 52; La escritura academica en la fo - Maria Ines Corte Vitoria.pdf, p. 55; La escritura academica en la fo - Maria Ines Corte Vitoria.pdf, p. 56; La escritura academica en la fo - Maria Ines Corte Vitoria.pdf, p. 85; La escritura academica en la fo - Maria Ines Corte Vitoria.pdf, p. 86; La escritura academica en la fo - Maria Ines Corte Vitoria.pdf, p. 91; La escritura academica en la fo - Maria Ines Corte Vitoria.pdf, p. 94; Taller de lectura y redaccion_ - Leopoldo Ayala.pdf, p. 174","La ficha presenta coincidencias útiles, pero conviene revisar la pertinencia de cada cita. Se agruparon referencias de múltiples fuentes para enriquecer el concepto. Hay 3 referencia(s) de baja similitud que podrían introducir ruido."
2,Redacción académica,media,0.2436,0.1118,Escritura academica. De la teor - Juan Antonio Nunez Cortes.pdf,pdf,p. 3,3,0.0809,tfidf=0.0509; bonus=0.0300,"Relación de autores Darío D. Delicia Especialista en procesos y prácticas de la lectura y la escritura por la Universidad Nacional de Córdoba, donde cumple funciones docentes en las áreas investigación, lingüística y gramática española. María Victoria Fernández Docente en el nivel medio e investigadora en el Área de Lingüística Aplicada de la Facultad de Lenguas de la Universidad Nacional de Córdoba.",Escritura_academica__De_la_teor___Juan_Antonio_Nunez_Cortes_1a16d092a9_b0003_f001,D:\Documentos\LaTEX\Template-Informe\UnADM\redaccion-en-contextos-virtuales\referencias-redaccion-en-contextos-virtuales\libros-redaccion-en-contextos-virtuales\Escritura academica. De la teor - Juan Antonio Nunez Cortes.pdf,"Escritura academica. De la teor - Juan Antonio Nunez Cortes.pdf, p. 10; Escritura academica. De la teor - Juan Antonio Nunez Cortes.pdf, p. 115; Escritura academica. De la teor - Juan Antonio Nunez Cortes.pdf, p. 12; Escritura academica. De la teor - Juan Antonio Nunez Cortes.pdf, p. 128; Escritura academica. De la teor - Juan Antonio Nunez Cortes.pdf, p. 13; Escritura academica. De la teor - Juan Antonio Nunez Cortes.pdf, p. 15; Escritura academica. De la teor - Juan Antonio Nunez Cortes.pdf, p. 16; Escritura academica. De la teor - Juan Antonio Nunez Cortes.pdf, p. 27; Escritura academica. De la teor - Juan Antonio Nunez Cortes.pdf, p. 3; Escritura academica. De la teor - Juan Antonio Nunez Cortes.pdf, p. 5; Escritura academica. De la teor - Juan Antonio Nunez Cortes.pdf, p. 6; Escritura academica. De la teor - Juan Antonio Nunez Cortes.pdf, p. 73; Escritura academica. De la teor - Juan Antonio Nunez Cortes.pdf, p. 74; La escritura academica en la fo - Maria Ines Corte Vitoria.pdf, p. 127; La escritura academica en la fo - Maria Ines Corte Vitoria.pdf, p. 137; La escritura academica en la fo - Maria Ines Corte Vitoria.pdf, p. 20; La escritura academica en la fo - Maria Ines Corte Vitoria.pdf, p. 32; La escritura academica en la fo - Maria Ines Corte Vitoria.pdf, p. 49; La escritura academica en la fo - Maria Ines Corte Vitoria.pdf, p. 52; La escritura academica en la fo - Maria Ines Corte Vitoria.pdf, p. 55; La escritura academica en la fo - Maria Ines Corte Vitoria.pdf, p. 56; La escritura academica en la fo - Maria Ines Corte Vitoria.pdf, p. 85; La escritura academica en la fo - Maria Ines Corte Vitoria.pdf, p. 86; La escritura academica en la fo - Maria Ines Corte Vitoria.pdf, p. 91; La escritura academica en la fo - Maria Ines Corte Vitoria.pdf, p. 94; Taller de lectura y redaccion_ - Leopoldo Ayala.pdf, p. 174","La ficha presenta coincidencias útiles, pero conviene revisar la pertinencia de cada cita. Se agruparon referencias de múltiples fuentes para enriquecer el concepto. Hay 3 referencia(s) de baja similitud que podrían introducir ruido."
2,Redacción académica,media,0.2436,0.1118,Escritura academica. De la teor - Juan Antonio Nunez Cortes.pdf,pdf,p. 5,5,0.0806,tfidf=0.0506; bonus=0.0300,Introducción: el ámbito académico y sus discursos 3.2. La reseña académica 3.2.1. ¿Qué es una reseña académica? ¿Cuáles son sus características? 3.2.2.,Escritura_academica__De_la_teor___Juan_Antonio_Nunez_Cortes_1a16d092a9_b0005_f001,D:\Documentos\LaTEX\Template-Informe\UnADM\redaccion-en-contextos-virtuales\referencias-redaccion-en-contextos-virtuales\libros-redaccion-en-contextos-virtuales\Escritura academica. De la teor - Juan Antonio Nunez Cortes.pdf,"Escritura academica. De la teor - Juan Antonio Nunez Cortes.pdf, p. 10; Escritura academica. De la teor - Juan Antonio Nunez Cortes.pdf, p. 115; Escritura academica. De la teor - Juan Antonio Nunez Cortes.pdf, p. 12; Escritura academica. De la teor - Juan Antonio Nunez Cortes.pdf, p. 128; Escritura academica. De la teor - Juan Antonio Nunez Cortes.pdf, p. 13; Escritura academica. De la teor - Juan Antonio Nunez Cortes.pdf, p. 15; Escritura academica. De la teor - Juan Antonio Nunez Cortes.pdf, p. 16; Escritura academica. De la teor - Juan Antonio Nunez Cortes.pdf, p. 27; Escritura academica. De la teor - Juan Antonio Nunez Cortes.pdf, p. 3; Escritura academica. De la teor - Juan Antonio Nunez Cortes.pdf, p. 5; Escritura academica. De la teor - Juan Antonio Nunez Cortes.pdf, p. 6; Escritura academica. De la teor - Juan Antonio Nunez Cortes.pdf, p. 73; Escritura academica. De la teor - Juan Antonio Nunez Cortes.pdf, p. 74; La escritura academica en la fo - Maria Ines Corte Vitoria.pdf, p. 127; La escritura academica en la fo - Maria Ines Corte Vitoria.pdf, p. 137; La escritura academica en la fo - Maria Ines Corte Vitoria.pdf, p. 20; La escritura academica en la fo - Maria Ines Corte Vitoria.pdf, p. 32; La escritura academica en la fo - Maria Ines Corte Vitoria.pdf, p. 49; La escritura academica en la fo - Maria Ines Corte Vitoria.pdf, p. 52; La escritura academica en la fo - Maria Ines Corte Vitoria.pdf, p. 55; La escritura academica en la fo - Maria Ines Corte Vitoria.pdf, p. 56; La escritura academica en la fo - Maria Ines Corte Vitoria.pdf, p. 85; La escritura academica en la fo - Maria Ines Corte Vitoria.pdf, p. 86; La escritura academica en la fo - Maria Ines Corte Vitoria.pdf, p. 91; La escritura academica en la fo - Maria Ines Corte Vitoria.pdf, p. 94; Taller de lectura y redaccion_ - Leopoldo Ayala.pdf, p. 174","La ficha presenta coincidencias útiles, pero conviene revisar la pertinencia de cada cita. Se agruparon referencias de múltiples fuentes para enriquecer el concepto. Hay 3 referencia(s) de baja similitud que podrían introducir ruido."
2,Redacción académica,media,0.2436,0.1118,La escritura academica en la fo - Maria Ines Corte Vitoria.pdf,pdf,p. 32,32,0.0775,tfidf=0.0575; bonus=0.0200,"Pensamos que ofrecer siempre la misma tipología textual a los estudiantes y requerirles trabajos escritos bajo consignas y propuestas muy similares sería lo mismo que ofrecer siempre los mismos desafíos cognitivos y esperar que ellos desarrollen todo el espectro de habilidades que esperamos (como hablantes, oyentes, productores de texto y lectores). Así comprendida, la escritura académica en la enseñanza superior se convierte en un juego de elecciones y de seducción por parte de los docentes en el cual las palabras diversidad, asiduidad y sistematicidad representan las condiciones básicas de una metodología adecuada y apetecible.",La_escritura_academica_en_la_fo___Maria_Ines_Corte_Vitoria_b72aa8e231_b0032_f003,D:\Documentos\LaTEX\Template-Informe\UnADM\redaccion-en-contextos-virtuales\referencias-redaccion-en-contextos-virtuales\libros-redaccion-en-contextos-virtuales\La escritura academica en la fo - Maria Ines Corte Vitoria.pdf,"Escritura academica. De la teor - Juan Antonio Nunez Cortes.pdf, p. 10; Escritura academica. De la teor - Juan Antonio Nunez Cortes.pdf, p. 115; Escritura academica. De la teor - Juan Antonio Nunez Cortes.pdf, p. 12; Escritura academica. De la teor - Juan Antonio Nunez Cortes.pdf, p. 128; Escritura academica. De la teor - Juan Antonio Nunez Cortes.pdf, p. 13; Escritura academica. De la teor - Juan Antonio Nunez Cortes.pdf, p. 15; Escritura academica. De la teor - Juan Antonio Nunez Cortes.pdf, p. 16; Escritura academica. De la teor - Juan Antonio Nunez Cortes.pdf, p. 27; Escritura academica. De la teor - Juan Antonio Nunez Cortes.pdf, p. 3; Escritura academica. De la teor - Juan Antonio Nunez Cortes.pdf, p. 5; Escritura academica. De la teor - Juan Antonio Nunez Cortes.pdf, p. 6; Escritura academica. De la teor - Juan Antonio Nunez Cortes.pdf, p. 73; Escritura academica. De la teor - Juan Antonio Nunez Cortes.pdf, p. 74; La escritura academica en la fo - Maria Ines Corte Vitoria.pdf, p. 127; La escritura academica en la fo - Maria Ines Corte Vitoria.pdf, p. 137; La escritura academica en la fo - Maria Ines Corte Vitoria.pdf, p. 20; La escritura academica en la fo - Maria Ines Corte Vitoria.pdf, p. 32; La escritura academica en la fo - Maria Ines Corte Vitoria.pdf, p. 49; La escritura academica en la fo - Maria Ines Corte Vitoria.pdf, p. 52; La escritura academica en la fo - Maria Ines Corte Vitoria.pdf, p. 55; La escritura academica en la fo - Maria Ines Corte Vitoria.pdf, p. 56; La escritura academica en la fo - Maria Ines Corte Vitoria.pdf, p. 85; La escritura academica en la fo - Maria Ines Corte Vitoria.pdf, p. 86; La escritura academica en la fo - Maria Ines Corte Vitoria.pdf, p. 91; La escritura academica en la fo - Maria Ines Corte Vitoria.pdf, p. 94; Taller de lectura y redaccion_ - Leopoldo Ayala.pdf, p. 174","La ficha presenta coincidencias útiles, pero conviene revisar la pertinencia de cada cita. Se agruparon referencias de múltiples fuentes para enriquecer el concepto. Hay 3 referencia(s) de baja similitud que podrían introducir ruido."
2,Redacción académica,media,0.2436,0.1118,Escritura academica. De la teor - Juan Antonio Nunez Cortes.pdf,pdf,p. 15,15,0.0774,tfidf=0.0674; bonus=0.0100,"A partir de estas propuestas, se puede entender la alfabetización académica como el proceso mediante el cual se desarrolla la competencia comunicativa de los estudiantes desde la universidad con el objetivo de hacerlos partícipes y miembros de una comunidad con una cultura, la académica, que tiene sus particulares formas de decir, y que valora especialmente el potencial epistémico de la escritura.",Escritura_academica__De_la_teor___Juan_Antonio_Nunez_Cortes_1a16d092a9_b0015_f001,D:\Documentos\LaTEX\Template-Informe\UnADM\redaccion-en-contextos-virtuales\referencias-redaccion-en-contextos-virtuales\libros-redaccion-en-contextos-virtuales\Escritura academica. De la teor - Juan Antonio Nunez Cortes.pdf,"Escritura academica. De la teor - Juan Antonio Nunez Cortes.pdf, p. 10; Escritura academica. De la teor - Juan Antonio Nunez Cortes.pdf, p. 115; Escritura academica. De la teor - Juan Antonio Nunez Cortes.pdf, p. 12; Escritura academica. De la teor - Juan Antonio Nunez Cortes.pdf, p. 128; Escritura academica. De la teor - Juan Antonio Nunez Cortes.pdf, p. 13; Escritura academica. De la teor - Juan Antonio Nunez Cortes.pdf, p. 15; Escritura academica. De la teor - Juan Antonio Nunez Cortes.pdf, p. 16; Escritura academica. De la teor - Juan Antonio Nunez Cortes.pdf, p. 27; Escritura academica. De la teor - Juan Antonio Nunez Cortes.pdf, p. 3; Escritura academica. De la teor - Juan Antonio Nunez Cortes.pdf, p. 5; Escritura academica. De la teor - Juan Antonio Nunez Cortes.pdf, p. 6; Escritura academica. De la teor - Juan Antonio Nunez Cortes.pdf, p. 73; Escritura academica. De la teor - Juan Antonio Nunez Cortes.pdf, p. 74; La escritura academica en la fo - Maria Ines Corte Vitoria.pdf, p. 127; La escritura academica en la fo - Maria Ines Corte Vitoria.pdf, p. 137; La escritura academica en la fo - Maria Ines Corte Vitoria.pdf, p. 20; La escritura academica en la fo - Maria Ines Corte Vitoria.pdf, p. 32; La escritura academica en la fo - Maria Ines Corte Vitoria.pdf, p. 49; La escritura academica en la fo - Maria Ines Corte Vitoria.pdf, p. 52; La escritura academica en la fo - Maria Ines Corte Vitoria.pdf, p. 55; La escritura academica en la fo - Maria Ines Corte Vitoria.pdf, p. 56; La escritura academica en la fo - Maria Ines Corte Vitoria.pdf, p. 85; La escritura academica en la fo - Maria Ines Corte Vitoria.pdf, p. 86; La escritura academica en la fo - Maria Ines Corte Vitoria.pdf, p. 91; La escritura academica en la fo - Maria Ines Corte Vitoria.pdf, p. 94; Taller de lectura y redaccion_ - Leopoldo Ayala.pdf, p. 174","La ficha presenta coincidencias útiles, pero conviene revisar la pertinencia de cada cita. Se agruparon referencias de múltiples fuentes para enriquecer el concepto. Hay 3 referencia(s) de baja similitud que podrían introducir ruido."
2,Redacción académica,media,0.2436,0.1118,La escritura academica en la fo - Maria Ines Corte Vitoria.pdf,pdf,p. 86,86,0.0757,tfidf=0.0657; bonus=0.0100,"los protocolos de la escritura que casi nunca pensamos en el sentido que esta tiene para ellos y ellas. Esa era la idea que nos transmitían dos estudiantes, Lorena y Rocío, para quienes la escritura académica es aquella que se produce en el ámbito universitario y científico, y no solamente aquella que se hace para el ámbito universitario y científico. Por tanto, la escritura académica comprende tanto los trabajos producidos por los alumnos universitarios (exámenes y textos de diversos géneros que funcionan como trabajos prácticos, evaluaciones, etc.), como aquellos otros elaborados en la academia para la difusión del conocimiento científico.",La_escritura_academica_en_la_fo___Maria_Ines_Corte_Vitoria_b72aa8e231_b0086_f001,D:\Documentos\LaTEX\Template-Informe\UnADM\redaccion-en-contextos-virtuales\referencias-redaccion-en-contextos-virtuales\libros-redaccion-en-contextos-virtuales\La escritura academica en la fo - Maria Ines Corte Vitoria.pdf,"Escritura academica. De la teor - Juan Antonio Nunez Cortes.pdf, p. 10; Escritura academica. De la teor - Juan Antonio Nunez Cortes.pdf, p. 115; Escritura academica. De la teor - Juan Antonio Nunez Cortes.pdf, p. 12; Escritura academica. De la teor - Juan Antonio Nunez Cortes.pdf, p. 128; Escritura academica. De la teor - Juan Antonio Nunez Cortes.pdf, p. 13; Escritura academica. De la teor - Juan Antonio Nunez Cortes.pdf, p. 15; Escritura academica. De la teor - Juan Antonio Nunez Cortes.pdf, p. 16; Escritura academica. De la teor - Juan Antonio Nunez Cortes.pdf, p. 27; Escritura academica. De la teor - Juan Antonio Nunez Cortes.pdf, p. 3; Escritura academica. De la teor - Juan Antonio Nunez Cortes.pdf, p. 5; Escritura academica. De la teor - Juan Antonio Nunez Cortes.pdf, p. 6; Escritura academica. De la teor - Juan Antonio Nunez Cortes.pdf, p. 73; Escritura academica. De la teor - Juan Antonio Nunez Cortes.pdf, p. 74; La escritura academica en la fo - Maria Ines Corte Vitoria.pdf, p. 127; La escritura academica en la fo - Maria Ines Corte Vitoria.pdf, p. 137; La escritura academica en la fo - Maria Ines Corte Vitoria.pdf, p. 20; La escritura academica en la fo - Maria Ines Corte Vitoria.pdf, p. 32; La escritura academica en la fo - Maria Ines Corte Vitoria.pdf, p. 49; La escritura academica en la fo - Maria Ines Corte Vitoria.pdf, p. 52; La escritura academica en la fo - Maria Ines Corte Vitoria.pdf, p. 55; La escritura academica en la fo - Maria Ines Corte Vitoria.pdf, p. 56; La escritura academica en la fo - Maria Ines Corte Vitoria.pdf, p. 85; La escritura academica en la fo - Maria Ines Corte Vitoria.pdf, p. 86; La escritura academica en la fo - Maria Ines Corte Vitoria.pdf, p. 91; La escritura academica en la fo - Maria Ines Corte Vitoria.pdf, p. 94; Taller de lectura y redaccion_ - Leopoldo Ayala.pdf, p. 174","La ficha presenta coincidencias útiles, pero conviene revisar la pertinencia de cada cita. Se agruparon referencias de múltiples fuentes para enriquecer el concepto. Hay 3 referencia(s) de baja similitud que podrían introducir ruido."
3,Lenguaje académico,media,0.2189,0.1379,La escritura academica en la fo - Maria Ines Corte Vitoria.pdf,pdf,p. 69,69,0.2189,tfidf=0.2089; bonus=0.0100,"prevalencia de la lengua hablada sobre la lengua escrita (Saussure, 1969). La escritura, ya lo hemos señalado en el capítulo 1, fija y objetiva el lenguaje hablado pero, al hacerlo, transforma ese lenguaje en un nuevo lenguaje que posee una existencia independiente del primero. El lenguaje escrito es menos móvil que el lenguaje oral, sus transformaciones son muy lentas y poco numerosas.",La_escritura_academica_en_la_fo___Maria_Ines_Corte_Vitoria_b72aa8e231_b0069_f001,D:\Documentos\LaTEX\Template-Informe\UnADM\redaccion-en-contextos-virtuales\referencias-redaccion-en-contextos-virtuales\libros-redaccion-en-contextos-virtuales\La escritura academica en la fo - Maria Ines Corte Vitoria.pdf,"Escritura academica. De la teor - Juan Antonio Nunez Cortes.pdf, p. 14; La escritura academica en la fo - Maria Ines Corte Vitoria.pdf, p. 115; La escritura academica en la fo - Maria Ines Corte Vitoria.pdf, p. 118; La escritura academica en la fo - Maria Ines Corte Vitoria.pdf, p. 12; La escritura academica en la fo - Maria Ines Corte Vitoria.pdf, p. 139; La escritura academica en la fo - Maria Ines Corte Vitoria.pdf, p. 144; La escritura academica en la fo - Maria Ines Corte Vitoria.pdf, p. 48; La escritura academica en la fo - Maria Ines Corte Vitoria.pdf, p. 49; La escritura academica en la fo - Maria Ines Corte Vitoria.pdf, p. 52; La escritura academica en la fo - Maria Ines Corte Vitoria.pdf, p. 69; La escritura academica en la fo - Maria Ines Corte Vitoria.pdf, p. 71; La escritura academica en la fo - Maria Ines Corte Vitoria.pdf, p. 77; La escritura academica en la fo - Maria Ines Corte Vitoria.pdf, p. 86; Taller de lectura y redaccion_ - Leopoldo Ayala.pdf, p. 11; Taller de lectura y redaccion_ - Leopoldo Ayala.pdf, p. 12; Taller de lectura y redaccion_ - Leopoldo Ayala.pdf, p. 151; Taller de lectura y redaccion_ - Leopoldo Ayala.pdf, p. 19; Taller de lectura y redaccion_ - Leopoldo Ayala.pdf, p. 20","La ficha presenta coincidencias útiles, pero conviene revisar la pertinencia de cada cita. Se agruparon referencias de múltiples fuentes para enriquecer el concepto."
3,Lenguaje académico,media,0.2189,0.1379,Taller de lectura y redaccion_ - Leopoldo Ayala.pdf,pdf,p. 19,19,0.1937,tfidf=0.1837; bonus=0.0100,EL LENGUAJE COMO MEDIO DE COMUNICACIÓN Las especies humana y animal se diferencian por el tipo de lenguaje que em- plean. En este capítulo abordaremos el lenguaje humano.,Taller_de_lectura_y_redaccion____Leopoldo_Ayala_c5996d4dd8_b0019_f001,D:\Documentos\LaTEX\Template-Informe\UnADM\redaccion-en-contextos-virtuales\referencias-redaccion-en-contextos-virtuales\libros-redaccion-en-contextos-virtuales\Taller de lectura y redaccion_ - Leopoldo Ayala.pdf,"Escritura academica. De la teor - Juan Antonio Nunez Cortes.pdf, p. 14; La escritura academica en la fo - Maria Ines Corte Vitoria.pdf, p. 115; La escritura academica en la fo - Maria Ines Corte Vitoria.pdf, p. 118; La escritura academica en la fo - Maria Ines Corte Vitoria.pdf, p. 12; La escritura academica en la fo - Maria Ines Corte Vitoria.pdf, p. 139; La escritura academica en la fo - Maria Ines Corte Vitoria.pdf, p. 144; La escritura academica en la fo - Maria Ines Corte Vitoria.pdf, p. 48; La escritura academica en la fo - Maria Ines Corte Vitoria.pdf, p. 49; La escritura academica en la fo - Maria Ines Corte Vitoria.pdf, p. 52; La escritura academica en la fo - Maria Ines Corte Vitoria.pdf, p. 69; La escritura academica en la fo - Maria Ines Corte Vitoria.pdf, p. 71; La escritura academica en la fo - Maria Ines Corte Vitoria.pdf, p. 77; La escritura academica en la fo - Maria Ines Corte Vitoria.pdf, p. 86; Taller de lectura y redaccion_ - Leopoldo Ayala.pdf, p. 11; Taller de lectura y redaccion_ - Leopoldo Ayala.pdf, p. 12; Taller de lectura y redaccion_ - Leopoldo Ayala.pdf, p. 151; Taller de lectura y redaccion_ - Leopoldo Ayala.pdf, p. 19; Taller de lectura y redaccion_ - Leopoldo Ayala.pdf, p. 20","La ficha presenta coincidencias útiles, pero conviene revisar la pertinencia de cada cita. Se agruparon referencias de múltiples fuentes para enriquecer el concepto."
3,Lenguaje académico,media,0.2189,0.1379,La escritura academica en la fo - Maria Ines Corte Vitoria.pdf,pdf,p. 69,69,0.1864,tfidf=0.1564; bonus=0.0300,"El lenguaje escrito va más allá de esa función. Por tanto, las diferencias entre un tipo de lenguaje y otro son legítimas y enriquecedoras; sin embargo, cuando se enseña que el lenguaje escrito es la traducción del hablado, los problemas empiezan a aparecer.",La_escritura_academica_en_la_fo___Maria_Ines_Corte_Vitoria_b72aa8e231_b0069_f001,D:\Documentos\LaTEX\Template-Informe\UnADM\redaccion-en-contextos-virtuales\referencias-redaccion-en-contextos-virtuales\libros-redaccion-en-contextos-virtuales\La escritura academica en la fo - Maria Ines Corte Vitoria.pdf,"Escritura academica. De la teor - Juan Antonio Nunez Cortes.pdf, p. 14; La escritura academica en la fo - Maria Ines Corte Vitoria.pdf, p. 115; La escritura academica en la fo - Maria Ines Corte Vitoria.pdf, p. 118; La escritura academica en la fo - Maria Ines Corte Vitoria.pdf, p. 12; La escritura academica en la fo - Maria Ines Corte Vitoria.pdf, p. 139; La escritura academica en la fo - Maria Ines Corte Vitoria.pdf, p. 144; La escritura academica en la fo - Maria Ines Corte Vitoria.pdf, p. 48; La escritura academica en la fo - Maria Ines Corte Vitoria.pdf, p. 49; La escritura academica en la fo - Maria Ines Corte Vitoria.pdf, p. 52; La escritura academica en la fo - Maria Ines Corte Vitoria.pdf, p. 69; La escritura academica en la fo - Maria Ines Corte Vitoria.pdf, p. 71; La escritura academica en la fo - Maria Ines Corte Vitoria.pdf, p. 77; La escritura academica en la fo - Maria Ines Corte Vitoria.pdf, p. 86; Taller de lectura y redaccion_ - Leopoldo Ayala.pdf, p. 11; Taller de lectura y redaccion_ - Leopoldo Ayala.pdf, p. 12; Taller de lectura y redaccion_ - Leopoldo Ayala.pdf, p. 151; Taller de lectura y redaccion_ - Leopoldo Ayala.pdf, p. 19; Taller de lectura y redaccion_ - Leopoldo Ayala.pdf, p. 20","La ficha presenta coincidencias útiles, pero conviene revisar la pertinencia de cada cita. Se agruparon referencias de múltiples fuentes para enriquecer el concepto."
3,Lenguaje académico,media,0.2189,0.1379,La escritura academica en la fo - Maria Ines Corte Vitoria.pdf,pdf,p. 71,71,0.1787,tfidf=0.1587; bonus=0.0200,"Tal vez por este motivo muchos estudiosos del lenguaje ven en el lenguaje coloquial una forma de manifestación cultural resultante de las vivencias de estos jóvenes, tan legítima cuanto pudiera serlo el más erudito verbo de la lengua. La cuestión es si ese lenguaje es el más apropiado para la comunicación en el contexto académico, una de cuyas características es, precisamente, el lenguaje propio y diferenciado de las 71",La_escritura_academica_en_la_fo___Maria_Ines_Corte_Vitoria_b72aa8e231_b0071_f003,D:\Documentos\LaTEX\Template-Informe\UnADM\redaccion-en-contextos-virtuales\referencias-redaccion-en-contextos-virtuales\libros-redaccion-en-contextos-virtuales\La escritura academica en la fo - Maria Ines Corte Vitoria.pdf,"Escritura academica. De la teor - Juan Antonio Nunez Cortes.pdf, p. 14; La escritura academica en la fo - Maria Ines Corte Vitoria.pdf, p. 115; La escritura academica en la fo - Maria Ines Corte Vitoria.pdf, p. 118; La escritura academica en la fo - Maria Ines Corte Vitoria.pdf, p. 12; La escritura academica en la fo - Maria Ines Corte Vitoria.pdf, p. 139; La escritura academica en la fo - Maria Ines Corte Vitoria.pdf, p. 144; La escritura academica en la fo - Maria Ines Corte Vitoria.pdf, p. 48; La escritura academica en la fo - Maria Ines Corte Vitoria.pdf, p. 49; La escritura academica en la fo - Maria Ines Corte Vitoria.pdf, p. 52; La escritura academica en la fo - Maria Ines Corte Vitoria.pdf, p. 69; La escritura academica en la fo - Maria Ines Corte Vitoria.pdf, p. 71; La escritura academica en la fo - Maria Ines Corte Vitoria.pdf, p. 77; La escritura academica en la fo - Maria Ines Corte Vitoria.pdf, p. 86; Taller de lectura y redaccion_ - Leopoldo Ayala.pdf, p. 11; Taller de lectura y redaccion_ - Leopoldo Ayala.pdf, p. 12; Taller de lectura y redaccion_ - Leopoldo Ayala.pdf, p. 151; Taller de lectura y redaccion_ - Leopoldo Ayala.pdf, p. 19; Taller de lectura y redaccion_ - Leopoldo Ayala.pdf, p. 20","La ficha presenta coincidencias útiles, pero conviene revisar la pertinencia de cada cita. Se agruparon referencias de múltiples fuentes para enriquecer el concepto."
3,Lenguaje académico,media,0.2189,0.1379,Taller de lectura y redaccion_ - Leopoldo Ayala.pdf,pdf,p. 20,20,0.1561,tfidf=0.1461; bonus=0.0100,"TALLER DE LECTURA Y REDACCIÓN 20 Lenguaje mímico Un simple gesto o un grito no le bastaron al hombre, pues tenía que disponer de gran cantidad de gritos y gestos para expresar algo definido, distinto y complica- do. Los propios animales ayudaron al hombre y le proporcionaron maneras que éste imitó.",Taller_de_lectura_y_redaccion____Leopoldo_Ayala_c5996d4dd8_b0020_f001,D:\Documentos\LaTEX\Template-Informe\UnADM\redaccion-en-contextos-virtuales\referencias-redaccion-en-contextos-virtuales\libros-redaccion-en-contextos-virtuales\Taller de lectura y redaccion_ - Leopoldo Ayala.pdf,"Escritura academica. De la teor - Juan Antonio Nunez Cortes.pdf, p. 14; La escritura academica en la fo - Maria Ines Corte Vitoria.pdf, p. 115; La escritura academica en la fo - Maria Ines Corte Vitoria.pdf, p. 118; La escritura academica en la fo - Maria Ines Corte Vitoria.pdf, p. 12; La escritura academica en la fo - Maria Ines Corte Vitoria.pdf, p. 139; La escritura academica en la fo - Maria Ines Corte Vitoria.pdf, p. 144; La escritura academica en la fo - Maria Ines Corte Vitoria.pdf, p. 48; La escritura academica en la fo - Maria Ines Corte Vitoria.pdf, p. 49; La escritura academica en la fo - Maria Ines Corte Vitoria.pdf, p. 52; La escritura academica en la fo - Maria Ines Corte Vitoria.pdf, p. 69; La escritura academica en la fo - Maria Ines Corte Vitoria.pdf, p. 71; La escritura academica en la fo - Maria Ines Corte Vitoria.pdf, p. 77; La escritura academica en la fo - Maria Ines Corte Vitoria.pdf, p. 86; Taller de lectura y redaccion_ - Leopoldo Ayala.pdf, p. 11; Taller de lectura y redaccion_ - Leopoldo Ayala.pdf, p. 12; Taller de lectura y redaccion_ - Leopoldo Ayala.pdf, p. 151; Taller de lectura y redaccion_ - Leopoldo Ayala.pdf, p. 19; Taller de lectura y redaccion_ - Leopoldo Ayala.pdf, p. 20","La ficha presenta coincidencias útiles, pero conviene revisar la pertinencia de cada cita. Se agruparon referencias de múltiples fuentes para enriquecer el concepto."
3,Lenguaje académico,media,0.2189,0.1379,La escritura academica en la fo - Maria Ines Corte Vitoria.pdf,pdf,p. 12,12,0.1521,tfidf=0.1421; bonus=0.0100,"Así, la escritura se presenta con toda la complejidad del lenguaje humano, como una herramienta individual de supervivencia, como un componente de organización de la sociedad moderna y como una poderosa y peligrosa arma de elaboración de opiniones colectivas. Como escribía Benveniste (1989) «el lenguaje está en la naturaleza del hombre, aunque no sea él quien la fabricó».",La_escritura_academica_en_la_fo___Maria_Ines_Corte_Vitoria_b72aa8e231_b0012_f002,D:\Documentos\LaTEX\Template-Informe\UnADM\redaccion-en-contextos-virtuales\referencias-redaccion-en-contextos-virtuales\libros-redaccion-en-contextos-virtuales\La escritura academica en la fo - Maria Ines Corte Vitoria.pdf,"Escritura academica. De la teor - Juan Antonio Nunez Cortes.pdf, p. 14; La escritura academica en la fo - Maria Ines Corte Vitoria.pdf, p. 115; La escritura academica en la fo - Maria Ines Corte Vitoria.pdf, p. 118; La escritura academica en la fo - Maria Ines Corte Vitoria.pdf, p. 12; La escritura academica en la fo - Maria Ines Corte Vitoria.pdf, p. 139; La escritura academica en la fo - Maria Ines Corte Vitoria.pdf, p. 144; La escritura academica en la fo - Maria Ines Corte Vitoria.pdf, p. 48; La escritura academica en la fo - Maria Ines Corte Vitoria.pdf, p. 49; La escritura academica en la fo - Maria Ines Corte Vitoria.pdf, p. 52; La escritura academica en la fo - Maria Ines Corte Vitoria.pdf, p. 69; La escritura academica en la fo - Maria Ines Corte Vitoria.pdf, p. 71; La escritura academica en la fo - Maria Ines Corte Vitoria.pdf, p. 77; La escritura academica en la fo - Maria Ines Corte Vitoria.pdf, p. 86; Taller de lectura y redaccion_ - Leopoldo Ayala.pdf, p. 11; Taller de lectura y redaccion_ - Leopoldo Ayala.pdf, p. 12; Taller de lectura y redaccion_ - Leopoldo Ayala.pdf, p. 151; Taller de lectura y redaccion_ - Leopoldo Ayala.pdf, p. 19; Taller de lectura y redaccion_ - Leopoldo Ayala.pdf, p. 20","La ficha presenta coincidencias útiles, pero conviene revisar la pertinencia de cada cita. Se agruparon referencias de múltiples fuentes para enriquecer el concepto."
3,Lenguaje académico,media,0.2189,0.1379,La escritura academica en la fo - Maria Ines Corte Vitoria.pdf,pdf,p. 144,144,0.149,tfidf=0.1190; bonus=0.0300,"El análisis del qué escribir depende del contexto en el que surja el texto. En el control del cómo se escribe entran características generales de toda escritura: la expresión formal, la estructura del tipo de texto solicitado, las convenciones ortográficas, los elementos de cohesión y de coherencia, la atención a las consignas y pautas de trabajo, la claridad y objetividad de la escritura, la consistencia de las ideas presentadas. Conviene prestar atención a que hay claras diferencia entre escribir bonito y escribir claro.",La_escritura_academica_en_la_fo___Maria_Ines_Corte_Vitoria_b72aa8e231_b0144_f003,D:\Documentos\LaTEX\Template-Informe\UnADM\redaccion-en-contextos-virtuales\referencias-redaccion-en-contextos-virtuales\libros-redaccion-en-contextos-virtuales\La escritura academica en la fo - Maria Ines Corte Vitoria.pdf,"Escritura academica. De la teor - Juan Antonio Nunez Cortes.pdf, p. 14; La escritura academica en la fo - Maria Ines Corte Vitoria.pdf, p. 115; La escritura academica en la fo - Maria Ines Corte Vitoria.pdf, p. 118; La escritura academica en la fo - Maria Ines Corte Vitoria.pdf, p. 12; La escritura academica en la fo - Maria Ines Corte Vitoria.pdf, p. 139; La escritura academica en la fo - Maria Ines Corte Vitoria.pdf, p. 144; La escritura academica en la fo - Maria Ines Corte Vitoria.pdf, p. 48; La escritura academica en la fo - Maria Ines Corte Vitoria.pdf, p. 49; La escritura academica en la fo - Maria Ines Corte Vitoria.pdf, p. 52; La escritura academica en la fo - Maria Ines Corte Vitoria.pdf, p. 69; La escritura academica en la fo - Maria Ines Corte Vitoria.pdf, p. 71; La escritura academica en la fo - Maria Ines Corte Vitoria.pdf, p. 77; La escritura academica en la fo - Maria Ines Corte Vitoria.pdf, p. 86; Taller de lectura y redaccion_ - Leopoldo Ayala.pdf, p. 11; Taller de lectura y redaccion_ - Leopoldo Ayala.pdf, p. 12; Taller de lectura y redaccion_ - Leopoldo Ayala.pdf, p. 151; Taller de lectura y redaccion_ - Leopoldo Ayala.pdf, p. 19; Taller de lectura y redaccion_ - Leopoldo Ayala.pdf, p. 20","La ficha presenta coincidencias útiles, pero conviene revisar la pertinencia de cada cita. Se agruparon referencias de múltiples fuentes para enriquecer el concepto."
3,Lenguaje académico,media,0.2189,0.1379,La escritura academica en la fo - Maria Ines Corte Vitoria.pdf,pdf,p. 52,52,0.1484,tfidf=0.1084; bonus=0.0400,"Escritura y carrera académica La escritura académica como género Una de las cuestiones importantes a considerar, cuando hablamos de escritura académica, es la del género, esto es, las diversas formas de discurso. Entre ellos está, obviamente, el discurso académico. En palabras de Halliday (1993), el discurso es la condición esencial del conocimiento.",La_escritura_academica_en_la_fo___Maria_Ines_Corte_Vitoria_b72aa8e231_b0052_f001,D:\Documentos\LaTEX\Template-Informe\UnADM\redaccion-en-contextos-virtuales\referencias-redaccion-en-contextos-virtuales\libros-redaccion-en-contextos-virtuales\La escritura academica en la fo - Maria Ines Corte Vitoria.pdf,"Escritura academica. De la teor - Juan Antonio Nunez Cortes.pdf, p. 14; La escritura academica en la fo - Maria Ines Corte Vitoria.pdf, p. 115; La escritura academica en la fo - Maria Ines Corte Vitoria.pdf, p. 118; La escritura academica en la fo - Maria Ines Corte Vitoria.pdf, p. 12; La escritura academica en la fo - Maria Ines Corte Vitoria.pdf, p. 139; La escritura academica en la fo - Maria Ines Corte Vitoria.pdf, p. 144; La escritura academica en la fo - Maria Ines Corte Vitoria.pdf, p. 48; La escritura academica en la fo - Maria Ines Corte Vitoria.pdf, p. 49; La escritura academica en la fo - Maria Ines Corte Vitoria.pdf, p. 52; La escritura academica en la fo - Maria Ines Corte Vitoria.pdf, p. 69; La escritura academica en la fo - Maria Ines Corte Vitoria.pdf, p. 71; La escritura academica en la fo - Maria Ines Corte Vitoria.pdf, p. 77; La escritura academica en la fo - Maria Ines Corte Vitoria.pdf, p. 86; Taller de lectura y redaccion_ - Leopoldo Ayala.pdf, p. 11; Taller de lectura y redaccion_ - Leopoldo Ayala.pdf, p. 12; Taller de lectura y redaccion_ - Leopoldo Ayala.pdf, p. 151; Taller de lectura y redaccion_ - Leopoldo Ayala.pdf, p. 19; Taller de lectura y redaccion_ - Leopoldo Ayala.pdf, p. 20","La ficha presenta coincidencias útiles, pero conviene revisar la pertinencia de cada cita. Se agruparon referencias de múltiples fuentes para enriquecer el concepto."
3,Lenguaje académico,media,0.2189,0.1379,Taller de lectura y redaccion_ - Leopoldo Ayala.pdf,pdf,p. 11,11,0.137,tfidf=0.1270; bonus=0.0100,FUNCIÓN DEL LENGUAJE El lenguaje es el arma inimitable que nos permite formar nuestro pensamiento. A la disposición de pensar corresponde una manera de hablar.,Taller_de_lectura_y_redaccion____Leopoldo_Ayala_c5996d4dd8_b0011_f001,D:\Documentos\LaTEX\Template-Informe\UnADM\redaccion-en-contextos-virtuales\referencias-redaccion-en-contextos-virtuales\libros-redaccion-en-contextos-virtuales\Taller de lectura y redaccion_ - Leopoldo Ayala.pdf,"Escritura academica. De la teor - Juan Antonio Nunez Cortes.pdf, p. 14; La escritura academica en la fo - Maria Ines Corte Vitoria.pdf, p. 115; La escritura academica en la fo - Maria Ines Corte Vitoria.pdf, p. 118; La escritura academica en la fo - Maria Ines Corte Vitoria.pdf, p. 12; La escritura academica en la fo - Maria Ines Corte Vitoria.pdf, p. 139; La escritura academica en la fo - Maria Ines Corte Vitoria.pdf, p. 144; La escritura academica en la fo - Maria Ines Corte Vitoria.pdf, p. 48; La escritura academica en la fo - Maria Ines Corte Vitoria.pdf, p. 49; La escritura academica en la fo - Maria Ines Corte Vitoria.pdf, p. 52; La escritura academica en la fo - Maria Ines Corte Vitoria.pdf, p. 69; La escritura academica en la fo - Maria Ines Corte Vitoria.pdf, p. 71; La escritura academica en la fo - Maria Ines Corte Vitoria.pdf, p. 77; La escritura academica en la fo - Maria Ines Corte Vitoria.pdf, p. 86; Taller de lectura y redaccion_ - Leopoldo Ayala.pdf, p. 11; Taller de lectura y redaccion_ - Leopoldo Ayala.pdf, p. 12; Taller de lectura y redaccion_ - Leopoldo Ayala.pdf, p. 151; Taller de lectura y redaccion_ - Leopoldo Ayala.pdf, p. 19; Taller de lectura y redaccion_ - Leopoldo Ayala.pdf, p. 20","La ficha presenta coincidencias útiles, pero conviene revisar la pertinencia de cada cita. Se agruparon referencias de múltiples fuentes para enriquecer el concepto."
3,Lenguaje académico,media,0.2189,0.1379,Escritura academica. De la teor - Juan Antonio Nunez Cortes.pdf,pdf,p. 14,14,0.1346,tfidf=0.1246; bonus=0.0100,"Frente a esto, otras acepciones de lenguaje se centraron en entenderlo como sinónimo de lengua o producto social, y como término que simplemente hacía referencia a un sistema de signos, con independencia de que estos fueran lingüísticos o no. Al considerar que el lenguaje es una capacidad se obvia la discusión de que sea algo que se pueda aprender u olvidar —esto es la lengua, el producto social de la facultad del lenguaje—, y se pone el foco de atención en su desarrollo.",Escritura_academica__De_la_teor___Juan_Antonio_Nunez_Cortes_1a16d092a9_b0014_f003,D:\Documentos\LaTEX\Template-Informe\UnADM\redaccion-en-contextos-virtuales\referencias-redaccion-en-contextos-virtuales\libros-redaccion-en-contextos-virtuales\Escritura academica. De la teor - Juan Antonio Nunez Cortes.pdf,"Escritura academica. De la teor - Juan Antonio Nunez Cortes.pdf, p. 14; La escritura academica en la fo - Maria Ines Corte Vitoria.pdf, p. 115; La escritura academica en la fo - Maria Ines Corte Vitoria.pdf, p. 118; La escritura academica en la fo - Maria Ines Corte Vitoria.pdf, p. 12; La escritura academica en la fo - Maria Ines Corte Vitoria.pdf, p. 139; La escritura academica en la fo - Maria Ines Corte Vitoria.pdf, p. 144; La escritura academica en la fo - Maria Ines Corte Vitoria.pdf, p. 48; La escritura academica en la fo - Maria Ines Corte Vitoria.pdf, p. 49; La escritura academica en la fo - Maria Ines Corte Vitoria.pdf, p. 52; La escritura academica en la fo - Maria Ines Corte Vitoria.pdf, p. 69; La escritura academica en la fo - Maria Ines Corte Vitoria.pdf, p. 71; La escritura academica en la fo - Maria Ines Corte Vitoria.pdf, p. 77; La escritura academica en la fo - Maria Ines Corte Vitoria.pdf, p. 86; Taller de lectura y redaccion_ - Leopoldo Ayala.pdf, p. 11; Taller de lectura y redaccion_ - Leopoldo Ayala.pdf, p. 12; Taller de lectura y redaccion_ - Leopoldo Ayala.pdf, p. 151; Taller de lectura y redaccion_ - Leopoldo Ayala.pdf, p. 19; Taller de lectura y redaccion_ - Leopoldo Ayala.pdf, p. 20","La ficha presenta coincidencias útiles, pero conviene revisar la pertinencia de cada cita. Se agruparon referencias de múltiples fuentes para enriquecer el concepto."
3,Lenguaje académico,media,0.2189,0.1379,La escritura academica en la fo - Maria Ines Corte Vitoria.pdf,pdf,p. 69,69,0.1252,tfidf=0.1052; bonus=0.0200,"Es gracias a la escritura que el ser humano puede elaborar una reflexión, un análisis de su propio pensamiento. El lenguaje verbal posee una función esencial concreta, utilitaria: sirve para comunicar. El lenguaje escrito va más allá de esa función.",La_escritura_academica_en_la_fo___Maria_Ines_Corte_Vitoria_b72aa8e231_b0069_f001,D:\Documentos\LaTEX\Template-Informe\UnADM\redaccion-en-contextos-virtuales\referencias-redaccion-en-contextos-virtuales\libros-redaccion-en-contextos-virtuales\La escritura academica en la fo - Maria Ines Corte Vitoria.pdf,"Escritura academica. De la teor - Juan Antonio Nunez Cortes.pdf, p. 14; La escritura academica en la fo - Maria Ines Corte Vitoria.pdf, p. 115; La escritura academica en la fo - Maria Ines Corte Vitoria.pdf, p. 118; La escritura academica en la fo - Maria Ines Corte Vitoria.pdf, p. 12; La escritura academica en la fo - Maria Ines Corte Vitoria.pdf, p. 139; La escritura academica en la fo - Maria Ines Corte Vitoria.pdf, p. 144; La escritura academica en la fo - Maria Ines Corte Vitoria.pdf, p. 48; La escritura academica en la fo - Maria Ines Corte Vitoria.pdf, p. 49; La escritura academica en la fo - Maria Ines Corte Vitoria.pdf, p. 52; La escritura academica en la fo - Maria Ines Corte Vitoria.pdf, p. 69; La escritura academica en la fo - Maria Ines Corte Vitoria.pdf, p. 71; La escritura academica en la fo - Maria Ines Corte Vitoria.pdf, p. 77; La escritura academica en la fo - Maria Ines Corte Vitoria.pdf, p. 86; Taller de lectura y redaccion_ - Leopoldo Ayala.pdf, p. 11; Taller de lectura y redaccion_ - Leopoldo Ayala.pdf, p. 12; Taller de lectura y redaccion_ - Leopoldo Ayala.pdf, p. 151; Taller de lectura y redaccion_ - Leopoldo Ayala.pdf, p. 19; Taller de lectura y redaccion_ - Leopoldo Ayala.pdf, p. 20","La ficha presenta coincidencias útiles, pero conviene revisar la pertinencia de cada cita. Se agruparon referencias de múltiples fuentes para enriquecer el concepto."
3,Lenguaje académico,media,0.2189,0.1379,La escritura academica en la fo - Maria Ines Corte Vitoria.pdf,pdf,p. 48,48,0.1197,tfidf=0.0897; bonus=0.0300,"A este respecto, todos los elementos presentes en un texto se subordinan al principio del texto como una totalidad que encierra ideas, pensamientos, conceptos, teorías, opiniones y creación de imágenes presentados y expresados de forma tal que sean accesibles a sus destinatarios. Es, también, interesante la matización que Fernández Fastuca y Bressia (2009) señalan con respecto a la escritura académica: es algo que se produce en el ámbito universitario y científico y no, necesariamente, para el ámbito universitario y científico.",La_escritura_academica_en_la_fo___Maria_Ines_Corte_Vitoria_b72aa8e231_b0048_f003,D:\Documentos\LaTEX\Template-Informe\UnADM\redaccion-en-contextos-virtuales\referencias-redaccion-en-contextos-virtuales\libros-redaccion-en-contextos-virtuales\La escritura academica en la fo - Maria Ines Corte Vitoria.pdf,"Escritura academica. De la teor - Juan Antonio Nunez Cortes.pdf, p. 14; La escritura academica en la fo - Maria Ines Corte Vitoria.pdf, p. 115; La escritura academica en la fo - Maria Ines Corte Vitoria.pdf, p. 118; La escritura academica en la fo - Maria Ines Corte Vitoria.pdf, p. 12; La escritura academica en la fo - Maria Ines Corte Vitoria.pdf, p. 139; La escritura academica en la fo - Maria Ines Corte Vitoria.pdf, p. 144; La escritura academica en la fo - Maria Ines Corte Vitoria.pdf, p. 48; La escritura academica en la fo - Maria Ines Corte Vitoria.pdf, p. 49; La escritura academica en la fo - Maria Ines Corte Vitoria.pdf, p. 52; La escritura academica en la fo - Maria Ines Corte Vitoria.pdf, p. 69; La escritura academica en la fo - Maria Ines Corte Vitoria.pdf, p. 71; La escritura academica en la fo - Maria Ines Corte Vitoria.pdf, p. 77; La escritura academica en la fo - Maria Ines Corte Vitoria.pdf, p. 86; Taller de lectura y redaccion_ - Leopoldo Ayala.pdf, p. 11; Taller de lectura y redaccion_ - Leopoldo Ayala.pdf, p. 12; Taller de lectura y redaccion_ - Leopoldo Ayala.pdf, p. 151; Taller de lectura y redaccion_ - Leopoldo Ayala.pdf, p. 19; Taller de lectura y redaccion_ - Leopoldo Ayala.pdf, p. 20","La ficha presenta coincidencias útiles, pero conviene revisar la pertinencia de cada cita. Se agruparon referencias de múltiples fuentes para enriquecer el concepto."
3,Lenguaje académico,media,0.2189,0.1379,Taller de lectura y redaccion_ - Leopoldo Ayala.pdf,pdf,p. 12,12,0.1188,tfidf=0.1088; bonus=0.0100,TALLER DE LECTURA Y REDACCIÓN 12 EL LENGUAJE COMO FENÓMENO SOCIAL El sentido del lenguaje es eminentemente social. Describe las realidades socia- les de los pueblos.,Taller_de_lectura_y_redaccion____Leopoldo_Ayala_c5996d4dd8_b0012_f001,D:\Documentos\LaTEX\Template-Informe\UnADM\redaccion-en-contextos-virtuales\referencias-redaccion-en-contextos-virtuales\libros-redaccion-en-contextos-virtuales\Taller de lectura y redaccion_ - Leopoldo Ayala.pdf,"Escritura academica. De la teor - Juan Antonio Nunez Cortes.pdf, p. 14; La escritura academica en la fo - Maria Ines Corte Vitoria.pdf, p. 115; La escritura academica en la fo - Maria Ines Corte Vitoria.pdf, p. 118; La escritura academica en la fo - Maria Ines Corte Vitoria.pdf, p. 12; La escritura academica en la fo - Maria Ines Corte Vitoria.pdf, p. 139; La escritura academica en la fo - Maria Ines Corte Vitoria.pdf, p. 144; La escritura academica en la fo - Maria Ines Corte Vitoria.pdf, p. 48; La escritura academica en la fo - Maria Ines Corte Vitoria.pdf, p. 49; La escritura academica en la fo - Maria Ines Corte Vitoria.pdf, p. 52; La escritura academica en la fo - Maria Ines Corte Vitoria.pdf, p. 69; La escritura academica en la fo - Maria Ines Corte Vitoria.pdf, p. 71; La escritura academica en la fo - Maria Ines Corte Vitoria.pdf, p. 77; La escritura academica en la fo - Maria Ines Corte Vitoria.pdf, p. 86; Taller de lectura y redaccion_ - Leopoldo Ayala.pdf, p. 11; Taller de lectura y redaccion_ - Leopoldo Ayala.pdf, p. 12; Taller de lectura y redaccion_ - Leopoldo Ayala.pdf, p. 151; Taller de lectura y redaccion_ - Leopoldo Ayala.pdf, p. 19; Taller de lectura y redaccion_ - Leopoldo Ayala.pdf, p. 20","La ficha presenta coincidencias útiles, pero conviene revisar la pertinencia de cada cita. Se agruparon referencias de múltiples fuentes para enriquecer el concepto."
3,Lenguaje académico,media,0.2189,0.1379,La escritura academica en la fo - Maria Ines Corte Vitoria.pdf,pdf,p. 115,115,0.1182,tfidf=0.0882; bonus=0.0300,"Según Ander-Egg (1997:9), este tipo de texto puede ser definido como «una descripción, narración o exposición de motivos, por una parte, específica de una ciencia, disciplina o tecnología, tratando un tema de forma circunscripta». Además, se espera también que dicho trabajo presente el tema con claridad, objetividad y coherencia en términos de fundamentación teórica (estado del arte), desarrollo metodológico, proceso empírico y conclusiones, así como en lo que se refiere a la selección de la bibliografía pertinente (importando más la pertinencia y el conocimiento en profundidad de los autores citados que la cantidad de referencias).",La_escritura_academica_en_la_fo___Maria_Ines_Corte_Vitoria_b72aa8e231_b0115_f001,D:\Documentos\LaTEX\Template-Informe\UnADM\redaccion-en-contextos-virtuales\referencias-redaccion-en-contextos-virtuales\libros-redaccion-en-contextos-virtuales\La escritura academica en la fo - Maria Ines Corte Vitoria.pdf,"Escritura academica. De la teor - Juan Antonio Nunez Cortes.pdf, p. 14; La escritura academica en la fo - Maria Ines Corte Vitoria.pdf, p. 115; La escritura academica en la fo - Maria Ines Corte Vitoria.pdf, p. 118; La escritura academica en la fo - Maria Ines Corte Vitoria.pdf, p. 12; La escritura academica en la fo - Maria Ines Corte Vitoria.pdf, p. 139; La escritura academica en la fo - Maria Ines Corte Vitoria.pdf, p. 144; La escritura academica en la fo - Maria Ines Corte Vitoria.pdf, p. 48; La escritura academica en la fo - Maria Ines Corte Vitoria.pdf, p. 49; La escritura academica en la fo - Maria Ines Corte Vitoria.pdf, p. 52; La escritura academica en la fo - Maria Ines Corte Vitoria.pdf, p. 69; La escritura academica en la fo - Maria Ines Corte Vitoria.pdf, p. 71; La escritura academica en la fo - Maria Ines Corte Vitoria.pdf, p. 77; La escritura academica en la fo - Maria Ines Corte Vitoria.pdf, p. 86; Taller de lectura y redaccion_ - Leopoldo Ayala.pdf, p. 11; Taller de lectura y redaccion_ - Leopoldo Ayala.pdf, p. 12; Taller de lectura y redaccion_ - Leopoldo Ayala.pdf, p. 151; Taller de lectura y redaccion_ - Leopoldo Ayala.pdf, p. 19; Taller de lectura y redaccion_ - Leopoldo Ayala.pdf, p. 20","La ficha presenta coincidencias útiles, pero conviene revisar la pertinencia de cada cita. Se agruparon referencias de múltiples fuentes para enriquecer el concepto."
3,Lenguaje académico,media,0.2189,0.1379,Taller de lectura y redaccion_ - Leopoldo Ayala.pdf,pdf,p. 151,151,0.117,tfidf=0.1070; bonus=0.0100,"La claridad es la exposición limpia, la sintaxis correcta; es redactar un texto entendible sin que dé lugar a dudas. Cuando el pensamiento del que escribe es captado sin esfuerzo por la mente del lector, hay claridad. La claridad permite la total comprensión del texto.",Taller_de_lectura_y_redaccion____Leopoldo_Ayala_c5996d4dd8_b0151_f001,D:\Documentos\LaTEX\Template-Informe\UnADM\redaccion-en-contextos-virtuales\referencias-redaccion-en-contextos-virtuales\libros-redaccion-en-contextos-virtuales\Taller de lectura y redaccion_ - Leopoldo Ayala.pdf,"Escritura academica. De la teor - Juan Antonio Nunez Cortes.pdf, p. 14; La escritura academica en la fo - Maria Ines Corte Vitoria.pdf, p. 115; La escritura academica en la fo - Maria Ines Corte Vitoria.pdf, p. 118; La escritura academica en la fo - Maria Ines Corte Vitoria.pdf, p. 12; La escritura academica en la fo - Maria Ines Corte Vitoria.pdf, p. 139; La escritura academica en la fo - Maria Ines Corte Vitoria.pdf, p. 144; La escritura academica en la fo - Maria Ines Corte Vitoria.pdf, p. 48; La escritura academica en la fo - Maria Ines Corte Vitoria.pdf, p. 49; La escritura academica en la fo - Maria Ines Corte Vitoria.pdf, p. 52; La escritura academica en la fo - Maria Ines Corte Vitoria.pdf, p. 69; La escritura academica en la fo - Maria Ines Corte Vitoria.pdf, p. 71; La escritura academica en la fo - Maria Ines Corte Vitoria.pdf, p. 77; La escritura academica en la fo - Maria Ines Corte Vitoria.pdf, p. 86; Taller de lectura y redaccion_ - Leopoldo Ayala.pdf, p. 11; Taller de lectura y redaccion_ - Leopoldo Ayala.pdf, p. 12; Taller de lectura y redaccion_ - Leopoldo Ayala.pdf, p. 151; Taller de lectura y redaccion_ - Leopoldo Ayala.pdf, p. 19; Taller de lectura y redaccion_ - Leopoldo Ayala.pdf, p. 20","La ficha presenta coincidencias útiles, pero conviene revisar la pertinencia de cada cita. Se agruparon referencias de múltiples fuentes para enriquecer el concepto."
3,Lenguaje académico,media,0.2189,0.1379,La escritura academica en la fo - Maria Ines Corte Vitoria.pdf,pdf,p. 49,49,0.1123,tfidf=0.0723; bonus=0.0400,"Si pensamos en el sentido y en la naturaleza de la escritura como producto cultural, debemos recordar que también sirve para comunicar, difundir ideas, conocimientos, pareceres, reflexiones y análisis que no siempre pueden vehicularse a través de modelos herméticos o protocolares. Por eso, es necesario subrayar que la escrita académica es un género de escritura que une el rigor del lenguaje científico con los recursos típicos del lenguaje escrito para constituirse como una escritura que combina contenido y estructura formal. No se trata, pues, de analizar solo lo que el estudiante escribe, sino también cómo lo escribe.",La_escritura_academica_en_la_fo___Maria_Ines_Corte_Vitoria_b72aa8e231_b0049_f001,D:\Documentos\LaTEX\Template-Informe\UnADM\redaccion-en-contextos-virtuales\referencias-redaccion-en-contextos-virtuales\libros-redaccion-en-contextos-virtuales\La escritura academica en la fo - Maria Ines Corte Vitoria.pdf,"Escritura academica. De la teor - Juan Antonio Nunez Cortes.pdf, p. 14; La escritura academica en la fo - Maria Ines Corte Vitoria.pdf, p. 115; La escritura academica en la fo - Maria Ines Corte Vitoria.pdf, p. 118; La escritura academica en la fo - Maria Ines Corte Vitoria.pdf, p. 12; La escritura academica en la fo - Maria Ines Corte Vitoria.pdf, p. 139; La escritura academica en la fo - Maria Ines Corte Vitoria.pdf, p. 144; La escritura academica en la fo - Maria Ines Corte Vitoria.pdf, p. 48; La escritura academica en la fo - Maria Ines Corte Vitoria.pdf, p. 49; La escritura academica en la fo - Maria Ines Corte Vitoria.pdf, p. 52; La escritura academica en la fo - Maria Ines Corte Vitoria.pdf, p. 69; La escritura academica en la fo - Maria Ines Corte Vitoria.pdf, p. 71; La escritura academica en la fo - Maria Ines Corte Vitoria.pdf, p. 77; La escritura academica en la fo - Maria Ines Corte Vitoria.pdf, p. 86; Taller de lectura y redaccion_ - Leopoldo Ayala.pdf, p. 11; Taller de lectura y redaccion_ - Leopoldo Ayala.pdf, p. 12; Taller de lectura y redaccion_ - Leopoldo Ayala.pdf, p. 151; Taller de lectura y redaccion_ - Leopoldo Ayala.pdf, p. 19; Taller de lectura y redaccion_ - Leopoldo Ayala.pdf, p. 20","La ficha presenta coincidencias útiles, pero conviene revisar la pertinencia de cada cita. Se agruparon referencias de múltiples fuentes para enriquecer el concepto."
3,Lenguaje académico,media,0.2189,0.1379,La escritura academica en la fo - Maria Ines Corte Vitoria.pdf,pdf,p. 77,77,0.1062,tfidf=0.0762; bonus=0.0300,"Quizás podríamos sintetizar el sentido de la didáctica de la escritura señalando que nuestra meta es que nuestros estudiantes tengan algo relevante que comunicar, que sepan cómo expresarlo por escrito a través del género textual oportuno y que lo hagan de forma personal, creativa y formalmente correcta. Y podría añadirse a ello una condición más: que lo hagan de forma bella; pero esa puede ser una exigencia excesiva, en general, e irrelevante en ciertos géneros textuales de comunicación científica. La didáctica de la escritura tiene que ver, por tanto, con los dispositivos docentes que se ponen en marcha para facilitar a los estudiantes el dominio de la competencia de expresión escrita.",La_escritura_academica_en_la_fo___Maria_Ines_Corte_Vitoria_b72aa8e231_b0077_f003,D:\Documentos\LaTEX\Template-Informe\UnADM\redaccion-en-contextos-virtuales\referencias-redaccion-en-contextos-virtuales\libros-redaccion-en-contextos-virtuales\La escritura academica en la fo - Maria Ines Corte Vitoria.pdf,"Escritura academica. De la teor - Juan Antonio Nunez Cortes.pdf, p. 14; La escritura academica en la fo - Maria Ines Corte Vitoria.pdf, p. 115; La escritura academica en la fo - Maria Ines Corte Vitoria.pdf, p. 118; La escritura academica en la fo - Maria Ines Corte Vitoria.pdf, p. 12; La escritura academica en la fo - Maria Ines Corte Vitoria.pdf, p. 139; La escritura academica en la fo - Maria Ines Corte Vitoria.pdf, p. 144; La escritura academica en la fo - Maria Ines Corte Vitoria.pdf, p. 48; La escritura academica en la fo - Maria Ines Corte Vitoria.pdf, p. 49; La escritura academica en la fo - Maria Ines Corte Vitoria.pdf, p. 52; La escritura academica en la fo - Maria Ines Corte Vitoria.pdf, p. 69; La escritura academica en la fo - Maria Ines Corte Vitoria.pdf, p. 71; La escritura academica en la fo - Maria Ines Corte Vitoria.pdf, p. 77; La escritura academica en la fo - Maria Ines Corte Vitoria.pdf, p. 86; Taller de lectura y redaccion_ - Leopoldo Ayala.pdf, p. 11; Taller de lectura y redaccion_ - Leopoldo Ayala.pdf, p. 12; Taller de lectura y redaccion_ - Leopoldo Ayala.pdf, p. 151; Taller de lectura y redaccion_ - Leopoldo Ayala.pdf, p. 19; Taller de lectura y redaccion_ - Leopoldo Ayala.pdf, p. 20","La ficha presenta coincidencias útiles, pero conviene revisar la pertinencia de cada cita. Se agruparon referencias de múltiples fuentes para enriquecer el concepto."
3,Lenguaje académico,media,0.2189,0.1379,La escritura academica en la fo - Maria Ines Corte Vitoria.pdf,pdf,p. 86,86,0.1052,tfidf=0.0752; bonus=0.0300,"los protocolos de la escritura que casi nunca pensamos en el sentido que esta tiene para ellos y ellas. Esa era la idea que nos transmitían dos estudiantes, Lorena y Rocío, para quienes la escritura académica es aquella que se produce en el ámbito universitario y científico, y no solamente aquella que se hace para el ámbito universitario y científico. Por tanto, la escritura académica comprende tanto los trabajos producidos por los alumnos universitarios (exámenes y textos de diversos géneros que funcionan como trabajos prácticos, evaluaciones, etc.), como aquellos otros elaborados en la academia para la difusión del conocimiento científico.",La_escritura_academica_en_la_fo___Maria_Ines_Corte_Vitoria_b72aa8e231_b0086_f001,D:\Documentos\LaTEX\Template-Informe\UnADM\redaccion-en-contextos-virtuales\referencias-redaccion-en-contextos-virtuales\libros-redaccion-en-contextos-virtuales\La escritura academica en la fo - Maria Ines Corte Vitoria.pdf,"Escritura academica. De la teor - Juan Antonio Nunez Cortes.pdf, p. 14; La escritura academica en la fo - Maria Ines Corte Vitoria.pdf, p. 115; La escritura academica en la fo - Maria Ines Corte Vitoria.pdf, p. 118; La escritura academica en la fo - Maria Ines Corte Vitoria.pdf, p. 12; La escritura academica en la fo - Maria Ines Corte Vitoria.pdf, p. 139; La escritura academica en la fo - Maria Ines Corte Vitoria.pdf, p. 144; La escritura academica en la fo - Maria Ines Corte Vitoria.pdf, p. 48; La escritura academica en la fo - Maria Ines Corte Vitoria.pdf, p. 49; La escritura academica en la fo - Maria Ines Corte Vitoria.pdf, p. 52; La escritura academica en la fo - Maria Ines Corte Vitoria.pdf, p. 69; La escritura academica en la fo - Maria Ines Corte Vitoria.pdf, p. 71; La escritura academica en la fo - Maria Ines Corte Vitoria.pdf, p. 77; La escritura academica en la fo - Maria Ines Corte Vitoria.pdf, p. 86; Taller de lectura y redaccion_ - Leopoldo Ayala.pdf, p. 11; Taller de lectura y redaccion_ - Leopoldo Ayala.pdf, p. 12; Taller de lectura y redaccion_ - Leopoldo Ayala.pdf, p. 151; Taller de lectura y redaccion_ - Leopoldo Ayala.pdf, p. 19; Taller de lectura y redaccion_ - Leopoldo Ayala.pdf, p. 20","La ficha presenta coincidencias útiles, pero conviene revisar la pertinencia de cada cita. Se agruparon referencias de múltiples fuentes para enriquecer el concepto."
3,Lenguaje académico,media,0.2189,0.1379,La escritura academica en la fo - Maria Ines Corte Vitoria.pdf,pdf,p. 139,139,0.094,tfidf=0.0740; bonus=0.0200,"Por eso mismo, registrar sin vacilación lo que nos viene a la cabeza, incluso si esa primera escritura fuera aparentemente tosca y primaria, significa dar un gran paso en la dirección a una escritura que será mejorada y cuidada en momentos posteriores. Solo podemos mejorar aquello que ya existe y es precisamente esa idea de escritura académica la que queremos enfatizar: el distanciamiento como forma de analizar y reelaborar la propia escritura con más precisión y objetividad.",La_escritura_academica_en_la_fo___Maria_Ines_Corte_Vitoria_b72aa8e231_b0139_f001,D:\Documentos\LaTEX\Template-Informe\UnADM\redaccion-en-contextos-virtuales\referencias-redaccion-en-contextos-virtuales\libros-redaccion-en-contextos-virtuales\La escritura academica en la fo - Maria Ines Corte Vitoria.pdf,"Escritura academica. De la teor - Juan Antonio Nunez Cortes.pdf, p. 14; La escritura academica en la fo - Maria Ines Corte Vitoria.pdf, p. 115; La escritura academica en la fo - Maria Ines Corte Vitoria.pdf, p. 118; La escritura academica en la fo - Maria Ines Corte Vitoria.pdf, p. 12; La escritura academica en la fo - Maria Ines Corte Vitoria.pdf, p. 139; La escritura academica en la fo - Maria Ines Corte Vitoria.pdf, p. 144; La escritura academica en la fo - Maria Ines Corte Vitoria.pdf, p. 48; La escritura academica en la fo - Maria Ines Corte Vitoria.pdf, p. 49; La escritura academica en la fo - Maria Ines Corte Vitoria.pdf, p. 52; La escritura academica en la fo - Maria Ines Corte Vitoria.pdf, p. 69; La escritura academica en la fo - Maria Ines Corte Vitoria.pdf, p. 71; La escritura academica en la fo - Maria Ines Corte Vitoria.pdf, p. 77; La escritura academica en la fo - Maria Ines Corte Vitoria.pdf, p. 86; Taller de lectura y redaccion_ - Leopoldo Ayala.pdf, p. 11; Taller de lectura y redaccion_ - Leopoldo Ayala.pdf, p. 12; Taller de lectura y redaccion_ - Leopoldo Ayala.pdf, p. 151; Taller de lectura y redaccion_ - Leopoldo Ayala.pdf, p. 19; Taller de lectura y redaccion_ - Leopoldo Ayala.pdf, p. 20","La ficha presenta coincidencias útiles, pero conviene revisar la pertinencia de cada cita. Se agruparon referencias de múltiples fuentes para enriquecer el concepto."
3,Lenguaje académico,media,0.2189,0.1379,La escritura academica en la fo - Maria Ines Corte Vitoria.pdf,pdf,p. 118,118,0.0861,tfidf=0.0461; bonus=0.0400,"Producto: Como ya hemos señalado, las guías institucionales para la realización de los TFG pautan con precisión las características del producto que los estudiantes han de lograr. Es verdad que se trata de pautas formales, en su mayor parte, lo cual no deja de representar una cierta contradicción entre los elevados propósitos que se atribuyen a estos trabajos (siempre muy vinculados a aprendizajes de alto nivel) y los aspectos formales que se exigen.",La_escritura_academica_en_la_fo___Maria_Ines_Corte_Vitoria_b72aa8e231_b0118_f002,D:\Documentos\LaTEX\Template-Informe\UnADM\redaccion-en-contextos-virtuales\referencias-redaccion-en-contextos-virtuales\libros-redaccion-en-contextos-virtuales\La escritura academica en la fo - Maria Ines Corte Vitoria.pdf,"Escritura academica. De la teor - Juan Antonio Nunez Cortes.pdf, p. 14; La escritura academica en la fo - Maria Ines Corte Vitoria.pdf, p. 115; La escritura academica en la fo - Maria Ines Corte Vitoria.pdf, p. 118; La escritura academica en la fo - Maria Ines Corte Vitoria.pdf, p. 12; La escritura academica en la fo - Maria Ines Corte Vitoria.pdf, p. 139; La escritura academica en la fo - Maria Ines Corte Vitoria.pdf, p. 144; La escritura academica en la fo - Maria Ines Corte Vitoria.pdf, p. 48; La escritura academica en la fo - Maria Ines Corte Vitoria.pdf, p. 49; La escritura academica en la fo - Maria Ines Corte Vitoria.pdf, p. 52; La escritura academica en la fo - Maria Ines Corte Vitoria.pdf, p. 69; La escritura academica en la fo - Maria Ines Corte Vitoria.pdf, p. 71; La escritura academica en la fo - Maria Ines Corte Vitoria.pdf, p. 77; La escritura academica en la fo - Maria Ines Corte Vitoria.pdf, p. 86; Taller de lectura y redaccion_ - Leopoldo Ayala.pdf, p. 11; Taller de lectura y redaccion_ - Leopoldo Ayala.pdf, p. 12; Taller de lectura y redaccion_ - Leopoldo Ayala.pdf, p. 151; Taller de lectura y redaccion_ - Leopoldo Ayala.pdf, p. 19; Taller de lectura y redaccion_ - Leopoldo Ayala.pdf, p. 20","La ficha presenta coincidencias útiles, pero conviene revisar la pertinencia de cada cita. Se agruparon referencias de múltiples fuentes para enriquecer el concepto."
4,Proceso comunicativo,media,0.1431,0.0857,La escritura academica en la fo - Maria Ines Corte Vitoria.pdf,pdf,p. 44,44,0.1431,tfidf=0.1031; bonus=0.0400,"Convertirla en señal (sonidos vocálicos, letras escritas, gestos, dibujos). Transmitir la señal a través de nuestros órganos y sentidos emisores (voz, escritura, gestos, etc.). • • El proceso se realiza a través de un recorrido contrario por parte del receptor del mensaje: recibirá una señal en sus receptores, la decodificará y (re)construirá con ella la idea que el emisor pretendía enviarle. Como sucede en todos estos procesos interrelacionados, la fortaleza del conjunto de la cadena nunca puede ser mayor que la del más débil de sus eslabones.",La_escritura_academica_en_la_fo___Maria_Ines_Corte_Vitoria_b72aa8e231_b0044_f001,D:\Documentos\LaTEX\Template-Informe\UnADM\redaccion-en-contextos-virtuales\referencias-redaccion-en-contextos-virtuales\libros-redaccion-en-contextos-virtuales\La escritura academica en la fo - Maria Ines Corte Vitoria.pdf,"Escritura academica. De la teor - Juan Antonio Nunez Cortes.pdf, p. 132; Escritura academica. De la teor - Juan Antonio Nunez Cortes.pdf, p. 135; Escritura academica. De la teor - Juan Antonio Nunez Cortes.pdf, p. 18; Escritura academica. De la teor - Juan Antonio Nunez Cortes.pdf, p. 19; Escritura academica. De la teor - Juan Antonio Nunez Cortes.pdf, p. 20; Escritura academica. De la teor - Juan Antonio Nunez Cortes.pdf, p. 88; Escritura academica. De la teor - Juan Antonio Nunez Cortes.pdf, p. 91; Escritura academica. De la teor - Juan Antonio Nunez Cortes.pdf, p. 93; Escritura academica. De la teor - Juan Antonio Nunez Cortes.pdf, p. 96; La escritura academica en la fo - Maria Ines Corte Vitoria.pdf, p. 106; La escritura academica en la fo - Maria Ines Corte Vitoria.pdf, p. 13; La escritura academica en la fo - Maria Ines Corte Vitoria.pdf, p. 131; La escritura academica en la fo - Maria Ines Corte Vitoria.pdf, p. 16; La escritura academica en la fo - Maria Ines Corte Vitoria.pdf, p. 37; La escritura academica en la fo - Maria Ines Corte Vitoria.pdf, p. 44; La escritura academica en la fo - Maria Ines Corte Vitoria.pdf, p. 70; La escritura academica en la fo - Maria Ines Corte Vitoria.pdf, p. 81; La escritura academica en la fo - Maria Ines Corte Vitoria.pdf, p. 85; La escritura academica en la fo - Maria Ines Corte Vitoria.pdf, p. 97; Taller de lectura y redaccion_ - Leopoldo Ayala.pdf, p. 12; Taller de lectura y redaccion_ - Leopoldo Ayala.pdf, p. 185; Taller de lectura y redaccion_ - Leopoldo Ayala.pdf, p. 80","La ficha presenta coincidencias útiles, pero conviene revisar la pertinencia de cada cita. Se agruparon referencias de múltiples fuentes para enriquecer el concepto. Hay 12 referencia(s) de baja similitud que podrían introducir ruido."
4,Proceso comunicativo,media,0.1431,0.0857,Escritura academica. De la teor - Juan Antonio Nunez Cortes.pdf,pdf,p. 18,18,0.1408,tfidf=0.1208; bonus=0.0200,"Está constatado que este proceso de retroalimentación por parte de los profesores mejora la calidad de los textos de los estudiantes en un breve período de tiempo. No obstante, pese a la importancia que los profesores deberían dar a estas actividades, estos parcialmente utilizan la estrategia de la retroalimentación; y tampoco presentan a los estudiantes ejemplos modelo de los textos que han de escribir. Por esto, es también responsabilidad de los estudiantes demandar estas acciones a sus profesores a través de espacios como las tutorías, en este nuevo marco de enseñanzas universitarias.",Escritura_academica__De_la_teor___Juan_Antonio_Nunez_Cortes_1a16d092a9_b0018_f002,D:\Documentos\LaTEX\Template-Informe\UnADM\redaccion-en-contextos-virtuales\referencias-redaccion-en-contextos-virtuales\libros-redaccion-en-contextos-virtuales\Escritura academica. De la teor - Juan Antonio Nunez Cortes.pdf,"Escritura academica. De la teor - Juan Antonio Nunez Cortes.pdf, p. 132; Escritura academica. De la teor - Juan Antonio Nunez Cortes.pdf, p. 135; Escritura academica. De la teor - Juan Antonio Nunez Cortes.pdf, p. 18; Escritura academica. De la teor - Juan Antonio Nunez Cortes.pdf, p. 19; Escritura academica. De la teor - Juan Antonio Nunez Cortes.pdf, p. 20; Escritura academica. De la teor - Juan Antonio Nunez Cortes.pdf, p. 88; Escritura academica. De la teor - Juan Antonio Nunez Cortes.pdf, p. 91; Escritura academica. De la teor - Juan Antonio Nunez Cortes.pdf, p. 93; Escritura academica. De la teor - Juan Antonio Nunez Cortes.pdf, p. 96; La escritura academica en la fo - Maria Ines Corte Vitoria.pdf, p. 106; La escritura academica en la fo - Maria Ines Corte Vitoria.pdf, p. 13; La escritura academica en la fo - Maria Ines Corte Vitoria.pdf, p. 131; La escritura academica en la fo - Maria Ines Corte Vitoria.pdf, p. 16; La escritura academica en la fo - Maria Ines Corte Vitoria.pdf, p. 37; La escritura academica en la fo - Maria Ines Corte Vitoria.pdf, p. 44; La escritura academica en la fo - Maria Ines Corte Vitoria.pdf, p. 70; La escritura academica en la fo - Maria Ines Corte Vitoria.pdf, p. 81; La escritura academica en la fo - Maria Ines Corte Vitoria.pdf, p. 85; La escritura academica en la fo - Maria Ines Corte Vitoria.pdf, p. 97; Taller de lectura y redaccion_ - Leopoldo Ayala.pdf, p. 12; Taller de lectura y redaccion_ - Leopoldo Ayala.pdf, p. 185; Taller de lectura y redaccion_ - Leopoldo Ayala.pdf, p. 80","La ficha presenta coincidencias útiles, pero conviene revisar la pertinencia de cada cita. Se agruparon referencias de múltiples fuentes para enriquecer el concepto. Hay 12 referencia(s) de baja similitud que podrían introducir ruido."
4,Proceso comunicativo,media,0.1431,0.0857,La escritura academica en la fo - Maria Ines Corte Vitoria.pdf,pdf,p. 131,131,0.1397,tfidf=0.1197; bonus=0.0200,"En definitiva, se trata de salvaguardar que las tesis doctorales cumplan su principal objetivo: ser el reflejo, el soporte de comunicación de un proceso de investigación que se 131",La_escritura_academica_en_la_fo___Maria_Ines_Corte_Vitoria_b72aa8e231_b0131_f004,D:\Documentos\LaTEX\Template-Informe\UnADM\redaccion-en-contextos-virtuales\referencias-redaccion-en-contextos-virtuales\libros-redaccion-en-contextos-virtuales\La escritura academica en la fo - Maria Ines Corte Vitoria.pdf,"Escritura academica. De la teor - Juan Antonio Nunez Cortes.pdf, p. 132; Escritura academica. De la teor - Juan Antonio Nunez Cortes.pdf, p. 135; Escritura academica. De la teor - Juan Antonio Nunez Cortes.pdf, p. 18; Escritura academica. De la teor - Juan Antonio Nunez Cortes.pdf, p. 19; Escritura academica. De la teor - Juan Antonio Nunez Cortes.pdf, p. 20; Escritura academica. De la teor - Juan Antonio Nunez Cortes.pdf, p. 88; Escritura academica. De la teor - Juan Antonio Nunez Cortes.pdf, p. 91; Escritura academica. De la teor - Juan Antonio Nunez Cortes.pdf, p. 93; Escritura academica. De la teor - Juan Antonio Nunez Cortes.pdf, p. 96; La escritura academica en la fo - Maria Ines Corte Vitoria.pdf, p. 106; La escritura academica en la fo - Maria Ines Corte Vitoria.pdf, p. 13; La escritura academica en la fo - Maria Ines Corte Vitoria.pdf, p. 131; La escritura academica en la fo - Maria Ines Corte Vitoria.pdf, p. 16; La escritura academica en la fo - Maria Ines Corte Vitoria.pdf, p. 37; La escritura academica en la fo - Maria Ines Corte Vitoria.pdf, p. 44; La escritura academica en la fo - Maria Ines Corte Vitoria.pdf, p. 70; La escritura academica en la fo - Maria Ines Corte Vitoria.pdf, p. 81; La escritura academica en la fo - Maria Ines Corte Vitoria.pdf, p. 85; La escritura academica en la fo - Maria Ines Corte Vitoria.pdf, p. 97; Taller de lectura y redaccion_ - Leopoldo Ayala.pdf, p. 12; Taller de lectura y redaccion_ - Leopoldo Ayala.pdf, p. 185; Taller de lectura y redaccion_ - Leopoldo Ayala.pdf, p. 80","La ficha presenta coincidencias útiles, pero conviene revisar la pertinencia de cada cita. Se agruparon referencias de múltiples fuentes para enriquecer el concepto. Hay 12 referencia(s) de baja similitud que podrían introducir ruido."
4,Proceso comunicativo,media,0.1431,0.0857,Taller de lectura y redaccion_ - Leopoldo Ayala.pdf,pdf,p. 185,185,0.1086,tfidf=0.0886; bonus=0.0200,"La obra es el medio a través del cual el autor se comunica con el lector que es el receptor de su mensaje. Tiene función paralela a otros medios de comunicación como el cine de arte, la televisión cultural y el teatro.",Taller_de_lectura_y_redaccion____Leopoldo_Ayala_c5996d4dd8_b0185_f002,D:\Documentos\LaTEX\Template-Informe\UnADM\redaccion-en-contextos-virtuales\referencias-redaccion-en-contextos-virtuales\libros-redaccion-en-contextos-virtuales\Taller de lectura y redaccion_ - Leopoldo Ayala.pdf,"Escritura academica. De la teor - Juan Antonio Nunez Cortes.pdf, p. 132; Escritura academica. De la teor - Juan Antonio Nunez Cortes.pdf, p. 135; Escritura academica. De la teor - Juan Antonio Nunez Cortes.pdf, p. 18; Escritura academica. De la teor - Juan Antonio Nunez Cortes.pdf, p. 19; Escritura academica. De la teor - Juan Antonio Nunez Cortes.pdf, p. 20; Escritura academica. De la teor - Juan Antonio Nunez Cortes.pdf, p. 88; Escritura academica. De la teor - Juan Antonio Nunez Cortes.pdf, p. 91; Escritura academica. De la teor - Juan Antonio Nunez Cortes.pdf, p. 93; Escritura academica. De la teor - Juan Antonio Nunez Cortes.pdf, p. 96; La escritura academica en la fo - Maria Ines Corte Vitoria.pdf, p. 106; La escritura academica en la fo - Maria Ines Corte Vitoria.pdf, p. 13; La escritura academica en la fo - Maria Ines Corte Vitoria.pdf, p. 131; La escritura academica en la fo - Maria Ines Corte Vitoria.pdf, p. 16; La escritura academica en la fo - Maria Ines Corte Vitoria.pdf, p. 37; La escritura academica en la fo - Maria Ines Corte Vitoria.pdf, p. 44; La escritura academica en la fo - Maria Ines Corte Vitoria.pdf, p. 70; La escritura academica en la fo - Maria Ines Corte Vitoria.pdf, p. 81; La escritura academica en la fo - Maria Ines Corte Vitoria.pdf, p. 85; La escritura academica en la fo - Maria Ines Corte Vitoria.pdf, p. 97; Taller de lectura y redaccion_ - Leopoldo Ayala.pdf, p. 12; Taller de lectura y redaccion_ - Leopoldo Ayala.pdf, p. 185; Taller de lectura y redaccion_ - Leopoldo Ayala.pdf, p. 80","La ficha presenta coincidencias útiles, pero conviene revisar la pertinencia de cada cita. Se agruparon referencias de múltiples fuentes para enriquecer el concepto. Hay 12 referencia(s) de baja similitud que podrían introducir ruido."
4,Proceso comunicativo,media,0.1431,0.0857,Taller de lectura y redaccion_ - Leopoldo Ayala.pdf,pdf,p. 80,80,0.1072,tfidf=0.0972; bonus=0.0100,"Si queremos decir cómo deseamos que se eduquen nuestros niños, debemos decir sin vacilación: ¡Queremos que se eduquen en el espíritu del Che! Si queremos un modelo de hombre, un modelo de hombre que no pertenece a este tiempo, un modelo de hombre que pertenece a los tiempos futuros, de corazón digo que ese modelo, sin una sola mancha en su conducta, sin una sola mancha en su actitud, sin una sola mancha en su actuación: ¡Ese modelo es el Che! Si queremos saber cómo deseamos que sean nuestros hijos, debemos decir con todo el corazón de vehementes revolu- cionarios: ¡Queremos que sean como el Che!",Taller_de_lectura_y_redaccion____Leopoldo_Ayala_c5996d4dd8_b0080_f002,D:\Documentos\LaTEX\Template-Informe\UnADM\redaccion-en-contextos-virtuales\referencias-redaccion-en-contextos-virtuales\libros-redaccion-en-contextos-virtuales\Taller de lectura y redaccion_ - Leopoldo Ayala.pdf,"Escritura academica. De la teor - Juan Antonio Nunez Cortes.pdf, p. 132; Escritura academica. De la teor - Juan Antonio Nunez Cortes.pdf, p. 135; Escritura academica. De la teor - Juan Antonio Nunez Cortes.pdf, p. 18; Escritura academica. De la teor - Juan Antonio Nunez Cortes.pdf, p. 19; Escritura academica. De la teor - Juan Antonio Nunez Cortes.pdf, p. 20; Escritura academica. De la teor - Juan Antonio Nunez Cortes.pdf, p. 88; Escritura academica. De la teor - Juan Antonio Nunez Cortes.pdf, p. 91; Escritura academica. De la teor - Juan Antonio Nunez Cortes.pdf, p. 93; Escritura academica. De la teor - Juan Antonio Nunez Cortes.pdf, p. 96; La escritura academica en la fo - Maria Ines Corte Vitoria.pdf, p. 106; La escritura academica en la fo - Maria Ines Corte Vitoria.pdf, p. 13; La escritura academica en la fo - Maria Ines Corte Vitoria.pdf, p. 131; La escritura academica en la fo - Maria Ines Corte Vitoria.pdf, p. 16; La escritura academica en la fo - Maria Ines Corte Vitoria.pdf, p. 37; La escritura academica en la fo - Maria Ines Corte Vitoria.pdf, p. 44; La escritura academica en la fo - Maria Ines Corte Vitoria.pdf, p. 70; La escritura academica en la fo - Maria Ines Corte Vitoria.pdf, p. 81; La escritura academica en la fo - Maria Ines Corte Vitoria.pdf, p. 85; La escritura academica en la fo - Maria Ines Corte Vitoria.pdf, p. 97; Taller de lectura y redaccion_ - Leopoldo Ayala.pdf, p. 12; Taller de lectura y redaccion_ - Leopoldo Ayala.pdf, p. 185; Taller de lectura y redaccion_ - Leopoldo Ayala.pdf, p. 80","La ficha presenta coincidencias útiles, pero conviene revisar la pertinencia de cada cita. Se agruparon referencias de múltiples fuentes para enriquecer el concepto. Hay 12 referencia(s) de baja similitud que podrían introducir ruido."
4,Proceso comunicativo,media,0.1431,0.0857,Escritura academica. De la teor - Juan Antonio Nunez Cortes.pdf,pdf,p. 19,19,0.1066,tfidf=0.0966; bonus=0.0100,"44). Ahora bien, entienden que pasar de un modelo a otro conlleva la reconstrucción de una estructura cognitiva y que no es un mero proceso de crecimiento. Pese a que parezca obvio, existe un gran desconocimiento por parte de los profesores, y también de las instituciones, del potencial epistémico que tiene la escritura (Carlino, 2003), aun cuando las materias se pueden y deben aprender leyendo y escribiendo textos relacionados con tales materias, entre otras actividades.",Escritura_academica__De_la_teor___Juan_Antonio_Nunez_Cortes_1a16d092a9_b0019_f002,D:\Documentos\LaTEX\Template-Informe\UnADM\redaccion-en-contextos-virtuales\referencias-redaccion-en-contextos-virtuales\libros-redaccion-en-contextos-virtuales\Escritura academica. De la teor - Juan Antonio Nunez Cortes.pdf,"Escritura academica. De la teor - Juan Antonio Nunez Cortes.pdf, p. 132; Escritura academica. De la teor - Juan Antonio Nunez Cortes.pdf, p. 135; Escritura academica. De la teor - Juan Antonio Nunez Cortes.pdf, p. 18; Escritura academica. De la teor - Juan Antonio Nunez Cortes.pdf, p. 19; Escritura academica. De la teor - Juan Antonio Nunez Cortes.pdf, p. 20; Escritura academica. De la teor - Juan Antonio Nunez Cortes.pdf, p. 88; Escritura academica. De la teor - Juan Antonio Nunez Cortes.pdf, p. 91; Escritura academica. De la teor - Juan Antonio Nunez Cortes.pdf, p. 93; Escritura academica. De la teor - Juan Antonio Nunez Cortes.pdf, p. 96; La escritura academica en la fo - Maria Ines Corte Vitoria.pdf, p. 106; La escritura academica en la fo - Maria Ines Corte Vitoria.pdf, p. 13; La escritura academica en la fo - Maria Ines Corte Vitoria.pdf, p. 131; La escritura academica en la fo - Maria Ines Corte Vitoria.pdf, p. 16; La escritura academica en la fo - Maria Ines Corte Vitoria.pdf, p. 37; La escritura academica en la fo - Maria Ines Corte Vitoria.pdf, p. 44; La escritura academica en la fo - Maria Ines Corte Vitoria.pdf, p. 70; La escritura academica en la fo - Maria Ines Corte Vitoria.pdf, p. 81; La escritura academica en la fo - Maria Ines Corte Vitoria.pdf, p. 85; La escritura academica en la fo - Maria Ines Corte Vitoria.pdf, p. 97; Taller de lectura y redaccion_ - Leopoldo Ayala.pdf, p. 12; Taller de lectura y redaccion_ - Leopoldo Ayala.pdf, p. 185; Taller de lectura y redaccion_ - Leopoldo Ayala.pdf, p. 80","La ficha presenta coincidencias útiles, pero conviene revisar la pertinencia de cada cita. Se agruparon referencias de múltiples fuentes para enriquecer el concepto. Hay 12 referencia(s) de baja similitud que podrían introducir ruido."
4,Proceso comunicativo,media,0.1431,0.0857,Escritura academica. De la teor - Juan Antonio Nunez Cortes.pdf,pdf,p. 135,135,0.0848,tfidf=0.0748; bonus=0.0100,"Actividad 6 1. Enfermedad: nuestro modelo civilizatorio. Síntomas: cambio climático, pérdida de biodiversidad, consumismo, hambrunas y guerras.",Escritura_academica__De_la_teor___Juan_Antonio_Nunez_Cortes_1a16d092a9_b0135_f001,D:\Documentos\LaTEX\Template-Informe\UnADM\redaccion-en-contextos-virtuales\referencias-redaccion-en-contextos-virtuales\libros-redaccion-en-contextos-virtuales\Escritura academica. De la teor - Juan Antonio Nunez Cortes.pdf,"Escritura academica. De la teor - Juan Antonio Nunez Cortes.pdf, p. 132; Escritura academica. De la teor - Juan Antonio Nunez Cortes.pdf, p. 135; Escritura academica. De la teor - Juan Antonio Nunez Cortes.pdf, p. 18; Escritura academica. De la teor - Juan Antonio Nunez Cortes.pdf, p. 19; Escritura academica. De la teor - Juan Antonio Nunez Cortes.pdf, p. 20; Escritura academica. De la teor - Juan Antonio Nunez Cortes.pdf, p. 88; Escritura academica. De la teor - Juan Antonio Nunez Cortes.pdf, p. 91; Escritura academica. De la teor - Juan Antonio Nunez Cortes.pdf, p. 93; Escritura academica. De la teor - Juan Antonio Nunez Cortes.pdf, p. 96; La escritura academica en la fo - Maria Ines Corte Vitoria.pdf, p. 106; La escritura academica en la fo - Maria Ines Corte Vitoria.pdf, p. 13; La escritura academica en la fo - Maria Ines Corte Vitoria.pdf, p. 131; La escritura academica en la fo - Maria Ines Corte Vitoria.pdf, p. 16; La escritura academica en la fo - Maria Ines Corte Vitoria.pdf, p. 37; La escritura academica en la fo - Maria Ines Corte Vitoria.pdf, p. 44; La escritura academica en la fo - Maria Ines Corte Vitoria.pdf, p. 70; La escritura academica en la fo - Maria Ines Corte Vitoria.pdf, p. 81; La escritura academica en la fo - Maria Ines Corte Vitoria.pdf, p. 85; La escritura academica en la fo - Maria Ines Corte Vitoria.pdf, p. 97; Taller de lectura y redaccion_ - Leopoldo Ayala.pdf, p. 12; Taller de lectura y redaccion_ - Leopoldo Ayala.pdf, p. 185; Taller de lectura y redaccion_ - Leopoldo Ayala.pdf, p. 80","La ficha presenta coincidencias útiles, pero conviene revisar la pertinencia de cada cita. Se agruparon referencias de múltiples fuentes para enriquecer el concepto. Hay 12 referencia(s) de baja similitud que podrían introducir ruido."
4,Proceso comunicativo,media,0.1431,0.0857,Escritura academica. De la teor - Juan Antonio Nunez Cortes.pdf,pdf,p. 20,20,0.0839,tfidf=0.0639; bonus=0.0200,"investigaciones sobre la escritura de estudiantes de los diferentes niveles educativos. El modelo de Flower y Hayes, propuesto en el año 1981 en A Cognitive Process Theory of Writing y matizado por los mismos autores años después, tiene en cuenta el problema retórico, la memoria a largo plazo y tres procesos interrelacionados, que son la planificación, la traducción y la revisión. A partir de estos procesos, se han propuesto una serie de estrategias o habilidades de la expresión escrita que todo estudiante universitario ha de tener en cuenta (Cassany, Luna y Sanz, 1994; Prado, 2004).",Escritura_academica__De_la_teor___Juan_Antonio_Nunez_Cortes_1a16d092a9_b0020_f001,D:\Documentos\LaTEX\Template-Informe\UnADM\redaccion-en-contextos-virtuales\referencias-redaccion-en-contextos-virtuales\libros-redaccion-en-contextos-virtuales\Escritura academica. De la teor - Juan Antonio Nunez Cortes.pdf,"Escritura academica. De la teor - Juan Antonio Nunez Cortes.pdf, p. 132; Escritura academica. De la teor - Juan Antonio Nunez Cortes.pdf, p. 135; Escritura academica. De la teor - Juan Antonio Nunez Cortes.pdf, p. 18; Escritura academica. De la teor - Juan Antonio Nunez Cortes.pdf, p. 19; Escritura academica. De la teor - Juan Antonio Nunez Cortes.pdf, p. 20; Escritura academica. De la teor - Juan Antonio Nunez Cortes.pdf, p. 88; Escritura academica. De la teor - Juan Antonio Nunez Cortes.pdf, p. 91; Escritura academica. De la teor - Juan Antonio Nunez Cortes.pdf, p. 93; Escritura academica. De la teor - Juan Antonio Nunez Cortes.pdf, p. 96; La escritura academica en la fo - Maria Ines Corte Vitoria.pdf, p. 106; La escritura academica en la fo - Maria Ines Corte Vitoria.pdf, p. 13; La escritura academica en la fo - Maria Ines Corte Vitoria.pdf, p. 131; La escritura academica en la fo - Maria Ines Corte Vitoria.pdf, p. 16; La escritura academica en la fo - Maria Ines Corte Vitoria.pdf, p. 37; La escritura academica en la fo - Maria Ines Corte Vitoria.pdf, p. 44; La escritura academica en la fo - Maria Ines Corte Vitoria.pdf, p. 70; La escritura academica en la fo - Maria Ines Corte Vitoria.pdf, p. 81; La escritura academica en la fo - Maria Ines Corte Vitoria.pdf, p. 85; La escritura academica en la fo - Maria Ines Corte Vitoria.pdf, p. 97; Taller de lectura y redaccion_ - Leopoldo Ayala.pdf, p. 12; Taller de lectura y redaccion_ - Leopoldo Ayala.pdf, p. 185; Taller de lectura y redaccion_ - Leopoldo Ayala.pdf, p. 80","La ficha presenta coincidencias útiles, pero conviene revisar la pertinencia de cada cita. Se agruparon referencias de múltiples fuentes para enriquecer el concepto. Hay 12 referencia(s) de baja similitud que podrían introducir ruido."
4,Proceso comunicativo,media,0.1431,0.0857,Escritura academica. De la teor - Juan Antonio Nunez Cortes.pdf,pdf,p. 96,96,0.0839,tfidf=0.0539; bonus=0.0300,"Actividad 4 (Descargar o imprimir) Describa al posible lector de la siguiente definición de «escritor competente» (Cassany, 2014). Luego, reescríbala pensando en un lector diferente y explique las decisiones tomadas durante la escritura, ¿de qué manera modificó la definición original? ¿Por qué?",Escritura_academica__De_la_teor___Juan_Antonio_Nunez_Cortes_1a16d092a9_b0096_f001,D:\Documentos\LaTEX\Template-Informe\UnADM\redaccion-en-contextos-virtuales\referencias-redaccion-en-contextos-virtuales\libros-redaccion-en-contextos-virtuales\Escritura academica. De la teor - Juan Antonio Nunez Cortes.pdf,"Escritura academica. De la teor - Juan Antonio Nunez Cortes.pdf, p. 132; Escritura academica. De la teor - Juan Antonio Nunez Cortes.pdf, p. 135; Escritura academica. De la teor - Juan Antonio Nunez Cortes.pdf, p. 18; Escritura academica. De la teor - Juan Antonio Nunez Cortes.pdf, p. 19; Escritura academica. De la teor - Juan Antonio Nunez Cortes.pdf, p. 20; Escritura academica. De la teor - Juan Antonio Nunez Cortes.pdf, p. 88; Escritura academica. De la teor - Juan Antonio Nunez Cortes.pdf, p. 91; Escritura academica. De la teor - Juan Antonio Nunez Cortes.pdf, p. 93; Escritura academica. De la teor - Juan Antonio Nunez Cortes.pdf, p. 96; La escritura academica en la fo - Maria Ines Corte Vitoria.pdf, p. 106; La escritura academica en la fo - Maria Ines Corte Vitoria.pdf, p. 13; La escritura academica en la fo - Maria Ines Corte Vitoria.pdf, p. 131; La escritura academica en la fo - Maria Ines Corte Vitoria.pdf, p. 16; La escritura academica en la fo - Maria Ines Corte Vitoria.pdf, p. 37; La escritura academica en la fo - Maria Ines Corte Vitoria.pdf, p. 44; La escritura academica en la fo - Maria Ines Corte Vitoria.pdf, p. 70; La escritura academica en la fo - Maria Ines Corte Vitoria.pdf, p. 81; La escritura academica en la fo - Maria Ines Corte Vitoria.pdf, p. 85; La escritura academica en la fo - Maria Ines Corte Vitoria.pdf, p. 97; Taller de lectura y redaccion_ - Leopoldo Ayala.pdf, p. 12; Taller de lectura y redaccion_ - Leopoldo Ayala.pdf, p. 185; Taller de lectura y redaccion_ - Leopoldo Ayala.pdf, p. 80","La ficha presenta coincidencias útiles, pero conviene revisar la pertinencia de cada cita. Se agruparon referencias de múltiples fuentes para enriquecer el concepto. Hay 12 referencia(s) de baja similitud que podrían introducir ruido."
4,Proceso comunicativo,media,0.1431,0.0857,La escritura academica en la fo - Maria Ines Corte Vitoria.pdf,pdf,p. 16,16,0.0809,tfidf=0.0609; bonus=0.0200,"Con la escritura, se da un proceso inverso: nuestros aciertos son considerados algo esperado, y nuestros errores merecedores de críticas, generalmente acompañas de ríos de líneas reprobatorias que salen del lápiz rojo del profesor recolector de errores. No es de extrañar que de forma bien temprana tendamos a percibir la escritura como un producto, no como un proceso.",La_escritura_academica_en_la_fo___Maria_Ines_Corte_Vitoria_b72aa8e231_b0016_f003,D:\Documentos\LaTEX\Template-Informe\UnADM\redaccion-en-contextos-virtuales\referencias-redaccion-en-contextos-virtuales\libros-redaccion-en-contextos-virtuales\La escritura academica en la fo - Maria Ines Corte Vitoria.pdf,"Escritura academica. De la teor - Juan Antonio Nunez Cortes.pdf, p. 132; Escritura academica. De la teor - Juan Antonio Nunez Cortes.pdf, p. 135; Escritura academica. De la teor - Juan Antonio Nunez Cortes.pdf, p. 18; Escritura academica. De la teor - Juan Antonio Nunez Cortes.pdf, p. 19; Escritura academica. De la teor - Juan Antonio Nunez Cortes.pdf, p. 20; Escritura academica. De la teor - Juan Antonio Nunez Cortes.pdf, p. 88; Escritura academica. De la teor - Juan Antonio Nunez Cortes.pdf, p. 91; Escritura academica. De la teor - Juan Antonio Nunez Cortes.pdf, p. 93; Escritura academica. De la teor - Juan Antonio Nunez Cortes.pdf, p. 96; La escritura academica en la fo - Maria Ines Corte Vitoria.pdf, p. 106; La escritura academica en la fo - Maria Ines Corte Vitoria.pdf, p. 13; La escritura academica en la fo - Maria Ines Corte Vitoria.pdf, p. 131; La escritura academica en la fo - Maria Ines Corte Vitoria.pdf, p. 16; La escritura academica en la fo - Maria Ines Corte Vitoria.pdf, p. 37; La escritura academica en la fo - Maria Ines Corte Vitoria.pdf, p. 44; La escritura academica en la fo - Maria Ines Corte Vitoria.pdf, p. 70; La escritura academica en la fo - Maria Ines Corte Vitoria.pdf, p. 81; La escritura academica en la fo - Maria Ines Corte Vitoria.pdf, p. 85; La escritura academica en la fo - Maria Ines Corte Vitoria.pdf, p. 97; Taller de lectura y redaccion_ - Leopoldo Ayala.pdf, p. 12; Taller de lectura y redaccion_ - Leopoldo Ayala.pdf, p. 185; Taller de lectura y redaccion_ - Leopoldo Ayala.pdf, p. 80","La ficha presenta coincidencias útiles, pero conviene revisar la pertinencia de cada cita. Se agruparon referencias de múltiples fuentes para enriquecer el concepto. Hay 12 referencia(s) de baja similitud que podrían introducir ruido."
4,Proceso comunicativo,media,0.1431,0.0857,La escritura academica en la fo - Maria Ines Corte Vitoria.pdf,pdf,p. 13,13,0.0784,tfidf=0.0484; bonus=0.0300,"Por tanto, se trata de ofrecer al estudiante universitario recursos variados y polivalentes de escritura académica, evitando modelos pre- establecidos de escritura y ofreciéndole posibilidades diferenciadas de elaboración de sus escritos académicos. Se trata, también, de revisar algunos conceptos basados en teorías tradicionales (que priorizan la eficacia y la organización) para contraponerlos a los conceptos que se amparan en teorías críticas (que insisten en la reflexión y en la emancipación). Incluso habríamos de pensar en agregar a esa reflexión los enfoques que resaltan la importancia de la significación en la construcción del discurso.",La_escritura_academica_en_la_fo___Maria_Ines_Corte_Vitoria_b72aa8e231_b0013_f001,D:\Documentos\LaTEX\Template-Informe\UnADM\redaccion-en-contextos-virtuales\referencias-redaccion-en-contextos-virtuales\libros-redaccion-en-contextos-virtuales\La escritura academica en la fo - Maria Ines Corte Vitoria.pdf,"Escritura academica. De la teor - Juan Antonio Nunez Cortes.pdf, p. 132; Escritura academica. De la teor - Juan Antonio Nunez Cortes.pdf, p. 135; Escritura academica. De la teor - Juan Antonio Nunez Cortes.pdf, p. 18; Escritura academica. De la teor - Juan Antonio Nunez Cortes.pdf, p. 19; Escritura academica. De la teor - Juan Antonio Nunez Cortes.pdf, p. 20; Escritura academica. De la teor - Juan Antonio Nunez Cortes.pdf, p. 88; Escritura academica. De la teor - Juan Antonio Nunez Cortes.pdf, p. 91; Escritura academica. De la teor - Juan Antonio Nunez Cortes.pdf, p. 93; Escritura academica. De la teor - Juan Antonio Nunez Cortes.pdf, p. 96; La escritura academica en la fo - Maria Ines Corte Vitoria.pdf, p. 106; La escritura academica en la fo - Maria Ines Corte Vitoria.pdf, p. 13; La escritura academica en la fo - Maria Ines Corte Vitoria.pdf, p. 131; La escritura academica en la fo - Maria Ines Corte Vitoria.pdf, p. 16; La escritura academica en la fo - Maria Ines Corte Vitoria.pdf, p. 37; La escritura academica en la fo - Maria Ines Corte Vitoria.pdf, p. 44; La escritura academica en la fo - Maria Ines Corte Vitoria.pdf, p. 70; La escritura academica en la fo - Maria Ines Corte Vitoria.pdf, p. 81; La escritura academica en la fo - Maria Ines Corte Vitoria.pdf, p. 85; La escritura academica en la fo - Maria Ines Corte Vitoria.pdf, p. 97; Taller de lectura y redaccion_ - Leopoldo Ayala.pdf, p. 12; Taller de lectura y redaccion_ - Leopoldo Ayala.pdf, p. 185; Taller de lectura y redaccion_ - Leopoldo Ayala.pdf, p. 80","La ficha presenta coincidencias útiles, pero conviene revisar la pertinencia de cada cita. Se agruparon referencias de múltiples fuentes para enriquecer el concepto. Hay 12 referencia(s) de baja similitud que podrían introducir ruido."
4,Proceso comunicativo,media,0.1431,0.0857,Taller de lectura y redaccion_ - Leopoldo Ayala.pdf,pdf,p. 12,12,0.0726,tfidf=0.0526; bonus=0.0200,La comunicación se produce hasta que tanto el que oye como el que habla acuerdan adecuada o intencionalmente series de imágenes o pensamientos. El orden de estas imágenes es la garantía social de que se ha realizado debidamente el proceso de la comunicación. Las pala- bras reaccionan dentro de nosotros mismos y son la llave capaz de abrir la puerta de la libertad y la lucha por nuestros ideales.,Taller_de_lectura_y_redaccion____Leopoldo_Ayala_c5996d4dd8_b0012_f002,D:\Documentos\LaTEX\Template-Informe\UnADM\redaccion-en-contextos-virtuales\referencias-redaccion-en-contextos-virtuales\libros-redaccion-en-contextos-virtuales\Taller de lectura y redaccion_ - Leopoldo Ayala.pdf,"Escritura academica. De la teor - Juan Antonio Nunez Cortes.pdf, p. 132; Escritura academica. De la teor - Juan Antonio Nunez Cortes.pdf, p. 135; Escritura academica. De la teor - Juan Antonio Nunez Cortes.pdf, p. 18; Escritura academica. De la teor - Juan Antonio Nunez Cortes.pdf, p. 19; Escritura academica. De la teor - Juan Antonio Nunez Cortes.pdf, p. 20; Escritura academica. De la teor - Juan Antonio Nunez Cortes.pdf, p. 88; Escritura academica. De la teor - Juan Antonio Nunez Cortes.pdf, p. 91; Escritura academica. De la teor - Juan Antonio Nunez Cortes.pdf, p. 93; Escritura academica. De la teor - Juan Antonio Nunez Cortes.pdf, p. 96; La escritura academica en la fo - Maria Ines Corte Vitoria.pdf, p. 106; La escritura academica en la fo - Maria Ines Corte Vitoria.pdf, p. 13; La escritura academica en la fo - Maria Ines Corte Vitoria.pdf, p. 131; La escritura academica en la fo - Maria Ines Corte Vitoria.pdf, p. 16; La escritura academica en la fo - Maria Ines Corte Vitoria.pdf, p. 37; La escritura academica en la fo - Maria Ines Corte Vitoria.pdf, p. 44; La escritura academica en la fo - Maria Ines Corte Vitoria.pdf, p. 70; La escritura academica en la fo - Maria Ines Corte Vitoria.pdf, p. 81; La escritura academica en la fo - Maria Ines Corte Vitoria.pdf, p. 85; La escritura academica en la fo - Maria Ines Corte Vitoria.pdf, p. 97; Taller de lectura y redaccion_ - Leopoldo Ayala.pdf, p. 12; Taller de lectura y redaccion_ - Leopoldo Ayala.pdf, p. 185; Taller de lectura y redaccion_ - Leopoldo Ayala.pdf, p. 80","La ficha presenta coincidencias útiles, pero conviene revisar la pertinencia de cada cita. Se agruparon referencias de múltiples fuentes para enriquecer el concepto. Hay 12 referencia(s) de baja similitud que podrían introducir ruido."
4,Proceso comunicativo,media,0.1431,0.0857,La escritura academica en la fo - Maria Ines Corte Vitoria.pdf,pdf,p. 97,97,0.0722,tfidf=0.0422; bonus=0.0300,"Eso es lo que hacemos en la docencia: «puestas en escena» de procesos de aprendizaje que permitan y faciliten a nuestros estudiantes apropiarse de los conocimientos, habilidades y actitudes que se incluyen en el proyecto formativo de cada carrera, incluyendo en el pack todo lo que tiene que ver con la escritura académica, que es lo nuestro. El escalonamiento del proceso didáctico en las cuatro fases o elementos de las coreografías nos ayuda a evitar simplismos habituales en la enseñanza de la escritura.",La_escritura_academica_en_la_fo___Maria_Ines_Corte_Vitoria_b72aa8e231_b0097_f001,D:\Documentos\LaTEX\Template-Informe\UnADM\redaccion-en-contextos-virtuales\referencias-redaccion-en-contextos-virtuales\libros-redaccion-en-contextos-virtuales\La escritura academica en la fo - Maria Ines Corte Vitoria.pdf,"Escritura academica. De la teor - Juan Antonio Nunez Cortes.pdf, p. 132; Escritura academica. De la teor - Juan Antonio Nunez Cortes.pdf, p. 135; Escritura academica. De la teor - Juan Antonio Nunez Cortes.pdf, p. 18; Escritura academica. De la teor - Juan Antonio Nunez Cortes.pdf, p. 19; Escritura academica. De la teor - Juan Antonio Nunez Cortes.pdf, p. 20; Escritura academica. De la teor - Juan Antonio Nunez Cortes.pdf, p. 88; Escritura academica. De la teor - Juan Antonio Nunez Cortes.pdf, p. 91; Escritura academica. De la teor - Juan Antonio Nunez Cortes.pdf, p. 93; Escritura academica. De la teor - Juan Antonio Nunez Cortes.pdf, p. 96; La escritura academica en la fo - Maria Ines Corte Vitoria.pdf, p. 106; La escritura academica en la fo - Maria Ines Corte Vitoria.pdf, p. 13; La escritura academica en la fo - Maria Ines Corte Vitoria.pdf, p. 131; La escritura academica en la fo - Maria Ines Corte Vitoria.pdf, p. 16; La escritura academica en la fo - Maria Ines Corte Vitoria.pdf, p. 37; La escritura academica en la fo - Maria Ines Corte Vitoria.pdf, p. 44; La escritura academica en la fo - Maria Ines Corte Vitoria.pdf, p. 70; La escritura academica en la fo - Maria Ines Corte Vitoria.pdf, p. 81; La escritura academica en la fo - Maria Ines Corte Vitoria.pdf, p. 85; La escritura academica en la fo - Maria Ines Corte Vitoria.pdf, p. 97; Taller de lectura y redaccion_ - Leopoldo Ayala.pdf, p. 12; Taller de lectura y redaccion_ - Leopoldo Ayala.pdf, p. 185; Taller de lectura y redaccion_ - Leopoldo Ayala.pdf, p. 80","La ficha presenta coincidencias útiles, pero conviene revisar la pertinencia de cada cita. Se agruparon referencias de múltiples fuentes para enriquecer el concepto. Hay 12 referencia(s) de baja similitud que podrían introducir ruido."
4,Proceso comunicativo,media,0.1431,0.0857,Escritura academica. De la teor - Juan Antonio Nunez Cortes.pdf,pdf,p. 88,88,0.0702,tfidf=0.0602; bonus=0.0100,"SITUACIÓN ENUNCIATIVA EN LOS TEXTOS EXPOSITIVOS Los textos expositivos suponen la presencia de marcas lingüísticas que sitúan a los sujetos y al contexto comunicativo en el discurso. Esta puesta en situación se logra por medio del lenguaje, que suministra una serie de recursos utilizados con el propósito de «señalar».",Escritura_academica__De_la_teor___Juan_Antonio_Nunez_Cortes_1a16d092a9_b0088_f002,D:\Documentos\LaTEX\Template-Informe\UnADM\redaccion-en-contextos-virtuales\referencias-redaccion-en-contextos-virtuales\libros-redaccion-en-contextos-virtuales\Escritura academica. De la teor - Juan Antonio Nunez Cortes.pdf,"Escritura academica. De la teor - Juan Antonio Nunez Cortes.pdf, p. 132; Escritura academica. De la teor - Juan Antonio Nunez Cortes.pdf, p. 135; Escritura academica. De la teor - Juan Antonio Nunez Cortes.pdf, p. 18; Escritura academica. De la teor - Juan Antonio Nunez Cortes.pdf, p. 19; Escritura academica. De la teor - Juan Antonio Nunez Cortes.pdf, p. 20; Escritura academica. De la teor - Juan Antonio Nunez Cortes.pdf, p. 88; Escritura academica. De la teor - Juan Antonio Nunez Cortes.pdf, p. 91; Escritura academica. De la teor - Juan Antonio Nunez Cortes.pdf, p. 93; Escritura academica. De la teor - Juan Antonio Nunez Cortes.pdf, p. 96; La escritura academica en la fo - Maria Ines Corte Vitoria.pdf, p. 106; La escritura academica en la fo - Maria Ines Corte Vitoria.pdf, p. 13; La escritura academica en la fo - Maria Ines Corte Vitoria.pdf, p. 131; La escritura academica en la fo - Maria Ines Corte Vitoria.pdf, p. 16; La escritura academica en la fo - Maria Ines Corte Vitoria.pdf, p. 37; La escritura academica en la fo - Maria Ines Corte Vitoria.pdf, p. 44; La escritura academica en la fo - Maria Ines Corte Vitoria.pdf, p. 70; La escritura academica en la fo - Maria Ines Corte Vitoria.pdf, p. 81; La escritura academica en la fo - Maria Ines Corte Vitoria.pdf, p. 85; La escritura academica en la fo - Maria Ines Corte Vitoria.pdf, p. 97; Taller de lectura y redaccion_ - Leopoldo Ayala.pdf, p. 12; Taller de lectura y redaccion_ - Leopoldo Ayala.pdf, p. 185; Taller de lectura y redaccion_ - Leopoldo Ayala.pdf, p. 80","La ficha presenta coincidencias útiles, pero conviene revisar la pertinencia de cada cita. Se agruparon referencias de múltiples fuentes para enriquecer el concepto. Hay 12 referencia(s) de baja similitud que podrían introducir ruido."
4,Proceso comunicativo,media,0.1431,0.0857,Escritura academica. De la teor - Juan Antonio Nunez Cortes.pdf,pdf,p. 132,132,0.0698,tfidf=0.0398; bonus=0.0300,"Respuesta posible: Es decir, las estrategias de aprendizaje son un conjunto de acciones y técnicas planificadas por el sujeto que aprende con un propósito determinado. Actividad 4 Respuesta posible: La definición de escritor competente elaborada por Daniel Cassany está destinada a un lector que cuenta con una serie de herramientas conceptuales que lo tornan un experto, puesto que expresiones técnicas como código, procesos, composición y estrategias no se encuentran definidas en el segmento textual considerado.",Escritura_academica__De_la_teor___Juan_Antonio_Nunez_Cortes_1a16d092a9_b0132_f001,D:\Documentos\LaTEX\Template-Informe\UnADM\redaccion-en-contextos-virtuales\referencias-redaccion-en-contextos-virtuales\libros-redaccion-en-contextos-virtuales\Escritura academica. De la teor - Juan Antonio Nunez Cortes.pdf,"Escritura academica. De la teor - Juan Antonio Nunez Cortes.pdf, p. 132; Escritura academica. De la teor - Juan Antonio Nunez Cortes.pdf, p. 135; Escritura academica. De la teor - Juan Antonio Nunez Cortes.pdf, p. 18; Escritura academica. De la teor - Juan Antonio Nunez Cortes.pdf, p. 19; Escritura academica. De la teor - Juan Antonio Nunez Cortes.pdf, p. 20; Escritura academica. De la teor - Juan Antonio Nunez Cortes.pdf, p. 88; Escritura academica. De la teor - Juan Antonio Nunez Cortes.pdf, p. 91; Escritura academica. De la teor - Juan Antonio Nunez Cortes.pdf, p. 93; Escritura academica. De la teor - Juan Antonio Nunez Cortes.pdf, p. 96; La escritura academica en la fo - Maria Ines Corte Vitoria.pdf, p. 106; La escritura academica en la fo - Maria Ines Corte Vitoria.pdf, p. 13; La escritura academica en la fo - Maria Ines Corte Vitoria.pdf, p. 131; La escritura academica en la fo - Maria Ines Corte Vitoria.pdf, p. 16; La escritura academica en la fo - Maria Ines Corte Vitoria.pdf, p. 37; La escritura academica en la fo - Maria Ines Corte Vitoria.pdf, p. 44; La escritura academica en la fo - Maria Ines Corte Vitoria.pdf, p. 70; La escritura academica en la fo - Maria Ines Corte Vitoria.pdf, p. 81; La escritura academica en la fo - Maria Ines Corte Vitoria.pdf, p. 85; La escritura academica en la fo - Maria Ines Corte Vitoria.pdf, p. 97; Taller de lectura y redaccion_ - Leopoldo Ayala.pdf, p. 12; Taller de lectura y redaccion_ - Leopoldo Ayala.pdf, p. 185; Taller de lectura y redaccion_ - Leopoldo Ayala.pdf, p. 80","La ficha presenta coincidencias útiles, pero conviene revisar la pertinencia de cada cita. Se agruparon referencias de múltiples fuentes para enriquecer el concepto. Hay 12 referencia(s) de baja similitud que podrían introducir ruido."
4,Proceso comunicativo,media,0.1431,0.0857,La escritura academica en la fo - Maria Ines Corte Vitoria.pdf,pdf,p. 85,85,0.0695,tfidf=0.0495; bonus=0.0200,"El dilema del ajuste de la escritura a los diversos espacios de actividad de los estudiantes universitarios Camps y Catelló (2013: 27) desarrollan el concepto de sistemas o áreas de actividad, que sirven para entender el sentido y significado que adquiere la escritura como recurso comunicativo. Cada sistema de actividad posee su propio ethos lingüístico y, por tanto, condiciona las formas textuales que se utilizan en su seno.",La_escritura_academica_en_la_fo___Maria_Ines_Corte_Vitoria_b72aa8e231_b0085_f001,D:\Documentos\LaTEX\Template-Informe\UnADM\redaccion-en-contextos-virtuales\referencias-redaccion-en-contextos-virtuales\libros-redaccion-en-contextos-virtuales\La escritura academica en la fo - Maria Ines Corte Vitoria.pdf,"Escritura academica. De la teor - Juan Antonio Nunez Cortes.pdf, p. 132; Escritura academica. De la teor - Juan Antonio Nunez Cortes.pdf, p. 135; Escritura academica. De la teor - Juan Antonio Nunez Cortes.pdf, p. 18; Escritura academica. De la teor - Juan Antonio Nunez Cortes.pdf, p. 19; Escritura academica. De la teor - Juan Antonio Nunez Cortes.pdf, p. 20; Escritura academica. De la teor - Juan Antonio Nunez Cortes.pdf, p. 88; Escritura academica. De la teor - Juan Antonio Nunez Cortes.pdf, p. 91; Escritura academica. De la teor - Juan Antonio Nunez Cortes.pdf, p. 93; Escritura academica. De la teor - Juan Antonio Nunez Cortes.pdf, p. 96; La escritura academica en la fo - Maria Ines Corte Vitoria.pdf, p. 106; La escritura academica en la fo - Maria Ines Corte Vitoria.pdf, p. 13; La escritura academica en la fo - Maria Ines Corte Vitoria.pdf, p. 131; La escritura academica en la fo - Maria Ines Corte Vitoria.pdf, p. 16; La escritura academica en la fo - Maria Ines Corte Vitoria.pdf, p. 37; La escritura academica en la fo - Maria Ines Corte Vitoria.pdf, p. 44; La escritura academica en la fo - Maria Ines Corte Vitoria.pdf, p. 70; La escritura academica en la fo - Maria Ines Corte Vitoria.pdf, p. 81; La escritura academica en la fo - Maria Ines Corte Vitoria.pdf, p. 85; La escritura academica en la fo - Maria Ines Corte Vitoria.pdf, p. 97; Taller de lectura y redaccion_ - Leopoldo Ayala.pdf, p. 12; Taller de lectura y redaccion_ - Leopoldo Ayala.pdf, p. 185; Taller de lectura y redaccion_ - Leopoldo Ayala.pdf, p. 80","La ficha presenta coincidencias útiles, pero conviene revisar la pertinencia de cada cita. Se agruparon referencias de múltiples fuentes para enriquecer el concepto. Hay 12 referencia(s) de baja similitud que podrían introducir ruido."
4,Proceso comunicativo,media,0.1431,0.0857,La escritura academica en la fo - Maria Ines Corte Vitoria.pdf,pdf,p. 81,81,0.0648,tfidf=0.0548; bonus=0.0100,"El dilema entre los componentes lingüísticos y los componentes sociales del discurso: la idea de los géneros Cualquier texto puede ser analizado desde el punto de vista lingüístico (aspectos formales, semánticos y sintácticos) y desde el punto de vista de su naturaleza como hecho social comunicativo (perspectiva pragmática). En algún sentido, el polo lingüístico significa considerar el texto como un objeto con sentido en sí mismo mientras el polo social sitúa el texto en su contexto comunicativa (por qué y para qué se escribe, para quién, bajo qué condiciones, etc.).",La_escritura_academica_en_la_fo___Maria_Ines_Corte_Vitoria_b72aa8e231_b0081_f003,D:\Documentos\LaTEX\Template-Informe\UnADM\redaccion-en-contextos-virtuales\referencias-redaccion-en-contextos-virtuales\libros-redaccion-en-contextos-virtuales\La escritura academica en la fo - Maria Ines Corte Vitoria.pdf,"Escritura academica. De la teor - Juan Antonio Nunez Cortes.pdf, p. 132; Escritura academica. De la teor - Juan Antonio Nunez Cortes.pdf, p. 135; Escritura academica. De la teor - Juan Antonio Nunez Cortes.pdf, p. 18; Escritura academica. De la teor - Juan Antonio Nunez Cortes.pdf, p. 19; Escritura academica. De la teor - Juan Antonio Nunez Cortes.pdf, p. 20; Escritura academica. De la teor - Juan Antonio Nunez Cortes.pdf, p. 88; Escritura academica. De la teor - Juan Antonio Nunez Cortes.pdf, p. 91; Escritura academica. De la teor - Juan Antonio Nunez Cortes.pdf, p. 93; Escritura academica. De la teor - Juan Antonio Nunez Cortes.pdf, p. 96; La escritura academica en la fo - Maria Ines Corte Vitoria.pdf, p. 106; La escritura academica en la fo - Maria Ines Corte Vitoria.pdf, p. 13; La escritura academica en la fo - Maria Ines Corte Vitoria.pdf, p. 131; La escritura academica en la fo - Maria Ines Corte Vitoria.pdf, p. 16; La escritura academica en la fo - Maria Ines Corte Vitoria.pdf, p. 37; La escritura academica en la fo - Maria Ines Corte Vitoria.pdf, p. 44; La escritura academica en la fo - Maria Ines Corte Vitoria.pdf, p. 70; La escritura academica en la fo - Maria Ines Corte Vitoria.pdf, p. 81; La escritura academica en la fo - Maria Ines Corte Vitoria.pdf, p. 85; La escritura academica en la fo - Maria Ines Corte Vitoria.pdf, p. 97; Taller de lectura y redaccion_ - Leopoldo Ayala.pdf, p. 12; Taller de lectura y redaccion_ - Leopoldo Ayala.pdf, p. 185; Taller de lectura y redaccion_ - Leopoldo Ayala.pdf, p. 80","La ficha presenta coincidencias útiles, pero conviene revisar la pertinencia de cada cita. Se agruparon referencias de múltiples fuentes para enriquecer el concepto. Hay 12 referencia(s) de baja similitud que podrían introducir ruido."
4,Proceso comunicativo,media,0.1431,0.0857,Escritura academica. De la teor - Juan Antonio Nunez Cortes.pdf,pdf,p. 93,93,0.0645,tfidf=0.0545; bonus=0.0100,"La escritura se concibe, hoy día, como un proceso de comunicación, de reflexión y de resolución de problemas que, como usuarios competentes de la lengua escrita, ejercemos permanentemente. El nuevo paradigma de la escritura asume que ésta es un proceso de relación entre la reflexión, el pensamiento crítico y la escritura propiamente tal.",Escritura_academica__De_la_teor___Juan_Antonio_Nunez_Cortes_1a16d092a9_b0093_f002,D:\Documentos\LaTEX\Template-Informe\UnADM\redaccion-en-contextos-virtuales\referencias-redaccion-en-contextos-virtuales\libros-redaccion-en-contextos-virtuales\Escritura academica. De la teor - Juan Antonio Nunez Cortes.pdf,"Escritura academica. De la teor - Juan Antonio Nunez Cortes.pdf, p. 132; Escritura academica. De la teor - Juan Antonio Nunez Cortes.pdf, p. 135; Escritura academica. De la teor - Juan Antonio Nunez Cortes.pdf, p. 18; Escritura academica. De la teor - Juan Antonio Nunez Cortes.pdf, p. 19; Escritura academica. De la teor - Juan Antonio Nunez Cortes.pdf, p. 20; Escritura academica. De la teor - Juan Antonio Nunez Cortes.pdf, p. 88; Escritura academica. De la teor - Juan Antonio Nunez Cortes.pdf, p. 91; Escritura academica. De la teor - Juan Antonio Nunez Cortes.pdf, p. 93; Escritura academica. De la teor - Juan Antonio Nunez Cortes.pdf, p. 96; La escritura academica en la fo - Maria Ines Corte Vitoria.pdf, p. 106; La escritura academica en la fo - Maria Ines Corte Vitoria.pdf, p. 13; La escritura academica en la fo - Maria Ines Corte Vitoria.pdf, p. 131; La escritura academica en la fo - Maria Ines Corte Vitoria.pdf, p. 16; La escritura academica en la fo - Maria Ines Corte Vitoria.pdf, p. 37; La escritura academica en la fo - Maria Ines Corte Vitoria.pdf, p. 44; La escritura academica en la fo - Maria Ines Corte Vitoria.pdf, p. 70; La escritura academica en la fo - Maria Ines Corte Vitoria.pdf, p. 81; La escritura academica en la fo - Maria Ines Corte Vitoria.pdf, p. 85; La escritura academica en la fo - Maria Ines Corte Vitoria.pdf, p. 97; Taller de lectura y redaccion_ - Leopoldo Ayala.pdf, p. 12; Taller de lectura y redaccion_ - Leopoldo Ayala.pdf, p. 185; Taller de lectura y redaccion_ - Leopoldo Ayala.pdf, p. 80","La ficha presenta coincidencias útiles, pero conviene revisar la pertinencia de cada cita. Se agruparon referencias de múltiples fuentes para enriquecer el concepto. Hay 12 referencia(s) de baja similitud que podrían introducir ruido."
4,Proceso comunicativo,media,0.1431,0.0857,La escritura academica en la fo - Maria Ines Corte Vitoria.pdf,pdf,p. 37,37,0.0617,tfidf=0.0517; bonus=0.0100,"Esas prácticas hiperreguladas pueden ayudar a adaptarse al consenso comunicativo pero propician poco la reflexión, la creatividad y el placer de escribir.",La_escritura_academica_en_la_fo___Maria_Ines_Corte_Vitoria_b72aa8e231_b0037_f001,D:\Documentos\LaTEX\Template-Informe\UnADM\redaccion-en-contextos-virtuales\referencias-redaccion-en-contextos-virtuales\libros-redaccion-en-contextos-virtuales\La escritura academica en la fo - Maria Ines Corte Vitoria.pdf,"Escritura academica. De la teor - Juan Antonio Nunez Cortes.pdf, p. 132; Escritura academica. De la teor - Juan Antonio Nunez Cortes.pdf, p. 135; Escritura academica. De la teor - Juan Antonio Nunez Cortes.pdf, p. 18; Escritura academica. De la teor - Juan Antonio Nunez Cortes.pdf, p. 19; Escritura academica. De la teor - Juan Antonio Nunez Cortes.pdf, p. 20; Escritura academica. De la teor - Juan Antonio Nunez Cortes.pdf, p. 88; Escritura academica. De la teor - Juan Antonio Nunez Cortes.pdf, p. 91; Escritura academica. De la teor - Juan Antonio Nunez Cortes.pdf, p. 93; Escritura academica. De la teor - Juan Antonio Nunez Cortes.pdf, p. 96; La escritura academica en la fo - Maria Ines Corte Vitoria.pdf, p. 106; La escritura academica en la fo - Maria Ines Corte Vitoria.pdf, p. 13; La escritura academica en la fo - Maria Ines Corte Vitoria.pdf, p. 131; La escritura academica en la fo - Maria Ines Corte Vitoria.pdf, p. 16; La escritura academica en la fo - Maria Ines Corte Vitoria.pdf, p. 37; La escritura academica en la fo - Maria Ines Corte Vitoria.pdf, p. 44; La escritura academica en la fo - Maria Ines Corte Vitoria.pdf, p. 70; La escritura academica en la fo - Maria Ines Corte Vitoria.pdf, p. 81; La escritura academica en la fo - Maria Ines Corte Vitoria.pdf, p. 85; La escritura academica en la fo - Maria Ines Corte Vitoria.pdf, p. 97; Taller de lectura y redaccion_ - Leopoldo Ayala.pdf, p. 12; Taller de lectura y redaccion_ - Leopoldo Ayala.pdf, p. 185; Taller de lectura y redaccion_ - Leopoldo Ayala.pdf, p. 80","La ficha presenta coincidencias útiles, pero conviene revisar la pertinencia de cada cita. Se agruparon referencias de múltiples fuentes para enriquecer el concepto. Hay 12 referencia(s) de baja similitud que podrían introducir ruido."
4,Proceso comunicativo,media,0.1431,0.0857,La escritura academica en la fo - Maria Ines Corte Vitoria.pdf,pdf,p. 106,106,0.0616,tfidf=0.0516; bonus=0.0100,"No se trata, por tanto, de una mera recodificación de la información recibida sino de una reconstrucción de la misma. Se trata de un proceso que pasa de la memoria a la interpretación y de esta a la construcción de un texto. Como existen muy diferentes modalidades de comentarios, el proceso mental a seguir será distinto, pero siempre recorriendo ese proceso.",La_escritura_academica_en_la_fo___Maria_Ines_Corte_Vitoria_b72aa8e231_b0106_f003,D:\Documentos\LaTEX\Template-Informe\UnADM\redaccion-en-contextos-virtuales\referencias-redaccion-en-contextos-virtuales\libros-redaccion-en-contextos-virtuales\La escritura academica en la fo - Maria Ines Corte Vitoria.pdf,"Escritura academica. De la teor - Juan Antonio Nunez Cortes.pdf, p. 132; Escritura academica. De la teor - Juan Antonio Nunez Cortes.pdf, p. 135; Escritura academica. De la teor - Juan Antonio Nunez Cortes.pdf, p. 18; Escritura academica. De la teor - Juan Antonio Nunez Cortes.pdf, p. 19; Escritura academica. De la teor - Juan Antonio Nunez Cortes.pdf, p. 20; Escritura academica. De la teor - Juan Antonio Nunez Cortes.pdf, p. 88; Escritura academica. De la teor - Juan Antonio Nunez Cortes.pdf, p. 91; Escritura academica. De la teor - Juan Antonio Nunez Cortes.pdf, p. 93; Escritura academica. De la teor - Juan Antonio Nunez Cortes.pdf, p. 96; La escritura academica en la fo - Maria Ines Corte Vitoria.pdf, p. 106; La escritura academica en la fo - Maria Ines Corte Vitoria.pdf, p. 13; La escritura academica en la fo - Maria Ines Corte Vitoria.pdf, p. 131; La escritura academica en la fo - Maria Ines Corte Vitoria.pdf, p. 16; La escritura academica en la fo - Maria Ines Corte Vitoria.pdf, p. 37; La escritura academica en la fo - Maria Ines Corte Vitoria.pdf, p. 44; La escritura academica en la fo - Maria Ines Corte Vitoria.pdf, p. 70; La escritura academica en la fo - Maria Ines Corte Vitoria.pdf, p. 81; La escritura academica en la fo - Maria Ines Corte Vitoria.pdf, p. 85; La escritura academica en la fo - Maria Ines Corte Vitoria.pdf, p. 97; Taller de lectura y redaccion_ - Leopoldo Ayala.pdf, p. 12; Taller de lectura y redaccion_ - Leopoldo Ayala.pdf, p. 185; Taller de lectura y redaccion_ - Leopoldo Ayala.pdf, p. 80","La ficha presenta coincidencias útiles, pero conviene revisar la pertinencia de cada cita. Se agruparon referencias de múltiples fuentes para enriquecer el concepto. Hay 12 referencia(s) de baja similitud que podrían introducir ruido."
4,Proceso comunicativo,media,0.1431,0.0857,La escritura academica en la fo - Maria Ines Corte Vitoria.pdf,pdf,p. 70,70,0.0614,tfidf=0.0514; bonus=0.0100,"Es necesario considerar, en consecuencia, que cuando se habla de totalidad textual, no se está hablando de una totalidad cerrada en torno a la idea de cohesión e indiferente a las finalidades que orientan la producción del texto escrito sino, justamente, de una condición de la calidad del texto supeditada a que este pueda cumplir con eficacia su propósito comunicativo. La cohesión textual resulta importante en la medida en que mejora la eficacia del texto.",La_escritura_academica_en_la_fo___Maria_Ines_Corte_Vitoria_b72aa8e231_b0070_f002,D:\Documentos\LaTEX\Template-Informe\UnADM\redaccion-en-contextos-virtuales\referencias-redaccion-en-contextos-virtuales\libros-redaccion-en-contextos-virtuales\La escritura academica en la fo - Maria Ines Corte Vitoria.pdf,"Escritura academica. De la teor - Juan Antonio Nunez Cortes.pdf, p. 132; Escritura academica. De la teor - Juan Antonio Nunez Cortes.pdf, p. 135; Escritura academica. De la teor - Juan Antonio Nunez Cortes.pdf, p. 18; Escritura academica. De la teor - Juan Antonio Nunez Cortes.pdf, p. 19; Escritura academica. De la teor - Juan Antonio Nunez Cortes.pdf, p. 20; Escritura academica. De la teor - Juan Antonio Nunez Cortes.pdf, p. 88; Escritura academica. De la teor - Juan Antonio Nunez Cortes.pdf, p. 91; Escritura academica. De la teor - Juan Antonio Nunez Cortes.pdf, p. 93; Escritura academica. De la teor - Juan Antonio Nunez Cortes.pdf, p. 96; La escritura academica en la fo - Maria Ines Corte Vitoria.pdf, p. 106; La escritura academica en la fo - Maria Ines Corte Vitoria.pdf, p. 13; La escritura academica en la fo - Maria Ines Corte Vitoria.pdf, p. 131; La escritura academica en la fo - Maria Ines Corte Vitoria.pdf, p. 16; La escritura academica en la fo - Maria Ines Corte Vitoria.pdf, p. 37; La escritura academica en la fo - Maria Ines Corte Vitoria.pdf, p. 44; La escritura academica en la fo - Maria Ines Corte Vitoria.pdf, p. 70; La escritura academica en la fo - Maria Ines Corte Vitoria.pdf, p. 81; La escritura academica en la fo - Maria Ines Corte Vitoria.pdf, p. 85; La escritura academica en la fo - Maria Ines Corte Vitoria.pdf, p. 97; Taller de lectura y redaccion_ - Leopoldo Ayala.pdf, p. 12; Taller de lectura y redaccion_ - Leopoldo Ayala.pdf, p. 185; Taller de lectura y redaccion_ - Leopoldo Ayala.pdf, p. 80","La ficha presenta coincidencias útiles, pero conviene revisar la pertinencia de cada cita. Se agruparon referencias de múltiples fuentes para enriquecer el concepto. Hay 12 referencia(s) de baja similitud que podrían introducir ruido."
4,Proceso comunicativo,media,0.1431,0.0857,Escritura academica. De la teor - Juan Antonio Nunez Cortes.pdf,pdf,p. 91,91,0.0593,tfidf=0.0493; bonus=0.0100,"Aspectos psicológicos que pueden influir en la adquisición de lenguas extranjeras Actualmente se acepta que los rasgos psicológicos pueden favorecer u obstaculizar el aprendizaje. La adquisición de un idioma no escapa a esta consideración, más aún si se utiliza como método el Enfoque Comunicativo, que en todo momento pone a prueba la personalidad de los participantes al exigirles la interacción social como sistema de aprendizaje.",Escritura_academica__De_la_teor___Juan_Antonio_Nunez_Cortes_1a16d092a9_b0091_f001,D:\Documentos\LaTEX\Template-Informe\UnADM\redaccion-en-contextos-virtuales\referencias-redaccion-en-contextos-virtuales\libros-redaccion-en-contextos-virtuales\Escritura academica. De la teor - Juan Antonio Nunez Cortes.pdf,"Escritura academica. De la teor - Juan Antonio Nunez Cortes.pdf, p. 132; Escritura academica. De la teor - Juan Antonio Nunez Cortes.pdf, p. 135; Escritura academica. De la teor - Juan Antonio Nunez Cortes.pdf, p. 18; Escritura academica. De la teor - Juan Antonio Nunez Cortes.pdf, p. 19; Escritura academica. De la teor - Juan Antonio Nunez Cortes.pdf, p. 20; Escritura academica. De la teor - Juan Antonio Nunez Cortes.pdf, p. 88; Escritura academica. De la teor - Juan Antonio Nunez Cortes.pdf, p. 91; Escritura academica. De la teor - Juan Antonio Nunez Cortes.pdf, p. 93; Escritura academica. De la teor - Juan Antonio Nunez Cortes.pdf, p. 96; La escritura academica en la fo - Maria Ines Corte Vitoria.pdf, p. 106; La escritura academica en la fo - Maria Ines Corte Vitoria.pdf, p. 13; La escritura academica en la fo - Maria Ines Corte Vitoria.pdf, p. 131; La escritura academica en la fo - Maria Ines Corte Vitoria.pdf, p. 16; La escritura academica en la fo - Maria Ines Corte Vitoria.pdf, p. 37; La escritura academica en la fo - Maria Ines Corte Vitoria.pdf, p. 44; La escritura academica en la fo - Maria Ines Corte Vitoria.pdf, p. 70; La escritura academica en la fo - Maria Ines Corte Vitoria.pdf, p. 81; La escritura academica en la fo - Maria Ines Corte Vitoria.pdf, p. 85; La escritura academica en la fo - Maria Ines Corte Vitoria.pdf, p. 97; Taller de lectura y redaccion_ - Leopoldo Ayala.pdf, p. 12; Taller de lectura y redaccion_ - Leopoldo Ayala.pdf, p. 185; Taller de lectura y redaccion_ - Leopoldo Ayala.pdf, p. 80","La ficha presenta coincidencias útiles, pero conviene revisar la pertinencia de cada cita. Se agruparon referencias de múltiples fuentes para enriquecer el concepto. Hay 12 referencia(s) de baja similitud que podrían introducir ruido."
5,Entornos virtuales de aprendizaje,media,0.1434,0.0919,La escritura academica en la fo - Maria Ines Corte Vitoria.pdf,pdf,p. 153,153,0.1434,tfidf=0.1134; bonus=0.0300,"Procesos metodológicos. BAUTISTA, G., BORGES, F. y FORÉS, A.: Didáctica universitaria en Entornos Virtuales de Enseñanza- Aprendizaje. BENITO, A. y CRUZ, A.: Nuevas claves para la docencia universitaria en el EEES.",La_escritura_academica_en_la_fo___Maria_Ines_Corte_Vitoria_b72aa8e231_b0153_f001,D:\Documentos\LaTEX\Template-Informe\UnADM\redaccion-en-contextos-virtuales\referencias-redaccion-en-contextos-virtuales\libros-redaccion-en-contextos-virtuales\La escritura academica en la fo - Maria Ines Corte Vitoria.pdf,"Escritura academica. De la teor - Juan Antonio Nunez Cortes.pdf, p. 10; La escritura academica en la fo - Maria Ines Corte Vitoria.pdf, p. 109; La escritura academica en la fo - Maria Ines Corte Vitoria.pdf, p. 123; La escritura academica en la fo - Maria Ines Corte Vitoria.pdf, p. 153; La escritura academica en la fo - Maria Ines Corte Vitoria.pdf, p. 154; La escritura academica en la fo - Maria Ines Corte Vitoria.pdf, p. 165; La escritura academica en la fo - Maria Ines Corte Vitoria.pdf, p. 23; La escritura academica en la fo - Maria Ines Corte Vitoria.pdf, p. 38; La escritura academica en la fo - Maria Ines Corte Vitoria.pdf, p. 40; La escritura academica en la fo - Maria Ines Corte Vitoria.pdf, p. 45; La escritura academica en la fo - Maria Ines Corte Vitoria.pdf, p. 53; La escritura academica en la fo - Maria Ines Corte Vitoria.pdf, p. 75; La escritura academica en la fo - Maria Ines Corte Vitoria.pdf, p. 83","La ficha presenta coincidencias útiles, pero conviene revisar la pertinencia de cada cita. Se agruparon referencias de múltiples fuentes para enriquecer el concepto. Hay 7 referencia(s) de baja similitud que podrían introducir ruido."
5,Entornos virtuales de aprendizaje,media,0.1434,0.0919,La escritura academica en la fo - Maria Ines Corte Vitoria.pdf,pdf,p. 109,109,0.1314,tfidf=0.1014; bonus=0.0300,"Los blogs Las redes sociales constituyen un nuevo contexto de comunicación del que nuestros estudiantes son sujetos nativos. Ellos y ellas se han criado rodeados de esos entornos virtuales: whatsapp, facebook, twiter, istagram, etc. Todas ellos, por otra parte, funcionan como redes de intercambio de textos (también de imágenes y de voz).",La_escritura_academica_en_la_fo___Maria_Ines_Corte_Vitoria_b72aa8e231_b0109_f002,D:\Documentos\LaTEX\Template-Informe\UnADM\redaccion-en-contextos-virtuales\referencias-redaccion-en-contextos-virtuales\libros-redaccion-en-contextos-virtuales\La escritura academica en la fo - Maria Ines Corte Vitoria.pdf,"Escritura academica. De la teor - Juan Antonio Nunez Cortes.pdf, p. 10; La escritura academica en la fo - Maria Ines Corte Vitoria.pdf, p. 109; La escritura academica en la fo - Maria Ines Corte Vitoria.pdf, p. 123; La escritura academica en la fo - Maria Ines Corte Vitoria.pdf, p. 153; La escritura academica en la fo - Maria Ines Corte Vitoria.pdf, p. 154; La escritura academica en la fo - Maria Ines Corte Vitoria.pdf, p. 165; La escritura academica en la fo - Maria Ines Corte Vitoria.pdf, p. 23; La escritura academica en la fo - Maria Ines Corte Vitoria.pdf, p. 38; La escritura academica en la fo - Maria Ines Corte Vitoria.pdf, p. 40; La escritura academica en la fo - Maria Ines Corte Vitoria.pdf, p. 45; La escritura academica en la fo - Maria Ines Corte Vitoria.pdf, p. 53; La escritura academica en la fo - Maria Ines Corte Vitoria.pdf, p. 75; La escritura academica en la fo - Maria Ines Corte Vitoria.pdf, p. 83","La ficha presenta coincidencias útiles, pero conviene revisar la pertinencia de cada cita. Se agruparon referencias de múltiples fuentes para enriquecer el concepto. Hay 7 referencia(s) de baja similitud que podrían introducir ruido."
5,Entornos virtuales de aprendizaje,media,0.1434,0.0919,La escritura academica en la fo - Maria Ines Corte Vitoria.pdf,pdf,p. 153,153,0.1283,tfidf=0.0983; bonus=0.0300,"KNIGHT, P. T.: El profesorado de educación superior. Formación para la excelencia.",La_escritura_academica_en_la_fo___Maria_Ines_Corte_Vitoria_b72aa8e231_b0153_f003,D:\Documentos\LaTEX\Template-Informe\UnADM\redaccion-en-contextos-virtuales\referencias-redaccion-en-contextos-virtuales\libros-redaccion-en-contextos-virtuales\La escritura academica en la fo - Maria Ines Corte Vitoria.pdf,"Escritura academica. De la teor - Juan Antonio Nunez Cortes.pdf, p. 10; La escritura academica en la fo - Maria Ines Corte Vitoria.pdf, p. 109; La escritura academica en la fo - Maria Ines Corte Vitoria.pdf, p. 123; La escritura academica en la fo - Maria Ines Corte Vitoria.pdf, p. 153; La escritura academica en la fo - Maria Ines Corte Vitoria.pdf, p. 154; La escritura academica en la fo - Maria Ines Corte Vitoria.pdf, p. 165; La escritura academica en la fo - Maria Ines Corte Vitoria.pdf, p. 23; La escritura academica en la fo - Maria Ines Corte Vitoria.pdf, p. 38; La escritura academica en la fo - Maria Ines Corte Vitoria.pdf, p. 40; La escritura academica en la fo - Maria Ines Corte Vitoria.pdf, p. 45; La escritura academica en la fo - Maria Ines Corte Vitoria.pdf, p. 53; La escritura academica en la fo - Maria Ines Corte Vitoria.pdf, p. 75; La escritura academica en la fo - Maria Ines Corte Vitoria.pdf, p. 83","La ficha presenta coincidencias útiles, pero conviene revisar la pertinencia de cada cita. Se agruparon referencias de múltiples fuentes para enriquecer el concepto. Hay 7 referencia(s) de baja similitud que podrían introducir ruido."
5,Entornos virtuales de aprendizaje,media,0.1434,0.0919,La escritura academica en la fo - Maria Ines Corte Vitoria.pdf,pdf,p. 154,154,0.1268,tfidf=0.0968; bonus=0.0300,"Propuestas y experiencias. RUÉ, J.: El aprendizaje autónomo en educación superior. – Enseñar en la Universidad. El EEES como reto para la educación superior.",La_escritura_academica_en_la_fo___Maria_Ines_Corte_Vitoria_b72aa8e231_b0154_f001,D:\Documentos\LaTEX\Template-Informe\UnADM\redaccion-en-contextos-virtuales\referencias-redaccion-en-contextos-virtuales\libros-redaccion-en-contextos-virtuales\La escritura academica en la fo - Maria Ines Corte Vitoria.pdf,"Escritura academica. De la teor - Juan Antonio Nunez Cortes.pdf, p. 10; La escritura academica en la fo - Maria Ines Corte Vitoria.pdf, p. 109; La escritura academica en la fo - Maria Ines Corte Vitoria.pdf, p. 123; La escritura academica en la fo - Maria Ines Corte Vitoria.pdf, p. 153; La escritura academica en la fo - Maria Ines Corte Vitoria.pdf, p. 154; La escritura academica en la fo - Maria Ines Corte Vitoria.pdf, p. 165; La escritura academica en la fo - Maria Ines Corte Vitoria.pdf, p. 23; La escritura academica en la fo - Maria Ines Corte Vitoria.pdf, p. 38; La escritura academica en la fo - Maria Ines Corte Vitoria.pdf, p. 40; La escritura academica en la fo - Maria Ines Corte Vitoria.pdf, p. 45; La escritura academica en la fo - Maria Ines Corte Vitoria.pdf, p. 53; La escritura academica en la fo - Maria Ines Corte Vitoria.pdf, p. 75; La escritura academica en la fo - Maria Ines Corte Vitoria.pdf, p. 83","La ficha presenta coincidencias útiles, pero conviene revisar la pertinencia de cada cita. Se agruparon referencias de múltiples fuentes para enriquecer el concepto. Hay 7 referencia(s) de baja similitud que podrían introducir ruido."
5,Entornos virtuales de aprendizaje,media,0.1434,0.0919,La escritura academica en la fo - Maria Ines Corte Vitoria.pdf,pdf,p. 153,153,0.1244,tfidf=0.0944; bonus=0.0300,"Más allá de la calidad y la competencia. BOUD, D. y MOLLOY, E.: El feedback en educación superior y profesional. BROWN, S. y GLASNER, A. (Edits.): Evaluar en la Universidad.",La_escritura_academica_en_la_fo___Maria_Ines_Corte_Vitoria_b72aa8e231_b0153_f002,D:\Documentos\LaTEX\Template-Informe\UnADM\redaccion-en-contextos-virtuales\referencias-redaccion-en-contextos-virtuales\libros-redaccion-en-contextos-virtuales\La escritura academica en la fo - Maria Ines Corte Vitoria.pdf,"Escritura academica. De la teor - Juan Antonio Nunez Cortes.pdf, p. 10; La escritura academica en la fo - Maria Ines Corte Vitoria.pdf, p. 109; La escritura academica en la fo - Maria Ines Corte Vitoria.pdf, p. 123; La escritura academica en la fo - Maria Ines Corte Vitoria.pdf, p. 153; La escritura academica en la fo - Maria Ines Corte Vitoria.pdf, p. 154; La escritura academica en la fo - Maria Ines Corte Vitoria.pdf, p. 165; La escritura academica en la fo - Maria Ines Corte Vitoria.pdf, p. 23; La escritura academica en la fo - Maria Ines Corte Vitoria.pdf, p. 38; La escritura academica en la fo - Maria Ines Corte Vitoria.pdf, p. 40; La escritura academica en la fo - Maria Ines Corte Vitoria.pdf, p. 45; La escritura academica en la fo - Maria Ines Corte Vitoria.pdf, p. 53; La escritura academica en la fo - Maria Ines Corte Vitoria.pdf, p. 75; La escritura academica en la fo - Maria Ines Corte Vitoria.pdf, p. 83","La ficha presenta coincidencias útiles, pero conviene revisar la pertinencia de cada cita. Se agruparon referencias de múltiples fuentes para enriquecer el concepto. Hay 7 referencia(s) de baja similitud que podrían introducir ruido."
5,Entornos virtuales de aprendizaje,media,0.1434,0.0919,La escritura academica en la fo - Maria Ines Corte Vitoria.pdf,pdf,p. 40,40,0.1237,tfidf=0.0837; bonus=0.0400,"la información, pero somos conscientes de la gran importancia que las condiciones de nuestro contexto imponen a los procesos de enseñanza y aprendizaje en la Educación Superior. Es necesario, desde luego, que el profesorado esté (estemos) actualizado para acompañar a nuestros estudiantes en este complejo mundo de las TIC.",La_escritura_academica_en_la_fo___Maria_Ines_Corte_Vitoria_b72aa8e231_b0040_f001,D:\Documentos\LaTEX\Template-Informe\UnADM\redaccion-en-contextos-virtuales\referencias-redaccion-en-contextos-virtuales\libros-redaccion-en-contextos-virtuales\La escritura academica en la fo - Maria Ines Corte Vitoria.pdf,"Escritura academica. De la teor - Juan Antonio Nunez Cortes.pdf, p. 10; La escritura academica en la fo - Maria Ines Corte Vitoria.pdf, p. 109; La escritura academica en la fo - Maria Ines Corte Vitoria.pdf, p. 123; La escritura academica en la fo - Maria Ines Corte Vitoria.pdf, p. 153; La escritura academica en la fo - Maria Ines Corte Vitoria.pdf, p. 154; La escritura academica en la fo - Maria Ines Corte Vitoria.pdf, p. 165; La escritura academica en la fo - Maria Ines Corte Vitoria.pdf, p. 23; La escritura academica en la fo - Maria Ines Corte Vitoria.pdf, p. 38; La escritura academica en la fo - Maria Ines Corte Vitoria.pdf, p. 40; La escritura academica en la fo - Maria Ines Corte Vitoria.pdf, p. 45; La escritura academica en la fo - Maria Ines Corte Vitoria.pdf, p. 53; La escritura academica en la fo - Maria Ines Corte Vitoria.pdf, p. 75; La escritura academica en la fo - Maria Ines Corte Vitoria.pdf, p. 83","La ficha presenta coincidencias útiles, pero conviene revisar la pertinencia de cada cita. Se agruparon referencias de múltiples fuentes para enriquecer el concepto. Hay 7 referencia(s) de baja similitud que podrían introducir ruido."
5,Entornos virtuales de aprendizaje,media,0.1434,0.0919,La escritura academica en la fo - Maria Ines Corte Vitoria.pdf,pdf,p. 45,45,0.1072,tfidf=0.0872; bonus=0.0200,"La fase de pre-escritura ha de ser entendida, más bien, como una etapa que abarca todo aquello que precede a la ejecución de la escritura propiamente dicha, o sea, la preparación, que puede incluir: tomar o revisar apuntes, pergueñar listas o esquemas; la definición de las metas que deseamos lograr (elaborar un comentario, un artículo, un resumen, una argumentación); disponer y predisponer los recursos que necesitaremos (material bibliográfico y pautas gramaticales para eventuales consultas, recursos técnicos si el texto se va a construir en entornos virtuales).",La_escritura_academica_en_la_fo___Maria_Ines_Corte_Vitoria_b72aa8e231_b0045_f002,D:\Documentos\LaTEX\Template-Informe\UnADM\redaccion-en-contextos-virtuales\referencias-redaccion-en-contextos-virtuales\libros-redaccion-en-contextos-virtuales\La escritura academica en la fo - Maria Ines Corte Vitoria.pdf,"Escritura academica. De la teor - Juan Antonio Nunez Cortes.pdf, p. 10; La escritura academica en la fo - Maria Ines Corte Vitoria.pdf, p. 109; La escritura academica en la fo - Maria Ines Corte Vitoria.pdf, p. 123; La escritura academica en la fo - Maria Ines Corte Vitoria.pdf, p. 153; La escritura academica en la fo - Maria Ines Corte Vitoria.pdf, p. 154; La escritura academica en la fo - Maria Ines Corte Vitoria.pdf, p. 165; La escritura academica en la fo - Maria Ines Corte Vitoria.pdf, p. 23; La escritura academica en la fo - Maria Ines Corte Vitoria.pdf, p. 38; La escritura academica en la fo - Maria Ines Corte Vitoria.pdf, p. 40; La escritura academica en la fo - Maria Ines Corte Vitoria.pdf, p. 45; La escritura academica en la fo - Maria Ines Corte Vitoria.pdf, p. 53; La escritura academica en la fo - Maria Ines Corte Vitoria.pdf, p. 75; La escritura academica en la fo - Maria Ines Corte Vitoria.pdf, p. 83","La ficha presenta coincidencias útiles, pero conviene revisar la pertinencia de cada cita. Se agruparon referencias de múltiples fuentes para enriquecer el concepto. Hay 7 referencia(s) de baja similitud que podrían introducir ruido."
5,Entornos virtuales de aprendizaje,media,0.1434,0.0919,La escritura academica en la fo - Maria Ines Corte Vitoria.pdf,pdf,p. 123,123,0.0956,tfidf=0.0656; bonus=0.0300,"Esos materiales en general ponen el foco en las características formales de los textos y en menor medida profundizan en los problemas de la investigación científica. Asimismo, resulta llamativo los numerosos sitios de internet que ofrecen asesorías para la realización de estos trabajos, lo que hace patente la existencia de un verdadero «mercado» de compra y venta de servicios académicos con cierto grado de sofisticación (plataformas virtuales, tutores online, materiales digitalizados, etc.).",La_escritura_academica_en_la_fo___Maria_Ines_Corte_Vitoria_b72aa8e231_b0123_f002,D:\Documentos\LaTEX\Template-Informe\UnADM\redaccion-en-contextos-virtuales\referencias-redaccion-en-contextos-virtuales\libros-redaccion-en-contextos-virtuales\La escritura academica en la fo - Maria Ines Corte Vitoria.pdf,"Escritura academica. De la teor - Juan Antonio Nunez Cortes.pdf, p. 10; La escritura academica en la fo - Maria Ines Corte Vitoria.pdf, p. 109; La escritura academica en la fo - Maria Ines Corte Vitoria.pdf, p. 123; La escritura academica en la fo - Maria Ines Corte Vitoria.pdf, p. 153; La escritura academica en la fo - Maria Ines Corte Vitoria.pdf, p. 154; La escritura academica en la fo - Maria Ines Corte Vitoria.pdf, p. 165; La escritura academica en la fo - Maria Ines Corte Vitoria.pdf, p. 23; La escritura academica en la fo - Maria Ines Corte Vitoria.pdf, p. 38; La escritura academica en la fo - Maria Ines Corte Vitoria.pdf, p. 40; La escritura academica en la fo - Maria Ines Corte Vitoria.pdf, p. 45; La escritura academica en la fo - Maria Ines Corte Vitoria.pdf, p. 53; La escritura academica en la fo - Maria Ines Corte Vitoria.pdf, p. 75; La escritura academica en la fo - Maria Ines Corte Vitoria.pdf, p. 83","La ficha presenta coincidencias útiles, pero conviene revisar la pertinencia de cada cita. Se agruparon referencias de múltiples fuentes para enriquecer el concepto. Hay 7 referencia(s) de baja similitud que podrían introducir ruido."
5,Entornos virtuales de aprendizaje,media,0.1434,0.0919,La escritura academica en la fo - Maria Ines Corte Vitoria.pdf,pdf,p. 75,75,0.0954,tfidf=0.0654; bonus=0.0300,"En modo alguno es este el lugar para introducirnos en el mundo disciplinar de la Didáctica como espacio de saberes y prácticas especializadas en los procesos de enseñanza y aprendizaje. Los especialistas en la materia han abundado en definiciones y explicaciones al respecto (Blankertz, 1986; Zabalza, 1990; Litwin, 1996; Marhuenda, 2000).",La_escritura_academica_en_la_fo___Maria_Ines_Corte_Vitoria_b72aa8e231_b0075_f003,D:\Documentos\LaTEX\Template-Informe\UnADM\redaccion-en-contextos-virtuales\referencias-redaccion-en-contextos-virtuales\libros-redaccion-en-contextos-virtuales\La escritura academica en la fo - Maria Ines Corte Vitoria.pdf,"Escritura academica. De la teor - Juan Antonio Nunez Cortes.pdf, p. 10; La escritura academica en la fo - Maria Ines Corte Vitoria.pdf, p. 109; La escritura academica en la fo - Maria Ines Corte Vitoria.pdf, p. 123; La escritura academica en la fo - Maria Ines Corte Vitoria.pdf, p. 153; La escritura academica en la fo - Maria Ines Corte Vitoria.pdf, p. 154; La escritura academica en la fo - Maria Ines Corte Vitoria.pdf, p. 165; La escritura academica en la fo - Maria Ines Corte Vitoria.pdf, p. 23; La escritura academica en la fo - Maria Ines Corte Vitoria.pdf, p. 38; La escritura academica en la fo - Maria Ines Corte Vitoria.pdf, p. 40; La escritura academica en la fo - Maria Ines Corte Vitoria.pdf, p. 45; La escritura academica en la fo - Maria Ines Corte Vitoria.pdf, p. 53; La escritura academica en la fo - Maria Ines Corte Vitoria.pdf, p. 75; La escritura academica en la fo - Maria Ines Corte Vitoria.pdf, p. 83","La ficha presenta coincidencias útiles, pero conviene revisar la pertinencia de cada cita. Se agruparon referencias de múltiples fuentes para enriquecer el concepto. Hay 7 referencia(s) de baja similitud que podrían introducir ruido."
5,Entornos virtuales de aprendizaje,media,0.1434,0.0919,La escritura academica en la fo - Maria Ines Corte Vitoria.pdf,pdf,p. 38,38,0.0929,tfidf=0.0829; bonus=0.0100,En lo que respecta a las tecnologías de la información parece obvio que nuestros estudiantes rehúyen el escribir a mano y prefieren hacerlo utilizando las nuevas herramientas que ofrecen las TIC. Se ha pasado del texto impreso al texto digital. Pero este tránsito no es neutral en la construcción de los textos escritos.,La_escritura_academica_en_la_fo___Maria_Ines_Corte_Vitoria_b72aa8e231_b0038_f003,D:\Documentos\LaTEX\Template-Informe\UnADM\redaccion-en-contextos-virtuales\referencias-redaccion-en-contextos-virtuales\libros-redaccion-en-contextos-virtuales\La escritura academica en la fo - Maria Ines Corte Vitoria.pdf,"Escritura academica. De la teor - Juan Antonio Nunez Cortes.pdf, p. 10; La escritura academica en la fo - Maria Ines Corte Vitoria.pdf, p. 109; La escritura academica en la fo - Maria Ines Corte Vitoria.pdf, p. 123; La escritura academica en la fo - Maria Ines Corte Vitoria.pdf, p. 153; La escritura academica en la fo - Maria Ines Corte Vitoria.pdf, p. 154; La escritura academica en la fo - Maria Ines Corte Vitoria.pdf, p. 165; La escritura academica en la fo - Maria Ines Corte Vitoria.pdf, p. 23; La escritura academica en la fo - Maria Ines Corte Vitoria.pdf, p. 38; La escritura academica en la fo - Maria Ines Corte Vitoria.pdf, p. 40; La escritura academica en la fo - Maria Ines Corte Vitoria.pdf, p. 45; La escritura academica en la fo - Maria Ines Corte Vitoria.pdf, p. 53; La escritura academica en la fo - Maria Ines Corte Vitoria.pdf, p. 75; La escritura academica en la fo - Maria Ines Corte Vitoria.pdf, p. 83","La ficha presenta coincidencias útiles, pero conviene revisar la pertinencia de cada cita. Se agruparon referencias de múltiples fuentes para enriquecer el concepto. Hay 7 referencia(s) de baja similitud que podrían introducir ruido."
5,Entornos virtuales de aprendizaje,media,0.1434,0.0919,La escritura academica en la fo - Maria Ines Corte Vitoria.pdf,pdf,p. 153,153,0.077,tfidf=0.0370; bonus=0.0400,"CANTÓN, I. y TARDIF, M.: Identidad profesional docente. CEBRIÁN, M. (Coord.): Enseñanza virtual para la innovación universitaria. CÔRTE VITÓRIA, M.",La_escritura_academica_en_la_fo___Maria_Ines_Corte_Vitoria_b72aa8e231_b0153_f002,D:\Documentos\LaTEX\Template-Informe\UnADM\redaccion-en-contextos-virtuales\referencias-redaccion-en-contextos-virtuales\libros-redaccion-en-contextos-virtuales\La escritura academica en la fo - Maria Ines Corte Vitoria.pdf,"Escritura academica. De la teor - Juan Antonio Nunez Cortes.pdf, p. 10; La escritura academica en la fo - Maria Ines Corte Vitoria.pdf, p. 109; La escritura academica en la fo - Maria Ines Corte Vitoria.pdf, p. 123; La escritura academica en la fo - Maria Ines Corte Vitoria.pdf, p. 153; La escritura academica en la fo - Maria Ines Corte Vitoria.pdf, p. 154; La escritura academica en la fo - Maria Ines Corte Vitoria.pdf, p. 165; La escritura academica en la fo - Maria Ines Corte Vitoria.pdf, p. 23; La escritura academica en la fo - Maria Ines Corte Vitoria.pdf, p. 38; La escritura academica en la fo - Maria Ines Corte Vitoria.pdf, p. 40; La escritura academica en la fo - Maria Ines Corte Vitoria.pdf, p. 45; La escritura academica en la fo - Maria Ines Corte Vitoria.pdf, p. 53; La escritura academica en la fo - Maria Ines Corte Vitoria.pdf, p. 75; La escritura academica en la fo - Maria Ines Corte Vitoria.pdf, p. 83","La ficha presenta coincidencias útiles, pero conviene revisar la pertinencia de cada cita. Se agruparon referencias de múltiples fuentes para enriquecer el concepto. Hay 7 referencia(s) de baja similitud que podrían introducir ruido."
5,Entornos virtuales de aprendizaje,media,0.1434,0.0919,La escritura academica en la fo - Maria Ines Corte Vitoria.pdf,pdf,p. 153,153,0.0692,tfidf=0.0392; bonus=0.0300,"HANNAN, A. y SILVER, H.: La innovación en la enseñanza superior. Enseñanza, aprendizaje y culturas institucionales. JARVIS, P: Universidades Corporativas.",La_escritura_academica_en_la_fo___Maria_Ines_Corte_Vitoria_b72aa8e231_b0153_f003,D:\Documentos\LaTEX\Template-Informe\UnADM\redaccion-en-contextos-virtuales\referencias-redaccion-en-contextos-virtuales\libros-redaccion-en-contextos-virtuales\La escritura academica en la fo - Maria Ines Corte Vitoria.pdf,"Escritura academica. De la teor - Juan Antonio Nunez Cortes.pdf, p. 10; La escritura academica en la fo - Maria Ines Corte Vitoria.pdf, p. 109; La escritura academica en la fo - Maria Ines Corte Vitoria.pdf, p. 123; La escritura academica en la fo - Maria Ines Corte Vitoria.pdf, p. 153; La escritura academica en la fo - Maria Ines Corte Vitoria.pdf, p. 154; La escritura academica en la fo - Maria Ines Corte Vitoria.pdf, p. 165; La escritura academica en la fo - Maria Ines Corte Vitoria.pdf, p. 23; La escritura academica en la fo - Maria Ines Corte Vitoria.pdf, p. 38; La escritura academica en la fo - Maria Ines Corte Vitoria.pdf, p. 40; La escritura academica en la fo - Maria Ines Corte Vitoria.pdf, p. 45; La escritura academica en la fo - Maria Ines Corte Vitoria.pdf, p. 53; La escritura academica en la fo - Maria Ines Corte Vitoria.pdf, p. 75; La escritura academica en la fo - Maria Ines Corte Vitoria.pdf, p. 83","La ficha presenta coincidencias útiles, pero conviene revisar la pertinencia de cada cita. Se agruparon referencias de múltiples fuentes para enriquecer el concepto. Hay 7 referencia(s) de baja similitud que podrían introducir ruido."
5,Entornos virtuales de aprendizaje,media,0.1434,0.0919,La escritura academica en la fo - Maria Ines Corte Vitoria.pdf,pdf,p. 83,83,0.065,tfidf=0.0550; bonus=0.0100,"En los niveles altos de la escolaridad, sucedería otro tanto: las tareas a realizar no pueden sobrepasar los niveles de conocimiento y desarrollo de habilidades de los estudiantes. La didáctica piagetiana exige una planificación graduada de los procesos de aprendizaje, de forma que no se produzcan saltos en el vacío y se eviten las negativas consecuencias que el fracaso acarrea: tareas con exigencias poco coherentes con el nivel de aprendizaje de los estudiantes. El desarrollo, es decir, la capacidad de hacer, algo debe ir por delante de la realización de ese algo: el desarrollo condiciona el aprendizaje de los estudiantes.",La_escritura_academica_en_la_fo___Maria_Ines_Corte_Vitoria_b72aa8e231_b0083_f002,D:\Documentos\LaTEX\Template-Informe\UnADM\redaccion-en-contextos-virtuales\referencias-redaccion-en-contextos-virtuales\libros-redaccion-en-contextos-virtuales\La escritura academica en la fo - Maria Ines Corte Vitoria.pdf,"Escritura academica. De la teor - Juan Antonio Nunez Cortes.pdf, p. 10; La escritura academica en la fo - Maria Ines Corte Vitoria.pdf, p. 109; La escritura academica en la fo - Maria Ines Corte Vitoria.pdf, p. 123; La escritura academica en la fo - Maria Ines Corte Vitoria.pdf, p. 153; La escritura academica en la fo - Maria Ines Corte Vitoria.pdf, p. 154; La escritura academica en la fo - Maria Ines Corte Vitoria.pdf, p. 165; La escritura academica en la fo - Maria Ines Corte Vitoria.pdf, p. 23; La escritura academica en la fo - Maria Ines Corte Vitoria.pdf, p. 38; La escritura academica en la fo - Maria Ines Corte Vitoria.pdf, p. 40; La escritura academica en la fo - Maria Ines Corte Vitoria.pdf, p. 45; La escritura academica en la fo - Maria Ines Corte Vitoria.pdf, p. 53; La escritura academica en la fo - Maria Ines Corte Vitoria.pdf, p. 75; La escritura academica en la fo - Maria Ines Corte Vitoria.pdf, p. 83","La ficha presenta coincidencias útiles, pero conviene revisar la pertinencia de cada cita. Se agruparon referencias de múltiples fuentes para enriquecer el concepto. Hay 7 referencia(s) de baja similitud que podrían introducir ruido."
5,Entornos virtuales de aprendizaje,media,0.1434,0.0919,La escritura academica en la fo - Maria Ines Corte Vitoria.pdf,pdf,p. 23,23,0.0498,tfidf=0.0398; bonus=0.0100,3. El aprendizaje cambia la estructura física del cerebro. Esos cambios estructurales alteran la organización funcional del cerebro.,La_escritura_academica_en_la_fo___Maria_Ines_Corte_Vitoria_b72aa8e231_b0023_f001,D:\Documentos\LaTEX\Template-Informe\UnADM\redaccion-en-contextos-virtuales\referencias-redaccion-en-contextos-virtuales\libros-redaccion-en-contextos-virtuales\La escritura academica en la fo - Maria Ines Corte Vitoria.pdf,"Escritura academica. De la teor - Juan Antonio Nunez Cortes.pdf, p. 10; La escritura academica en la fo - Maria Ines Corte Vitoria.pdf, p. 109; La escritura academica en la fo - Maria Ines Corte Vitoria.pdf, p. 123; La escritura academica en la fo - Maria Ines Corte Vitoria.pdf, p. 153; La escritura academica en la fo - Maria Ines Corte Vitoria.pdf, p. 154; La escritura academica en la fo - Maria Ines Corte Vitoria.pdf, p. 165; La escritura academica en la fo - Maria Ines Corte Vitoria.pdf, p. 23; La escritura academica en la fo - Maria Ines Corte Vitoria.pdf, p. 38; La escritura academica en la fo - Maria Ines Corte Vitoria.pdf, p. 40; La escritura academica en la fo - Maria Ines Corte Vitoria.pdf, p. 45; La escritura academica en la fo - Maria Ines Corte Vitoria.pdf, p. 53; La escritura academica en la fo - Maria Ines Corte Vitoria.pdf, p. 75; La escritura academica en la fo - Maria Ines Corte Vitoria.pdf, p. 83","La ficha presenta coincidencias útiles, pero conviene revisar la pertinencia de cada cita. Se agruparon referencias de múltiples fuentes para enriquecer el concepto. Hay 7 referencia(s) de baja similitud que podrían introducir ruido."
5,Entornos virtuales de aprendizaje,media,0.1434,0.0919,La escritura academica en la fo - Maria Ines Corte Vitoria.pdf,pdf,p. 165,165,0.0467,tfidf=0.0367; bonus=0.0100,"Dificultades específicas de aprendizaje y otros trastornos Hudson, Diana 9788427723450 176 Páginas Cómpralo y empieza a leer ¿Puede cualquier profesional de la educación ayudar a los alumnos con DEA a desarrollar su máximo potencial en las aulas? Este libro contiene información directa, accesible y práctica que, profesores, monitores, auxiliares técnicos educativos y familias pueden utilizar para reconocer y entender cuáles son los síntomas relacionados con las dificultades de aprendizaje más comunes: dislexia, discalculia, disgrafía, dispraxia, TDAH, TEA, TOC, junto a estrategias y pautas de actuación relacionadas con estos alumnos.",La_escritura_academica_en_la_fo___Maria_Ines_Corte_Vitoria_b72aa8e231_b0165_f001,D:\Documentos\LaTEX\Template-Informe\UnADM\redaccion-en-contextos-virtuales\referencias-redaccion-en-contextos-virtuales\libros-redaccion-en-contextos-virtuales\La escritura academica en la fo - Maria Ines Corte Vitoria.pdf,"Escritura academica. De la teor - Juan Antonio Nunez Cortes.pdf, p. 10; La escritura academica en la fo - Maria Ines Corte Vitoria.pdf, p. 109; La escritura academica en la fo - Maria Ines Corte Vitoria.pdf, p. 123; La escritura academica en la fo - Maria Ines Corte Vitoria.pdf, p. 153; La escritura academica en la fo - Maria Ines Corte Vitoria.pdf, p. 154; La escritura academica en la fo - Maria Ines Corte Vitoria.pdf, p. 165; La escritura academica en la fo - Maria Ines Corte Vitoria.pdf, p. 23; La escritura academica en la fo - Maria Ines Corte Vitoria.pdf, p. 38; La escritura academica en la fo - Maria Ines Corte Vitoria.pdf, p. 40; La escritura academica en la fo - Maria Ines Corte Vitoria.pdf, p. 45; La escritura academica en la fo - Maria Ines Corte Vitoria.pdf, p. 53; La escritura academica en la fo - Maria Ines Corte Vitoria.pdf, p. 75; La escritura academica en la fo - Maria Ines Corte Vitoria.pdf, p. 83","La ficha presenta coincidencias útiles, pero conviene revisar la pertinencia de cada cita. Se agruparon referencias de múltiples fuentes para enriquecer el concepto. Hay 7 referencia(s) de baja similitud que podrían introducir ruido."
5,Entornos virtuales de aprendizaje,media,0.1434,0.0919,Escritura academica. De la teor - Juan Antonio Nunez Cortes.pdf,pdf,p. 10,10,0.0435,tfidf=0.0335; bonus=0.0100,"Introducción En la sociedad globalizada del conocimiento o del aprendizaje, líquida y digital, las personas han de tener la capacidad para adaptarse a un cambio continuo. De esta manera, entre otras muchas, el desempeño en la escritura se erige como una competencia clave para el aprendizaje en la educación superior.",Escritura_academica__De_la_teor___Juan_Antonio_Nunez_Cortes_1a16d092a9_b0010_f001,D:\Documentos\LaTEX\Template-Informe\UnADM\redaccion-en-contextos-virtuales\referencias-redaccion-en-contextos-virtuales\libros-redaccion-en-contextos-virtuales\Escritura academica. De la teor - Juan Antonio Nunez Cortes.pdf,"Escritura academica. De la teor - Juan Antonio Nunez Cortes.pdf, p. 10; La escritura academica en la fo - Maria Ines Corte Vitoria.pdf, p. 109; La escritura academica en la fo - Maria Ines Corte Vitoria.pdf, p. 123; La escritura academica en la fo - Maria Ines Corte Vitoria.pdf, p. 153; La escritura academica en la fo - Maria Ines Corte Vitoria.pdf, p. 154; La escritura academica en la fo - Maria Ines Corte Vitoria.pdf, p. 165; La escritura academica en la fo - Maria Ines Corte Vitoria.pdf, p. 23; La escritura academica en la fo - Maria Ines Corte Vitoria.pdf, p. 38; La escritura academica en la fo - Maria Ines Corte Vitoria.pdf, p. 40; La escritura academica en la fo - Maria Ines Corte Vitoria.pdf, p. 45; La escritura academica en la fo - Maria Ines Corte Vitoria.pdf, p. 53; La escritura academica en la fo - Maria Ines Corte Vitoria.pdf, p. 75; La escritura academica en la fo - Maria Ines Corte Vitoria.pdf, p. 83","La ficha presenta coincidencias útiles, pero conviene revisar la pertinencia de cada cita. Se agruparon referencias de múltiples fuentes para enriquecer el concepto. Hay 7 referencia(s) de baja similitud que podrían introducir ruido."
5,Entornos virtuales de aprendizaje,media,0.1434,0.0919,La escritura academica en la fo - Maria Ines Corte Vitoria.pdf,pdf,p. 53,53,0.0414,tfidf=0.0314; bonus=0.0100,"De todas las maneras, lo que queremos subrayar aquí es que la escritura situada en el contexto académico está sujeta, por un lado, a las condiciones impuestas a los textos que se construyen (cada uno con sus propias reglas formales y de contenido) y, por otro, a las condiciones de las audiencias a las que se dirige. En la mayoría de los casos, no sabemos a quién nos estamos dirigiendo, pues nuestros discursos por escrito presuponen interlocutores virtuales. Por eso mismo, podemos decir que no hay un género tipo, sino diferentes modos discursivos que van asumiendo matices distintos, tan distintos como los textos que tenemos que construir o las audiencias a las que van destinados.",La_escritura_academica_en_la_fo___Maria_Ines_Corte_Vitoria_b72aa8e231_b0053_f003,D:\Documentos\LaTEX\Template-Informe\UnADM\redaccion-en-contextos-virtuales\referencias-redaccion-en-contextos-virtuales\libros-redaccion-en-contextos-virtuales\La escritura academica en la fo - Maria Ines Corte Vitoria.pdf,"Escritura academica. De la teor - Juan Antonio Nunez Cortes.pdf, p. 10; La escritura academica en la fo - Maria Ines Corte Vitoria.pdf, p. 109; La escritura academica en la fo - Maria Ines Corte Vitoria.pdf, p. 123; La escritura academica en la fo - Maria Ines Corte Vitoria.pdf, p. 153; La escritura academica en la fo - Maria Ines Corte Vitoria.pdf, p. 154; La escritura academica en la fo - Maria Ines Corte Vitoria.pdf, p. 165; La escritura academica en la fo - Maria Ines Corte Vitoria.pdf, p. 23; La escritura academica en la fo - Maria Ines Corte Vitoria.pdf, p. 38; La escritura academica en la fo - Maria Ines Corte Vitoria.pdf, p. 40; La escritura academica en la fo - Maria Ines Corte Vitoria.pdf, p. 45; La escritura academica en la fo - Maria Ines Corte Vitoria.pdf, p. 53; La escritura academica en la fo - Maria Ines Corte Vitoria.pdf, p. 75; La escritura academica en la fo - Maria Ines Corte Vitoria.pdf, p. 83","La ficha presenta coincidencias útiles, pero conviene revisar la pertinencia de cada cita. Se agruparon referencias de múltiples fuentes para enriquecer el concepto. Hay 7 referencia(s) de baja similitud que podrían introducir ruido."
6,Canal,media,0.1416,0.0866,Taller de lectura y redaccion_ - Leopoldo Ayala.pdf,pdf,p. 185,185,0.1416,tfidf=0.1116; bonus=0.0300,"La obra es el medio a través del cual el autor se comunica con el lector que es el receptor de su mensaje. Tiene función paralela a otros medios de comunicación como el cine de arte, la televisión cultural y el teatro.",Taller_de_lectura_y_redaccion____Leopoldo_Ayala_c5996d4dd8_b0185_f002,D:\Documentos\LaTEX\Template-Informe\UnADM\redaccion-en-contextos-virtuales\referencias-redaccion-en-contextos-virtuales\libros-redaccion-en-contextos-virtuales\Taller de lectura y redaccion_ - Leopoldo Ayala.pdf,"Escritura academica. De la teor - Juan Antonio Nunez Cortes.pdf, p. 10; Escritura academica. De la teor - Juan Antonio Nunez Cortes.pdf, p. 19; Escritura academica. De la teor - Juan Antonio Nunez Cortes.pdf, p. 22; Escritura academica. De la teor - Juan Antonio Nunez Cortes.pdf, p. 27; Escritura academica. De la teor - Juan Antonio Nunez Cortes.pdf, p. 38; Escritura academica. De la teor - Juan Antonio Nunez Cortes.pdf, p. 66; Escritura academica. De la teor - Juan Antonio Nunez Cortes.pdf, p. 94; Escritura academica. De la teor - Juan Antonio Nunez Cortes.pdf, p. 96; La escritura academica en la fo - Maria Ines Corte Vitoria.pdf, p. 110; La escritura academica en la fo - Maria Ines Corte Vitoria.pdf, p. 28; La escritura academica en la fo - Maria Ines Corte Vitoria.pdf, p. 32; La escritura academica en la fo - Maria Ines Corte Vitoria.pdf, p. 34; La escritura academica en la fo - Maria Ines Corte Vitoria.pdf, p. 44; La escritura academica en la fo - Maria Ines Corte Vitoria.pdf, p. 46; La escritura academica en la fo - Maria Ines Corte Vitoria.pdf, p. 52; La escritura academica en la fo - Maria Ines Corte Vitoria.pdf, p. 69; Taller de lectura y redaccion_ - Leopoldo Ayala.pdf, p. 106; Taller de lectura y redaccion_ - Leopoldo Ayala.pdf, p. 138; Taller de lectura y redaccion_ - Leopoldo Ayala.pdf, p. 174; Taller de lectura y redaccion_ - Leopoldo Ayala.pdf, p. 185; Taller de lectura y redaccion_ - Leopoldo Ayala.pdf, p. 19; Taller de lectura y redaccion_ - Leopoldo Ayala.pdf, p. 29; Taller de lectura y redaccion_ - Leopoldo Ayala.pdf, p. 35; Taller de lectura y redaccion_ - Leopoldo Ayala.pdf, p. 37; Taller de lectura y redaccion_ - Leopoldo Ayala.pdf, p. 80","La ficha presenta coincidencias útiles, pero conviene revisar la pertinencia de cada cita. Se agruparon referencias de múltiples fuentes para enriquecer el concepto. Hay 14 referencia(s) de baja similitud que podrían introducir ruido."
6,Canal,media,0.1416,0.0866,Taller de lectura y redaccion_ - Leopoldo Ayala.pdf,pdf,p. 106,106,0.1269,tfidf=0.0569; bonus=0.0700,"Porque usted estuvo allí entre los coolies de Shangai y Cantón, midiéndoles el hambre y la desnudez y en África del Sur midió la desnudez y el hambre de los parias de la India, que iban en busca de su pan. Porque usted estuvo con los peones que excavaban su propia tumba, cuando excavaban el canal de Panamá. Y fue así como vio que el hombre era uno y su hambre también una, y así como supo que uno solo había de ser su odio y uno su camino.",Taller_de_lectura_y_redaccion____Leopoldo_Ayala_c5996d4dd8_b0106_f001,D:\Documentos\LaTEX\Template-Informe\UnADM\redaccion-en-contextos-virtuales\referencias-redaccion-en-contextos-virtuales\libros-redaccion-en-contextos-virtuales\Taller de lectura y redaccion_ - Leopoldo Ayala.pdf,"Escritura academica. De la teor - Juan Antonio Nunez Cortes.pdf, p. 10; Escritura academica. De la teor - Juan Antonio Nunez Cortes.pdf, p. 19; Escritura academica. De la teor - Juan Antonio Nunez Cortes.pdf, p. 22; Escritura academica. De la teor - Juan Antonio Nunez Cortes.pdf, p. 27; Escritura academica. De la teor - Juan Antonio Nunez Cortes.pdf, p. 38; Escritura academica. De la teor - Juan Antonio Nunez Cortes.pdf, p. 66; Escritura academica. De la teor - Juan Antonio Nunez Cortes.pdf, p. 94; Escritura academica. De la teor - Juan Antonio Nunez Cortes.pdf, p. 96; La escritura academica en la fo - Maria Ines Corte Vitoria.pdf, p. 110; La escritura academica en la fo - Maria Ines Corte Vitoria.pdf, p. 28; La escritura academica en la fo - Maria Ines Corte Vitoria.pdf, p. 32; La escritura academica en la fo - Maria Ines Corte Vitoria.pdf, p. 34; La escritura academica en la fo - Maria Ines Corte Vitoria.pdf, p. 44; La escritura academica en la fo - Maria Ines Corte Vitoria.pdf, p. 46; La escritura academica en la fo - Maria Ines Corte Vitoria.pdf, p. 52; La escritura academica en la fo - Maria Ines Corte Vitoria.pdf, p. 69; Taller de lectura y redaccion_ - Leopoldo Ayala.pdf, p. 106; Taller de lectura y redaccion_ - Leopoldo Ayala.pdf, p. 138; Taller de lectura y redaccion_ - Leopoldo Ayala.pdf, p. 174; Taller de lectura y redaccion_ - Leopoldo Ayala.pdf, p. 185; Taller de lectura y redaccion_ - Leopoldo Ayala.pdf, p. 19; Taller de lectura y redaccion_ - Leopoldo Ayala.pdf, p. 29; Taller de lectura y redaccion_ - Leopoldo Ayala.pdf, p. 35; Taller de lectura y redaccion_ - Leopoldo Ayala.pdf, p. 37; Taller de lectura y redaccion_ - Leopoldo Ayala.pdf, p. 80","La ficha presenta coincidencias útiles, pero conviene revisar la pertinencia de cada cita. Se agruparon referencias de múltiples fuentes para enriquecer el concepto. Hay 14 referencia(s) de baja similitud que podrían introducir ruido."
6,Canal,media,0.1416,0.0866,La escritura academica en la fo - Maria Ines Corte Vitoria.pdf,pdf,p. 44,44,0.1178,tfidf=0.0878; bonus=0.0300,"Convertirla en señal (sonidos vocálicos, letras escritas, gestos, dibujos). Transmitir la señal a través de nuestros órganos y sentidos emisores (voz, escritura, gestos, etc.). • • El proceso se realiza a través de un recorrido contrario por parte del receptor del mensaje: recibirá una señal en sus receptores, la decodificará y (re)construirá con ella la idea que el emisor pretendía enviarle. Como sucede en todos estos procesos interrelacionados, la fortaleza del conjunto de la cadena nunca puede ser mayor que la del más débil de sus eslabones.",La_escritura_academica_en_la_fo___Maria_Ines_Corte_Vitoria_b72aa8e231_b0044_f001,D:\Documentos\LaTEX\Template-Informe\UnADM\redaccion-en-contextos-virtuales\referencias-redaccion-en-contextos-virtuales\libros-redaccion-en-contextos-virtuales\La escritura academica en la fo - Maria Ines Corte Vitoria.pdf,"Escritura academica. De la teor - Juan Antonio Nunez Cortes.pdf, p. 10; Escritura academica. De la teor - Juan Antonio Nunez Cortes.pdf, p. 19; Escritura academica. De la teor - Juan Antonio Nunez Cortes.pdf, p. 22; Escritura academica. De la teor - Juan Antonio Nunez Cortes.pdf, p. 27; Escritura academica. De la teor - Juan Antonio Nunez Cortes.pdf, p. 38; Escritura academica. De la teor - Juan Antonio Nunez Cortes.pdf, p. 66; Escritura academica. De la teor - Juan Antonio Nunez Cortes.pdf, p. 94; Escritura academica. De la teor - Juan Antonio Nunez Cortes.pdf, p. 96; La escritura academica en la fo - Maria Ines Corte Vitoria.pdf, p. 110; La escritura academica en la fo - Maria Ines Corte Vitoria.pdf, p. 28; La escritura academica en la fo - Maria Ines Corte Vitoria.pdf, p. 32; La escritura academica en la fo - Maria Ines Corte Vitoria.pdf, p. 34; La escritura academica en la fo - Maria Ines Corte Vitoria.pdf, p. 44; La escritura academica en la fo - Maria Ines Corte Vitoria.pdf, p. 46; La escritura academica en la fo - Maria Ines Corte Vitoria.pdf, p. 52; La escritura academica en la fo - Maria Ines Corte Vitoria.pdf, p. 69; Taller de lectura y redaccion_ - Leopoldo Ayala.pdf, p. 106; Taller de lectura y redaccion_ - Leopoldo Ayala.pdf, p. 138; Taller de lectura y redaccion_ - Leopoldo Ayala.pdf, p. 174; Taller de lectura y redaccion_ - Leopoldo Ayala.pdf, p. 185; Taller de lectura y redaccion_ - Leopoldo Ayala.pdf, p. 19; Taller de lectura y redaccion_ - Leopoldo Ayala.pdf, p. 29; Taller de lectura y redaccion_ - Leopoldo Ayala.pdf, p. 35; Taller de lectura y redaccion_ - Leopoldo Ayala.pdf, p. 37; Taller de lectura y redaccion_ - Leopoldo Ayala.pdf, p. 80","La ficha presenta coincidencias útiles, pero conviene revisar la pertinencia de cada cita. Se agruparon referencias de múltiples fuentes para enriquecer el concepto. Hay 14 referencia(s) de baja similitud que podrían introducir ruido."
6,Canal,media,0.1416,0.0866,Escritura academica. De la teor - Juan Antonio Nunez Cortes.pdf,pdf,p. 19,19,0.1141,tfidf=0.0941; bonus=0.0200,"Al respecto, Scardamalia y Bereiter, al proponer los dos modelos de procesos de composición escrita —decir el conocimiento y transformar el conocimiento— subrayan la función epistémica de la escritura pues «numerosos escritores experimentados aseguran que su comprensión de lo que están intentando escribir, crece y cambia durante el proceso de composición» (1992, p. 44).",Escritura_academica__De_la_teor___Juan_Antonio_Nunez_Cortes_1a16d092a9_b0019_f002,D:\Documentos\LaTEX\Template-Informe\UnADM\redaccion-en-contextos-virtuales\referencias-redaccion-en-contextos-virtuales\libros-redaccion-en-contextos-virtuales\Escritura academica. De la teor - Juan Antonio Nunez Cortes.pdf,"Escritura academica. De la teor - Juan Antonio Nunez Cortes.pdf, p. 10; Escritura academica. De la teor - Juan Antonio Nunez Cortes.pdf, p. 19; Escritura academica. De la teor - Juan Antonio Nunez Cortes.pdf, p. 22; Escritura academica. De la teor - Juan Antonio Nunez Cortes.pdf, p. 27; Escritura academica. De la teor - Juan Antonio Nunez Cortes.pdf, p. 38; Escritura academica. De la teor - Juan Antonio Nunez Cortes.pdf, p. 66; Escritura academica. De la teor - Juan Antonio Nunez Cortes.pdf, p. 94; Escritura academica. De la teor - Juan Antonio Nunez Cortes.pdf, p. 96; La escritura academica en la fo - Maria Ines Corte Vitoria.pdf, p. 110; La escritura academica en la fo - Maria Ines Corte Vitoria.pdf, p. 28; La escritura academica en la fo - Maria Ines Corte Vitoria.pdf, p. 32; La escritura academica en la fo - Maria Ines Corte Vitoria.pdf, p. 34; La escritura academica en la fo - Maria Ines Corte Vitoria.pdf, p. 44; La escritura academica en la fo - Maria Ines Corte Vitoria.pdf, p. 46; La escritura academica en la fo - Maria Ines Corte Vitoria.pdf, p. 52; La escritura academica en la fo - Maria Ines Corte Vitoria.pdf, p. 69; Taller de lectura y redaccion_ - Leopoldo Ayala.pdf, p. 106; Taller de lectura y redaccion_ - Leopoldo Ayala.pdf, p. 138; Taller de lectura y redaccion_ - Leopoldo Ayala.pdf, p. 174; Taller de lectura y redaccion_ - Leopoldo Ayala.pdf, p. 185; Taller de lectura y redaccion_ - Leopoldo Ayala.pdf, p. 19; Taller de lectura y redaccion_ - Leopoldo Ayala.pdf, p. 29; Taller de lectura y redaccion_ - Leopoldo Ayala.pdf, p. 35; Taller de lectura y redaccion_ - Leopoldo Ayala.pdf, p. 37; Taller de lectura y redaccion_ - Leopoldo Ayala.pdf, p. 80","La ficha presenta coincidencias útiles, pero conviene revisar la pertinencia de cada cita. Se agruparon referencias de múltiples fuentes para enriquecer el concepto. Hay 14 referencia(s) de baja similitud que podrían introducir ruido."
6,Canal,media,0.1416,0.0866,La escritura academica en la fo - Maria Ines Corte Vitoria.pdf,pdf,p. 46,46,0.1069,tfidf=0.0769; bonus=0.0300,"Para mejorar estas dificultades, podrían incorporarse periodos de escritura, frecuentes y graduados en exigencia, en los que cada sujeto pudiera ir reforzando sus actitudes positivas hacia sí mismo y hacia los textos que elabore: tomar apuntes, recodificar textos ajenos, prestar apoyo en las revisiones y segundas versiones (ya que la escritura académica exige una sumisión adicional a reglas prescriptivas, además de las funcionales), etc. Una teoría integrada de la escritura Desde esta perspectiva, estos son los puntos recurrentes en una teoría integrada de la escritura; la escritura: • • Es un acto de comunicación cuyo interlocutor es virtual.",La_escritura_academica_en_la_fo___Maria_Ines_Corte_Vitoria_b72aa8e231_b0046_f001,D:\Documentos\LaTEX\Template-Informe\UnADM\redaccion-en-contextos-virtuales\referencias-redaccion-en-contextos-virtuales\libros-redaccion-en-contextos-virtuales\La escritura academica en la fo - Maria Ines Corte Vitoria.pdf,"Escritura academica. De la teor - Juan Antonio Nunez Cortes.pdf, p. 10; Escritura academica. De la teor - Juan Antonio Nunez Cortes.pdf, p. 19; Escritura academica. De la teor - Juan Antonio Nunez Cortes.pdf, p. 22; Escritura academica. De la teor - Juan Antonio Nunez Cortes.pdf, p. 27; Escritura academica. De la teor - Juan Antonio Nunez Cortes.pdf, p. 38; Escritura academica. De la teor - Juan Antonio Nunez Cortes.pdf, p. 66; Escritura academica. De la teor - Juan Antonio Nunez Cortes.pdf, p. 94; Escritura academica. De la teor - Juan Antonio Nunez Cortes.pdf, p. 96; La escritura academica en la fo - Maria Ines Corte Vitoria.pdf, p. 110; La escritura academica en la fo - Maria Ines Corte Vitoria.pdf, p. 28; La escritura academica en la fo - Maria Ines Corte Vitoria.pdf, p. 32; La escritura academica en la fo - Maria Ines Corte Vitoria.pdf, p. 34; La escritura academica en la fo - Maria Ines Corte Vitoria.pdf, p. 44; La escritura academica en la fo - Maria Ines Corte Vitoria.pdf, p. 46; La escritura academica en la fo - Maria Ines Corte Vitoria.pdf, p. 52; La escritura academica en la fo - Maria Ines Corte Vitoria.pdf, p. 69; Taller de lectura y redaccion_ - Leopoldo Ayala.pdf, p. 106; Taller de lectura y redaccion_ - Leopoldo Ayala.pdf, p. 138; Taller de lectura y redaccion_ - Leopoldo Ayala.pdf, p. 174; Taller de lectura y redaccion_ - Leopoldo Ayala.pdf, p. 185; Taller de lectura y redaccion_ - Leopoldo Ayala.pdf, p. 19; Taller de lectura y redaccion_ - Leopoldo Ayala.pdf, p. 29; Taller de lectura y redaccion_ - Leopoldo Ayala.pdf, p. 35; Taller de lectura y redaccion_ - Leopoldo Ayala.pdf, p. 37; Taller de lectura y redaccion_ - Leopoldo Ayala.pdf, p. 80","La ficha presenta coincidencias útiles, pero conviene revisar la pertinencia de cada cita. Se agruparon referencias de múltiples fuentes para enriquecer el concepto. Hay 14 referencia(s) de baja similitud que podrían introducir ruido."
6,Canal,media,0.1416,0.0866,La escritura academica en la fo - Maria Ines Corte Vitoria.pdf,pdf,p. 69,69,0.1066,tfidf=0.0666; bonus=0.0400,"La escritura, ya lo hemos señalado en el capítulo 1, fija y objetiva el lenguaje hablado pero, al hacerlo, transforma ese lenguaje en un nuevo lenguaje que posee una existencia independiente del primero. El lenguaje escrito es menos móvil que el lenguaje oral, sus transformaciones son muy lentas y poco numerosas. Por eso mismo permite fijar el pensamiento y hacerlo atravesar el espacio y el tiempo.",La_escritura_academica_en_la_fo___Maria_Ines_Corte_Vitoria_b72aa8e231_b0069_f001,D:\Documentos\LaTEX\Template-Informe\UnADM\redaccion-en-contextos-virtuales\referencias-redaccion-en-contextos-virtuales\libros-redaccion-en-contextos-virtuales\La escritura academica en la fo - Maria Ines Corte Vitoria.pdf,"Escritura academica. De la teor - Juan Antonio Nunez Cortes.pdf, p. 10; Escritura academica. De la teor - Juan Antonio Nunez Cortes.pdf, p. 19; Escritura academica. De la teor - Juan Antonio Nunez Cortes.pdf, p. 22; Escritura academica. De la teor - Juan Antonio Nunez Cortes.pdf, p. 27; Escritura academica. De la teor - Juan Antonio Nunez Cortes.pdf, p. 38; Escritura academica. De la teor - Juan Antonio Nunez Cortes.pdf, p. 66; Escritura academica. De la teor - Juan Antonio Nunez Cortes.pdf, p. 94; Escritura academica. De la teor - Juan Antonio Nunez Cortes.pdf, p. 96; La escritura academica en la fo - Maria Ines Corte Vitoria.pdf, p. 110; La escritura academica en la fo - Maria Ines Corte Vitoria.pdf, p. 28; La escritura academica en la fo - Maria Ines Corte Vitoria.pdf, p. 32; La escritura academica en la fo - Maria Ines Corte Vitoria.pdf, p. 34; La escritura academica en la fo - Maria Ines Corte Vitoria.pdf, p. 44; La escritura academica en la fo - Maria Ines Corte Vitoria.pdf, p. 46; La escritura academica en la fo - Maria Ines Corte Vitoria.pdf, p. 52; La escritura academica en la fo - Maria Ines Corte Vitoria.pdf, p. 69; Taller de lectura y redaccion_ - Leopoldo Ayala.pdf, p. 106; Taller de lectura y redaccion_ - Leopoldo Ayala.pdf, p. 138; Taller de lectura y redaccion_ - Leopoldo Ayala.pdf, p. 174; Taller de lectura y redaccion_ - Leopoldo Ayala.pdf, p. 185; Taller de lectura y redaccion_ - Leopoldo Ayala.pdf, p. 19; Taller de lectura y redaccion_ - Leopoldo Ayala.pdf, p. 29; Taller de lectura y redaccion_ - Leopoldo Ayala.pdf, p. 35; Taller de lectura y redaccion_ - Leopoldo Ayala.pdf, p. 37; Taller de lectura y redaccion_ - Leopoldo Ayala.pdf, p. 80","La ficha presenta coincidencias útiles, pero conviene revisar la pertinencia de cada cita. Se agruparon referencias de múltiples fuentes para enriquecer el concepto. Hay 14 referencia(s) de baja similitud que podrían introducir ruido."
6,Canal,media,0.1416,0.0866,La escritura academica en la fo - Maria Ines Corte Vitoria.pdf,pdf,p. 52,52,0.1051,tfidf=0.0851; bonus=0.0200,"Todos ellos constituyen objetos escritos que se llevan a cabo respondiendo a distintas situaciones en una misma esfera de actividad. Es necesario destacar, por otro lado, que las situaciones no vienen definidas principalmente por las condiciones materiales de la comunicación sino que son construcciones sociales que surgen como resultado del significado y de la interpretación que los humanos confieren a sus actividades. Si la tipificación de una actividad discursiva es útil en la comunicación porque genera consenso y facilita la comunicación entra en una especie de repertorio estable de géneros comunicativos y su utilización puede convertirse en rutina para los miembros de 52",La_escritura_academica_en_la_fo___Maria_Ines_Corte_Vitoria_b72aa8e231_b0052_f003,D:\Documentos\LaTEX\Template-Informe\UnADM\redaccion-en-contextos-virtuales\referencias-redaccion-en-contextos-virtuales\libros-redaccion-en-contextos-virtuales\La escritura academica en la fo - Maria Ines Corte Vitoria.pdf,"Escritura academica. De la teor - Juan Antonio Nunez Cortes.pdf, p. 10; Escritura academica. De la teor - Juan Antonio Nunez Cortes.pdf, p. 19; Escritura academica. De la teor - Juan Antonio Nunez Cortes.pdf, p. 22; Escritura academica. De la teor - Juan Antonio Nunez Cortes.pdf, p. 27; Escritura academica. De la teor - Juan Antonio Nunez Cortes.pdf, p. 38; Escritura academica. De la teor - Juan Antonio Nunez Cortes.pdf, p. 66; Escritura academica. De la teor - Juan Antonio Nunez Cortes.pdf, p. 94; Escritura academica. De la teor - Juan Antonio Nunez Cortes.pdf, p. 96; La escritura academica en la fo - Maria Ines Corte Vitoria.pdf, p. 110; La escritura academica en la fo - Maria Ines Corte Vitoria.pdf, p. 28; La escritura academica en la fo - Maria Ines Corte Vitoria.pdf, p. 32; La escritura academica en la fo - Maria Ines Corte Vitoria.pdf, p. 34; La escritura academica en la fo - Maria Ines Corte Vitoria.pdf, p. 44; La escritura academica en la fo - Maria Ines Corte Vitoria.pdf, p. 46; La escritura academica en la fo - Maria Ines Corte Vitoria.pdf, p. 52; La escritura academica en la fo - Maria Ines Corte Vitoria.pdf, p. 69; Taller de lectura y redaccion_ - Leopoldo Ayala.pdf, p. 106; Taller de lectura y redaccion_ - Leopoldo Ayala.pdf, p. 138; Taller de lectura y redaccion_ - Leopoldo Ayala.pdf, p. 174; Taller de lectura y redaccion_ - Leopoldo Ayala.pdf, p. 185; Taller de lectura y redaccion_ - Leopoldo Ayala.pdf, p. 19; Taller de lectura y redaccion_ - Leopoldo Ayala.pdf, p. 29; Taller de lectura y redaccion_ - Leopoldo Ayala.pdf, p. 35; Taller de lectura y redaccion_ - Leopoldo Ayala.pdf, p. 37; Taller de lectura y redaccion_ - Leopoldo Ayala.pdf, p. 80","La ficha presenta coincidencias útiles, pero conviene revisar la pertinencia de cada cita. Se agruparon referencias de múltiples fuentes para enriquecer el concepto. Hay 14 referencia(s) de baja similitud que podrían introducir ruido."
6,Canal,media,0.1416,0.0866,La escritura academica en la fo - Maria Ines Corte Vitoria.pdf,pdf,p. 69,69,0.0941,tfidf=0.0541; bonus=0.0400,"No se trata de una suma de oraciones cerradas o completas en sí mismas que ocupan un espacio vecino en la hoja o en la enunciación oral. Al contrario, cuando se reconoce que determinada manifestación verbal es constitutiva de un texto, está implícita la idea de que existen nexos de significado entre sus componentes, lo que genera una mutua dependencia de significación. En su trabajo, Halliday (1976) distingue varios tipos de nexos, esto es, de procedimientos lingüísticos a través de los cuales se relacionan entre sí los elementos de 69",La_escritura_academica_en_la_fo___Maria_Ines_Corte_Vitoria_b72aa8e231_b0069_f003,D:\Documentos\LaTEX\Template-Informe\UnADM\redaccion-en-contextos-virtuales\referencias-redaccion-en-contextos-virtuales\libros-redaccion-en-contextos-virtuales\La escritura academica en la fo - Maria Ines Corte Vitoria.pdf,"Escritura academica. De la teor - Juan Antonio Nunez Cortes.pdf, p. 10; Escritura academica. De la teor - Juan Antonio Nunez Cortes.pdf, p. 19; Escritura academica. De la teor - Juan Antonio Nunez Cortes.pdf, p. 22; Escritura academica. De la teor - Juan Antonio Nunez Cortes.pdf, p. 27; Escritura academica. De la teor - Juan Antonio Nunez Cortes.pdf, p. 38; Escritura academica. De la teor - Juan Antonio Nunez Cortes.pdf, p. 66; Escritura academica. De la teor - Juan Antonio Nunez Cortes.pdf, p. 94; Escritura academica. De la teor - Juan Antonio Nunez Cortes.pdf, p. 96; La escritura academica en la fo - Maria Ines Corte Vitoria.pdf, p. 110; La escritura academica en la fo - Maria Ines Corte Vitoria.pdf, p. 28; La escritura academica en la fo - Maria Ines Corte Vitoria.pdf, p. 32; La escritura academica en la fo - Maria Ines Corte Vitoria.pdf, p. 34; La escritura academica en la fo - Maria Ines Corte Vitoria.pdf, p. 44; La escritura academica en la fo - Maria Ines Corte Vitoria.pdf, p. 46; La escritura academica en la fo - Maria Ines Corte Vitoria.pdf, p. 52; La escritura academica en la fo - Maria Ines Corte Vitoria.pdf, p. 69; Taller de lectura y redaccion_ - Leopoldo Ayala.pdf, p. 106; Taller de lectura y redaccion_ - Leopoldo Ayala.pdf, p. 138; Taller de lectura y redaccion_ - Leopoldo Ayala.pdf, p. 174; Taller de lectura y redaccion_ - Leopoldo Ayala.pdf, p. 185; Taller de lectura y redaccion_ - Leopoldo Ayala.pdf, p. 19; Taller de lectura y redaccion_ - Leopoldo Ayala.pdf, p. 29; Taller de lectura y redaccion_ - Leopoldo Ayala.pdf, p. 35; Taller de lectura y redaccion_ - Leopoldo Ayala.pdf, p. 37; Taller de lectura y redaccion_ - Leopoldo Ayala.pdf, p. 80","La ficha presenta coincidencias útiles, pero conviene revisar la pertinencia de cada cita. Se agruparon referencias de múltiples fuentes para enriquecer el concepto. Hay 14 referencia(s) de baja similitud que podrían introducir ruido."
6,Canal,media,0.1416,0.0866,Taller de lectura y redaccion_ - Leopoldo Ayala.pdf,pdf,p. 80,80,0.093,tfidf=0.0830; bonus=0.0100,"Si queremos decir cómo deseamos que se eduquen nuestros niños, debemos decir sin vacilación: ¡Queremos que se eduquen en el espíritu del Che! Si queremos un modelo de hombre, un modelo de hombre que no pertenece a este tiempo, un modelo de hombre que pertenece a los tiempos futuros, de corazón digo que ese modelo, sin una sola mancha en su conducta, sin una sola mancha en su actitud, sin una sola mancha en su actuación: ¡Ese modelo es el Che! Si queremos saber cómo deseamos que sean nuestros hijos, debemos decir con todo el corazón de vehementes revolu- cionarios: ¡Queremos que sean como el Che!",Taller_de_lectura_y_redaccion____Leopoldo_Ayala_c5996d4dd8_b0080_f002,D:\Documentos\LaTEX\Template-Informe\UnADM\redaccion-en-contextos-virtuales\referencias-redaccion-en-contextos-virtuales\libros-redaccion-en-contextos-virtuales\Taller de lectura y redaccion_ - Leopoldo Ayala.pdf,"Escritura academica. De la teor - Juan Antonio Nunez Cortes.pdf, p. 10; Escritura academica. De la teor - Juan Antonio Nunez Cortes.pdf, p. 19; Escritura academica. De la teor - Juan Antonio Nunez Cortes.pdf, p. 22; Escritura academica. De la teor - Juan Antonio Nunez Cortes.pdf, p. 27; Escritura academica. De la teor - Juan Antonio Nunez Cortes.pdf, p. 38; Escritura academica. De la teor - Juan Antonio Nunez Cortes.pdf, p. 66; Escritura academica. De la teor - Juan Antonio Nunez Cortes.pdf, p. 94; Escritura academica. De la teor - Juan Antonio Nunez Cortes.pdf, p. 96; La escritura academica en la fo - Maria Ines Corte Vitoria.pdf, p. 110; La escritura academica en la fo - Maria Ines Corte Vitoria.pdf, p. 28; La escritura academica en la fo - Maria Ines Corte Vitoria.pdf, p. 32; La escritura academica en la fo - Maria Ines Corte Vitoria.pdf, p. 34; La escritura academica en la fo - Maria Ines Corte Vitoria.pdf, p. 44; La escritura academica en la fo - Maria Ines Corte Vitoria.pdf, p. 46; La escritura academica en la fo - Maria Ines Corte Vitoria.pdf, p. 52; La escritura academica en la fo - Maria Ines Corte Vitoria.pdf, p. 69; Taller de lectura y redaccion_ - Leopoldo Ayala.pdf, p. 106; Taller de lectura y redaccion_ - Leopoldo Ayala.pdf, p. 138; Taller de lectura y redaccion_ - Leopoldo Ayala.pdf, p. 174; Taller de lectura y redaccion_ - Leopoldo Ayala.pdf, p. 185; Taller de lectura y redaccion_ - Leopoldo Ayala.pdf, p. 19; Taller de lectura y redaccion_ - Leopoldo Ayala.pdf, p. 29; Taller de lectura y redaccion_ - Leopoldo Ayala.pdf, p. 35; Taller de lectura y redaccion_ - Leopoldo Ayala.pdf, p. 37; Taller de lectura y redaccion_ - Leopoldo Ayala.pdf, p. 80","La ficha presenta coincidencias útiles, pero conviene revisar la pertinencia de cada cita. Se agruparon referencias de múltiples fuentes para enriquecer el concepto. Hay 14 referencia(s) de baja similitud que podrían introducir ruido."
6,Canal,media,0.1416,0.0866,Taller de lectura y redaccion_ - Leopoldo Ayala.pdf,pdf,p. 19,19,0.0923,tfidf=0.0623; bonus=0.0300,EL LENGUAJE COMO MEDIO DE COMUNICACIÓN Las especies humana y animal se diferencian por el tipo de lenguaje que em- plean. En este capítulo abordaremos el lenguaje humano.,Taller_de_lectura_y_redaccion____Leopoldo_Ayala_c5996d4dd8_b0019_f001,D:\Documentos\LaTEX\Template-Informe\UnADM\redaccion-en-contextos-virtuales\referencias-redaccion-en-contextos-virtuales\libros-redaccion-en-contextos-virtuales\Taller de lectura y redaccion_ - Leopoldo Ayala.pdf,"Escritura academica. De la teor - Juan Antonio Nunez Cortes.pdf, p. 10; Escritura academica. De la teor - Juan Antonio Nunez Cortes.pdf, p. 19; Escritura academica. De la teor - Juan Antonio Nunez Cortes.pdf, p. 22; Escritura academica. De la teor - Juan Antonio Nunez Cortes.pdf, p. 27; Escritura academica. De la teor - Juan Antonio Nunez Cortes.pdf, p. 38; Escritura academica. De la teor - Juan Antonio Nunez Cortes.pdf, p. 66; Escritura academica. De la teor - Juan Antonio Nunez Cortes.pdf, p. 94; Escritura academica. De la teor - Juan Antonio Nunez Cortes.pdf, p. 96; La escritura academica en la fo - Maria Ines Corte Vitoria.pdf, p. 110; La escritura academica en la fo - Maria Ines Corte Vitoria.pdf, p. 28; La escritura academica en la fo - Maria Ines Corte Vitoria.pdf, p. 32; La escritura academica en la fo - Maria Ines Corte Vitoria.pdf, p. 34; La escritura academica en la fo - Maria Ines Corte Vitoria.pdf, p. 44; La escritura academica en la fo - Maria Ines Corte Vitoria.pdf, p. 46; La escritura academica en la fo - Maria Ines Corte Vitoria.pdf, p. 52; La escritura academica en la fo - Maria Ines Corte Vitoria.pdf, p. 69; Taller de lectura y redaccion_ - Leopoldo Ayala.pdf, p. 106; Taller de lectura y redaccion_ - Leopoldo Ayala.pdf, p. 138; Taller de lectura y redaccion_ - Leopoldo Ayala.pdf, p. 174; Taller de lectura y redaccion_ - Leopoldo Ayala.pdf, p. 185; Taller de lectura y redaccion_ - Leopoldo Ayala.pdf, p. 19; Taller de lectura y redaccion_ - Leopoldo Ayala.pdf, p. 29; Taller de lectura y redaccion_ - Leopoldo Ayala.pdf, p. 35; Taller de lectura y redaccion_ - Leopoldo Ayala.pdf, p. 37; Taller de lectura y redaccion_ - Leopoldo Ayala.pdf, p. 80","La ficha presenta coincidencias útiles, pero conviene revisar la pertinencia de cada cita. Se agruparon referencias de múltiples fuentes para enriquecer el concepto. Hay 14 referencia(s) de baja similitud que podrían introducir ruido."
6,Canal,media,0.1416,0.0866,Escritura academica. De la teor - Juan Antonio Nunez Cortes.pdf,pdf,p. 10,10,0.0894,tfidf=0.0594; bonus=0.0300,"Pese a que es común la idea de que los estudiantes ingresan en los estudios superiores con un déficit en esta competencia, los problemas y dificultades de comunicación que tienen y a los que se enfrentan no solo se deben a estas carencias. Como se señala en los dos primeros epígrafes de este libro, de Miguel de Cervantes y de la nobel Wislawa Szymborska, y parafraseándolos, en la universidad —negro sobre blanco, rigen otras leyes—, es decir, los textos que leen y escriben los estudiantes tienen características particulares que difieren, en ocasiones, de aquellos con los que ya estaban familiarizados.",Escritura_academica__De_la_teor___Juan_Antonio_Nunez_Cortes_1a16d092a9_b0010_f002,D:\Documentos\LaTEX\Template-Informe\UnADM\redaccion-en-contextos-virtuales\referencias-redaccion-en-contextos-virtuales\libros-redaccion-en-contextos-virtuales\Escritura academica. De la teor - Juan Antonio Nunez Cortes.pdf,"Escritura academica. De la teor - Juan Antonio Nunez Cortes.pdf, p. 10; Escritura academica. De la teor - Juan Antonio Nunez Cortes.pdf, p. 19; Escritura academica. De la teor - Juan Antonio Nunez Cortes.pdf, p. 22; Escritura academica. De la teor - Juan Antonio Nunez Cortes.pdf, p. 27; Escritura academica. De la teor - Juan Antonio Nunez Cortes.pdf, p. 38; Escritura academica. De la teor - Juan Antonio Nunez Cortes.pdf, p. 66; Escritura academica. De la teor - Juan Antonio Nunez Cortes.pdf, p. 94; Escritura academica. De la teor - Juan Antonio Nunez Cortes.pdf, p. 96; La escritura academica en la fo - Maria Ines Corte Vitoria.pdf, p. 110; La escritura academica en la fo - Maria Ines Corte Vitoria.pdf, p. 28; La escritura academica en la fo - Maria Ines Corte Vitoria.pdf, p. 32; La escritura academica en la fo - Maria Ines Corte Vitoria.pdf, p. 34; La escritura academica en la fo - Maria Ines Corte Vitoria.pdf, p. 44; La escritura academica en la fo - Maria Ines Corte Vitoria.pdf, p. 46; La escritura academica en la fo - Maria Ines Corte Vitoria.pdf, p. 52; La escritura academica en la fo - Maria Ines Corte Vitoria.pdf, p. 69; Taller de lectura y redaccion_ - Leopoldo Ayala.pdf, p. 106; Taller de lectura y redaccion_ - Leopoldo Ayala.pdf, p. 138; Taller de lectura y redaccion_ - Leopoldo Ayala.pdf, p. 174; Taller de lectura y redaccion_ - Leopoldo Ayala.pdf, p. 185; Taller de lectura y redaccion_ - Leopoldo Ayala.pdf, p. 19; Taller de lectura y redaccion_ - Leopoldo Ayala.pdf, p. 29; Taller de lectura y redaccion_ - Leopoldo Ayala.pdf, p. 35; Taller de lectura y redaccion_ - Leopoldo Ayala.pdf, p. 37; Taller de lectura y redaccion_ - Leopoldo Ayala.pdf, p. 80","La ficha presenta coincidencias útiles, pero conviene revisar la pertinencia de cada cita. Se agruparon referencias de múltiples fuentes para enriquecer el concepto. Hay 14 referencia(s) de baja similitud que podrían introducir ruido."
6,Canal,media,0.1416,0.0866,Escritura academica. De la teor - Juan Antonio Nunez Cortes.pdf,pdf,p. 38,38,0.0871,tfidf=0.0571; bonus=0.0300,"2.2. ORTOGRAFÍA Según la RAE (Real Academia Española) (2010a: Intr. § 2.5.), «la función esencial de la ortografía es garantizar y facilitar la comunicación escrita entre los usuarios de una lengua mediante el establecimiento de un código común para su representación gráfica». Asimismo, «cumple, además, un papel esencial como factor de unidad puesto que impone una representación gráfica uniforme y común por encima de las numerosas variantes de pronunciación existentes, debidas a factores geográficos, socioculturales e incluso individuales».",Escritura_academica__De_la_teor___Juan_Antonio_Nunez_Cortes_1a16d092a9_b0038_f001,D:\Documentos\LaTEX\Template-Informe\UnADM\redaccion-en-contextos-virtuales\referencias-redaccion-en-contextos-virtuales\libros-redaccion-en-contextos-virtuales\Escritura academica. De la teor - Juan Antonio Nunez Cortes.pdf,"Escritura academica. De la teor - Juan Antonio Nunez Cortes.pdf, p. 10; Escritura academica. De la teor - Juan Antonio Nunez Cortes.pdf, p. 19; Escritura academica. De la teor - Juan Antonio Nunez Cortes.pdf, p. 22; Escritura academica. De la teor - Juan Antonio Nunez Cortes.pdf, p. 27; Escritura academica. De la teor - Juan Antonio Nunez Cortes.pdf, p. 38; Escritura academica. De la teor - Juan Antonio Nunez Cortes.pdf, p. 66; Escritura academica. De la teor - Juan Antonio Nunez Cortes.pdf, p. 94; Escritura academica. De la teor - Juan Antonio Nunez Cortes.pdf, p. 96; La escritura academica en la fo - Maria Ines Corte Vitoria.pdf, p. 110; La escritura academica en la fo - Maria Ines Corte Vitoria.pdf, p. 28; La escritura academica en la fo - Maria Ines Corte Vitoria.pdf, p. 32; La escritura academica en la fo - Maria Ines Corte Vitoria.pdf, p. 34; La escritura academica en la fo - Maria Ines Corte Vitoria.pdf, p. 44; La escritura academica en la fo - Maria Ines Corte Vitoria.pdf, p. 46; La escritura academica en la fo - Maria Ines Corte Vitoria.pdf, p. 52; La escritura academica en la fo - Maria Ines Corte Vitoria.pdf, p. 69; Taller de lectura y redaccion_ - Leopoldo Ayala.pdf, p. 106; Taller de lectura y redaccion_ - Leopoldo Ayala.pdf, p. 138; Taller de lectura y redaccion_ - Leopoldo Ayala.pdf, p. 174; Taller de lectura y redaccion_ - Leopoldo Ayala.pdf, p. 185; Taller de lectura y redaccion_ - Leopoldo Ayala.pdf, p. 19; Taller de lectura y redaccion_ - Leopoldo Ayala.pdf, p. 29; Taller de lectura y redaccion_ - Leopoldo Ayala.pdf, p. 35; Taller de lectura y redaccion_ - Leopoldo Ayala.pdf, p. 37; Taller de lectura y redaccion_ - Leopoldo Ayala.pdf, p. 80","La ficha presenta coincidencias útiles, pero conviene revisar la pertinencia de cada cita. Se agruparon referencias de múltiples fuentes para enriquecer el concepto. Hay 14 referencia(s) de baja similitud que podrían introducir ruido."
6,Canal,media,0.1416,0.0866,Escritura academica. De la teor - Juan Antonio Nunez Cortes.pdf,pdf,p. 27,27,0.0861,tfidf=0.0561; bonus=0.0300,"Representaciones de investigadores nacionales en escritura académica sobre estudiantes universitarios y sus producciones. Trabajo presentado en el 1.er Encuentro de Juventud y Medios de Comunicación e Industrias Culturales (JUMIC), llevado a cabo en la Facultad de Periodismo y Comunicación Social de la UNLP, La Plata. Frausin, P., Samoluk, M. y Salas, P.",Escritura_academica__De_la_teor___Juan_Antonio_Nunez_Cortes_1a16d092a9_b0027_f002,D:\Documentos\LaTEX\Template-Informe\UnADM\redaccion-en-contextos-virtuales\referencias-redaccion-en-contextos-virtuales\libros-redaccion-en-contextos-virtuales\Escritura academica. De la teor - Juan Antonio Nunez Cortes.pdf,"Escritura academica. De la teor - Juan Antonio Nunez Cortes.pdf, p. 10; Escritura academica. De la teor - Juan Antonio Nunez Cortes.pdf, p. 19; Escritura academica. De la teor - Juan Antonio Nunez Cortes.pdf, p. 22; Escritura academica. De la teor - Juan Antonio Nunez Cortes.pdf, p. 27; Escritura academica. De la teor - Juan Antonio Nunez Cortes.pdf, p. 38; Escritura academica. De la teor - Juan Antonio Nunez Cortes.pdf, p. 66; Escritura academica. De la teor - Juan Antonio Nunez Cortes.pdf, p. 94; Escritura academica. De la teor - Juan Antonio Nunez Cortes.pdf, p. 96; La escritura academica en la fo - Maria Ines Corte Vitoria.pdf, p. 110; La escritura academica en la fo - Maria Ines Corte Vitoria.pdf, p. 28; La escritura academica en la fo - Maria Ines Corte Vitoria.pdf, p. 32; La escritura academica en la fo - Maria Ines Corte Vitoria.pdf, p. 34; La escritura academica en la fo - Maria Ines Corte Vitoria.pdf, p. 44; La escritura academica en la fo - Maria Ines Corte Vitoria.pdf, p. 46; La escritura academica en la fo - Maria Ines Corte Vitoria.pdf, p. 52; La escritura academica en la fo - Maria Ines Corte Vitoria.pdf, p. 69; Taller de lectura y redaccion_ - Leopoldo Ayala.pdf, p. 106; Taller de lectura y redaccion_ - Leopoldo Ayala.pdf, p. 138; Taller de lectura y redaccion_ - Leopoldo Ayala.pdf, p. 174; Taller de lectura y redaccion_ - Leopoldo Ayala.pdf, p. 185; Taller de lectura y redaccion_ - Leopoldo Ayala.pdf, p. 19; Taller de lectura y redaccion_ - Leopoldo Ayala.pdf, p. 29; Taller de lectura y redaccion_ - Leopoldo Ayala.pdf, p. 35; Taller de lectura y redaccion_ - Leopoldo Ayala.pdf, p. 37; Taller de lectura y redaccion_ - Leopoldo Ayala.pdf, p. 80","La ficha presenta coincidencias útiles, pero conviene revisar la pertinencia de cada cita. Se agruparon referencias de múltiples fuentes para enriquecer el concepto. Hay 14 referencia(s) de baja similitud que podrían introducir ruido."
6,Canal,media,0.1416,0.0866,La escritura academica en la fo - Maria Ines Corte Vitoria.pdf,pdf,p. 52,52,0.0817,tfidf=0.0617; bonus=0.0200,"En palabras de Halliday (1993), el discurso es la condición esencial del conocimiento. Para él, el discurso académico adopta formas específicas, adecuadas y adaptadas a las situaciones en que se produce; a estas distintas formas de discurso se les denomina géneros discursivos, concepto que se ha generalizado en la literatura científica sobre la escritura en la universidad. Seguramente, una lectura atenta de su uso deja claro la diversidad conceptual que el concepto de discurso abarca.",La_escritura_academica_en_la_fo___Maria_Ines_Corte_Vitoria_b72aa8e231_b0052_f001,D:\Documentos\LaTEX\Template-Informe\UnADM\redaccion-en-contextos-virtuales\referencias-redaccion-en-contextos-virtuales\libros-redaccion-en-contextos-virtuales\La escritura academica en la fo - Maria Ines Corte Vitoria.pdf,"Escritura academica. De la teor - Juan Antonio Nunez Cortes.pdf, p. 10; Escritura academica. De la teor - Juan Antonio Nunez Cortes.pdf, p. 19; Escritura academica. De la teor - Juan Antonio Nunez Cortes.pdf, p. 22; Escritura academica. De la teor - Juan Antonio Nunez Cortes.pdf, p. 27; Escritura academica. De la teor - Juan Antonio Nunez Cortes.pdf, p. 38; Escritura academica. De la teor - Juan Antonio Nunez Cortes.pdf, p. 66; Escritura academica. De la teor - Juan Antonio Nunez Cortes.pdf, p. 94; Escritura academica. De la teor - Juan Antonio Nunez Cortes.pdf, p. 96; La escritura academica en la fo - Maria Ines Corte Vitoria.pdf, p. 110; La escritura academica en la fo - Maria Ines Corte Vitoria.pdf, p. 28; La escritura academica en la fo - Maria Ines Corte Vitoria.pdf, p. 32; La escritura academica en la fo - Maria Ines Corte Vitoria.pdf, p. 34; La escritura academica en la fo - Maria Ines Corte Vitoria.pdf, p. 44; La escritura academica en la fo - Maria Ines Corte Vitoria.pdf, p. 46; La escritura academica en la fo - Maria Ines Corte Vitoria.pdf, p. 52; La escritura academica en la fo - Maria Ines Corte Vitoria.pdf, p. 69; Taller de lectura y redaccion_ - Leopoldo Ayala.pdf, p. 106; Taller de lectura y redaccion_ - Leopoldo Ayala.pdf, p. 138; Taller de lectura y redaccion_ - Leopoldo Ayala.pdf, p. 174; Taller de lectura y redaccion_ - Leopoldo Ayala.pdf, p. 185; Taller de lectura y redaccion_ - Leopoldo Ayala.pdf, p. 19; Taller de lectura y redaccion_ - Leopoldo Ayala.pdf, p. 29; Taller de lectura y redaccion_ - Leopoldo Ayala.pdf, p. 35; Taller de lectura y redaccion_ - Leopoldo Ayala.pdf, p. 37; Taller de lectura y redaccion_ - Leopoldo Ayala.pdf, p. 80","La ficha presenta coincidencias útiles, pero conviene revisar la pertinencia de cada cita. Se agruparon referencias de múltiples fuentes para enriquecer el concepto. Hay 14 referencia(s) de baja similitud que podrían introducir ruido."
6,Canal,media,0.1416,0.0866,La escritura academica en la fo - Maria Ines Corte Vitoria.pdf,pdf,p. 28,28,0.079,tfidf=0.0590; bonus=0.0200,"De ahí que el acto de escribir implique una interpretación del habla interiorizada, y requiera una estructuración intencional de los significados. Así como el niño, de acuerdo con Vygotski, en su primera infancia construye en su interacción con el medio físico, «esquemas representativos», y en su interacción social, «esquemas comunicativos». Asimismo, el joven y el adulto deben lograr fusionar estas dos líneas que constituyen la dimensión dialógica y recursiva inherente al pensamiento complejo y, en su proceso de interiorización, permitir que el lenguaje tome control de sus facultades mentales y las convierta en palabras con significado.",La_escritura_academica_en_la_fo___Maria_Ines_Corte_Vitoria_b72aa8e231_b0028_f001,D:\Documentos\LaTEX\Template-Informe\UnADM\redaccion-en-contextos-virtuales\referencias-redaccion-en-contextos-virtuales\libros-redaccion-en-contextos-virtuales\La escritura academica en la fo - Maria Ines Corte Vitoria.pdf,"Escritura academica. De la teor - Juan Antonio Nunez Cortes.pdf, p. 10; Escritura academica. De la teor - Juan Antonio Nunez Cortes.pdf, p. 19; Escritura academica. De la teor - Juan Antonio Nunez Cortes.pdf, p. 22; Escritura academica. De la teor - Juan Antonio Nunez Cortes.pdf, p. 27; Escritura academica. De la teor - Juan Antonio Nunez Cortes.pdf, p. 38; Escritura academica. De la teor - Juan Antonio Nunez Cortes.pdf, p. 66; Escritura academica. De la teor - Juan Antonio Nunez Cortes.pdf, p. 94; Escritura academica. De la teor - Juan Antonio Nunez Cortes.pdf, p. 96; La escritura academica en la fo - Maria Ines Corte Vitoria.pdf, p. 110; La escritura academica en la fo - Maria Ines Corte Vitoria.pdf, p. 28; La escritura academica en la fo - Maria Ines Corte Vitoria.pdf, p. 32; La escritura academica en la fo - Maria Ines Corte Vitoria.pdf, p. 34; La escritura academica en la fo - Maria Ines Corte Vitoria.pdf, p. 44; La escritura academica en la fo - Maria Ines Corte Vitoria.pdf, p. 46; La escritura academica en la fo - Maria Ines Corte Vitoria.pdf, p. 52; La escritura academica en la fo - Maria Ines Corte Vitoria.pdf, p. 69; Taller de lectura y redaccion_ - Leopoldo Ayala.pdf, p. 106; Taller de lectura y redaccion_ - Leopoldo Ayala.pdf, p. 138; Taller de lectura y redaccion_ - Leopoldo Ayala.pdf, p. 174; Taller de lectura y redaccion_ - Leopoldo Ayala.pdf, p. 185; Taller de lectura y redaccion_ - Leopoldo Ayala.pdf, p. 19; Taller de lectura y redaccion_ - Leopoldo Ayala.pdf, p. 29; Taller de lectura y redaccion_ - Leopoldo Ayala.pdf, p. 35; Taller de lectura y redaccion_ - Leopoldo Ayala.pdf, p. 37; Taller de lectura y redaccion_ - Leopoldo Ayala.pdf, p. 80","La ficha presenta coincidencias útiles, pero conviene revisar la pertinencia de cada cita. Se agruparon referencias de múltiples fuentes para enriquecer el concepto. Hay 14 referencia(s) de baja similitud que podrían introducir ruido."
6,Canal,media,0.1416,0.0866,La escritura academica en la fo - Maria Ines Corte Vitoria.pdf,pdf,p. 110,110,0.0774,tfidf=0.0574; bonus=0.0200,"Esto es, el ciclo completo de la comunicación. Por ese motivo, en un mundo en el que la escuela ya no es el único lugar para buscar información y formación, los docentes perdemos relevancia como transmisores de información y la ganamos como gestores de ambientes de aprendizaje en los cuales las redes de comunicación están llamadas a jugar un papel fundamental. Para ello, además de dominar las competencias tradicionales, precisamos dominar el uso de los recursos técnicos que la sociedad de la información pone a nuestra disposición.",La_escritura_academica_en_la_fo___Maria_Ines_Corte_Vitoria_b72aa8e231_b0110_f001,D:\Documentos\LaTEX\Template-Informe\UnADM\redaccion-en-contextos-virtuales\referencias-redaccion-en-contextos-virtuales\libros-redaccion-en-contextos-virtuales\La escritura academica en la fo - Maria Ines Corte Vitoria.pdf,"Escritura academica. De la teor - Juan Antonio Nunez Cortes.pdf, p. 10; Escritura academica. De la teor - Juan Antonio Nunez Cortes.pdf, p. 19; Escritura academica. De la teor - Juan Antonio Nunez Cortes.pdf, p. 22; Escritura academica. De la teor - Juan Antonio Nunez Cortes.pdf, p. 27; Escritura academica. De la teor - Juan Antonio Nunez Cortes.pdf, p. 38; Escritura academica. De la teor - Juan Antonio Nunez Cortes.pdf, p. 66; Escritura academica. De la teor - Juan Antonio Nunez Cortes.pdf, p. 94; Escritura academica. De la teor - Juan Antonio Nunez Cortes.pdf, p. 96; La escritura academica en la fo - Maria Ines Corte Vitoria.pdf, p. 110; La escritura academica en la fo - Maria Ines Corte Vitoria.pdf, p. 28; La escritura academica en la fo - Maria Ines Corte Vitoria.pdf, p. 32; La escritura academica en la fo - Maria Ines Corte Vitoria.pdf, p. 34; La escritura academica en la fo - Maria Ines Corte Vitoria.pdf, p. 44; La escritura academica en la fo - Maria Ines Corte Vitoria.pdf, p. 46; La escritura academica en la fo - Maria Ines Corte Vitoria.pdf, p. 52; La escritura academica en la fo - Maria Ines Corte Vitoria.pdf, p. 69; Taller de lectura y redaccion_ - Leopoldo Ayala.pdf, p. 106; Taller de lectura y redaccion_ - Leopoldo Ayala.pdf, p. 138; Taller de lectura y redaccion_ - Leopoldo Ayala.pdf, p. 174; Taller de lectura y redaccion_ - Leopoldo Ayala.pdf, p. 185; Taller de lectura y redaccion_ - Leopoldo Ayala.pdf, p. 19; Taller de lectura y redaccion_ - Leopoldo Ayala.pdf, p. 29; Taller de lectura y redaccion_ - Leopoldo Ayala.pdf, p. 35; Taller de lectura y redaccion_ - Leopoldo Ayala.pdf, p. 37; Taller de lectura y redaccion_ - Leopoldo Ayala.pdf, p. 80","La ficha presenta coincidencias útiles, pero conviene revisar la pertinencia de cada cita. Se agruparon referencias de múltiples fuentes para enriquecer el concepto. Hay 14 referencia(s) de baja similitud que podrían introducir ruido."
6,Canal,media,0.1416,0.0866,Taller de lectura y redaccion_ - Leopoldo Ayala.pdf,pdf,p. 29,29,0.0774,tfidf=0.0474; bonus=0.0300,"La lengua oral y la lengua escrita. La primera es la lengua hablada, verbal. Social y genéticamente la len- gua es antes hablada que escrita.",Taller_de_lectura_y_redaccion____Leopoldo_Ayala_c5996d4dd8_b0029_f002,D:\Documentos\LaTEX\Template-Informe\UnADM\redaccion-en-contextos-virtuales\referencias-redaccion-en-contextos-virtuales\libros-redaccion-en-contextos-virtuales\Taller de lectura y redaccion_ - Leopoldo Ayala.pdf,"Escritura academica. De la teor - Juan Antonio Nunez Cortes.pdf, p. 10; Escritura academica. De la teor - Juan Antonio Nunez Cortes.pdf, p. 19; Escritura academica. De la teor - Juan Antonio Nunez Cortes.pdf, p. 22; Escritura academica. De la teor - Juan Antonio Nunez Cortes.pdf, p. 27; Escritura academica. De la teor - Juan Antonio Nunez Cortes.pdf, p. 38; Escritura academica. De la teor - Juan Antonio Nunez Cortes.pdf, p. 66; Escritura academica. De la teor - Juan Antonio Nunez Cortes.pdf, p. 94; Escritura academica. De la teor - Juan Antonio Nunez Cortes.pdf, p. 96; La escritura academica en la fo - Maria Ines Corte Vitoria.pdf, p. 110; La escritura academica en la fo - Maria Ines Corte Vitoria.pdf, p. 28; La escritura academica en la fo - Maria Ines Corte Vitoria.pdf, p. 32; La escritura academica en la fo - Maria Ines Corte Vitoria.pdf, p. 34; La escritura academica en la fo - Maria Ines Corte Vitoria.pdf, p. 44; La escritura academica en la fo - Maria Ines Corte Vitoria.pdf, p. 46; La escritura academica en la fo - Maria Ines Corte Vitoria.pdf, p. 52; La escritura academica en la fo - Maria Ines Corte Vitoria.pdf, p. 69; Taller de lectura y redaccion_ - Leopoldo Ayala.pdf, p. 106; Taller de lectura y redaccion_ - Leopoldo Ayala.pdf, p. 138; Taller de lectura y redaccion_ - Leopoldo Ayala.pdf, p. 174; Taller de lectura y redaccion_ - Leopoldo Ayala.pdf, p. 185; Taller de lectura y redaccion_ - Leopoldo Ayala.pdf, p. 19; Taller de lectura y redaccion_ - Leopoldo Ayala.pdf, p. 29; Taller de lectura y redaccion_ - Leopoldo Ayala.pdf, p. 35; Taller de lectura y redaccion_ - Leopoldo Ayala.pdf, p. 37; Taller de lectura y redaccion_ - Leopoldo Ayala.pdf, p. 80","La ficha presenta coincidencias útiles, pero conviene revisar la pertinencia de cada cita. Se agruparon referencias de múltiples fuentes para enriquecer el concepto. Hay 14 referencia(s) de baja similitud que podrían introducir ruido."
6,Canal,media,0.1416,0.0866,Taller de lectura y redaccion_ - Leopoldo Ayala.pdf,pdf,p. 174,174,0.0768,tfidf=0.0568; bonus=0.0200,"Análisis literario es el estudio y examen que permite saber la composición de una obra de literatura. Observar, separar, distinguir todos y cada uno de los elementos de que está compuesta, poder clarificar su estructura, su contenido, su intención, su función, etc. La función de la obra literaria es eminentemente social.",Taller_de_lectura_y_redaccion____Leopoldo_Ayala_c5996d4dd8_b0174_f001,D:\Documentos\LaTEX\Template-Informe\UnADM\redaccion-en-contextos-virtuales\referencias-redaccion-en-contextos-virtuales\libros-redaccion-en-contextos-virtuales\Taller de lectura y redaccion_ - Leopoldo Ayala.pdf,"Escritura academica. De la teor - Juan Antonio Nunez Cortes.pdf, p. 10; Escritura academica. De la teor - Juan Antonio Nunez Cortes.pdf, p. 19; Escritura academica. De la teor - Juan Antonio Nunez Cortes.pdf, p. 22; Escritura academica. De la teor - Juan Antonio Nunez Cortes.pdf, p. 27; Escritura academica. De la teor - Juan Antonio Nunez Cortes.pdf, p. 38; Escritura academica. De la teor - Juan Antonio Nunez Cortes.pdf, p. 66; Escritura academica. De la teor - Juan Antonio Nunez Cortes.pdf, p. 94; Escritura academica. De la teor - Juan Antonio Nunez Cortes.pdf, p. 96; La escritura academica en la fo - Maria Ines Corte Vitoria.pdf, p. 110; La escritura academica en la fo - Maria Ines Corte Vitoria.pdf, p. 28; La escritura academica en la fo - Maria Ines Corte Vitoria.pdf, p. 32; La escritura academica en la fo - Maria Ines Corte Vitoria.pdf, p. 34; La escritura academica en la fo - Maria Ines Corte Vitoria.pdf, p. 44; La escritura academica en la fo - Maria Ines Corte Vitoria.pdf, p. 46; La escritura academica en la fo - Maria Ines Corte Vitoria.pdf, p. 52; La escritura academica en la fo - Maria Ines Corte Vitoria.pdf, p. 69; Taller de lectura y redaccion_ - Leopoldo Ayala.pdf, p. 106; Taller de lectura y redaccion_ - Leopoldo Ayala.pdf, p. 138; Taller de lectura y redaccion_ - Leopoldo Ayala.pdf, p. 174; Taller de lectura y redaccion_ - Leopoldo Ayala.pdf, p. 185; Taller de lectura y redaccion_ - Leopoldo Ayala.pdf, p. 19; Taller de lectura y redaccion_ - Leopoldo Ayala.pdf, p. 29; Taller de lectura y redaccion_ - Leopoldo Ayala.pdf, p. 35; Taller de lectura y redaccion_ - Leopoldo Ayala.pdf, p. 37; Taller de lectura y redaccion_ - Leopoldo Ayala.pdf, p. 80","La ficha presenta coincidencias útiles, pero conviene revisar la pertinencia de cada cita. Se agruparon referencias de múltiples fuentes para enriquecer el concepto. Hay 14 referencia(s) de baja similitud que podrían introducir ruido."
6,Canal,media,0.1416,0.0866,La escritura academica en la fo - Maria Ines Corte Vitoria.pdf,pdf,p. 52,52,0.0765,tfidf=0.0365; bonus=0.0400,"Pensemos, por ejemplo, en los textos jurídicos, o en las cartas comerciales; y, en el ámbito académico, los informes de laboratorio o las tesis. Esta estabilidad de los géneros y, sobre todo, su institucionalización, facilitan la participación de los individuos en las comunidades discursivas y permite su identificación como miembros de las mismas.",La_escritura_academica_en_la_fo___Maria_Ines_Corte_Vitoria_b72aa8e231_b0052_f002,D:\Documentos\LaTEX\Template-Informe\UnADM\redaccion-en-contextos-virtuales\referencias-redaccion-en-contextos-virtuales\libros-redaccion-en-contextos-virtuales\La escritura academica en la fo - Maria Ines Corte Vitoria.pdf,"Escritura academica. De la teor - Juan Antonio Nunez Cortes.pdf, p. 10; Escritura academica. De la teor - Juan Antonio Nunez Cortes.pdf, p. 19; Escritura academica. De la teor - Juan Antonio Nunez Cortes.pdf, p. 22; Escritura academica. De la teor - Juan Antonio Nunez Cortes.pdf, p. 27; Escritura academica. De la teor - Juan Antonio Nunez Cortes.pdf, p. 38; Escritura academica. De la teor - Juan Antonio Nunez Cortes.pdf, p. 66; Escritura academica. De la teor - Juan Antonio Nunez Cortes.pdf, p. 94; Escritura academica. De la teor - Juan Antonio Nunez Cortes.pdf, p. 96; La escritura academica en la fo - Maria Ines Corte Vitoria.pdf, p. 110; La escritura academica en la fo - Maria Ines Corte Vitoria.pdf, p. 28; La escritura academica en la fo - Maria Ines Corte Vitoria.pdf, p. 32; La escritura academica en la fo - Maria Ines Corte Vitoria.pdf, p. 34; La escritura academica en la fo - Maria Ines Corte Vitoria.pdf, p. 44; La escritura academica en la fo - Maria Ines Corte Vitoria.pdf, p. 46; La escritura academica en la fo - Maria Ines Corte Vitoria.pdf, p. 52; La escritura academica en la fo - Maria Ines Corte Vitoria.pdf, p. 69; Taller de lectura y redaccion_ - Leopoldo Ayala.pdf, p. 106; Taller de lectura y redaccion_ - Leopoldo Ayala.pdf, p. 138; Taller de lectura y redaccion_ - Leopoldo Ayala.pdf, p. 174; Taller de lectura y redaccion_ - Leopoldo Ayala.pdf, p. 185; Taller de lectura y redaccion_ - Leopoldo Ayala.pdf, p. 19; Taller de lectura y redaccion_ - Leopoldo Ayala.pdf, p. 29; Taller de lectura y redaccion_ - Leopoldo Ayala.pdf, p. 35; Taller de lectura y redaccion_ - Leopoldo Ayala.pdf, p. 37; Taller de lectura y redaccion_ - Leopoldo Ayala.pdf, p. 80","La ficha presenta coincidencias útiles, pero conviene revisar la pertinencia de cada cita. Se agruparon referencias de múltiples fuentes para enriquecer el concepto. Hay 14 referencia(s) de baja similitud que podrían introducir ruido."
6,Canal,media,0.1416,0.0866,La escritura academica en la fo - Maria Ines Corte Vitoria.pdf,pdf,p. 32,32,0.07,tfidf=0.0000; bonus=0.0700,"Se trata de un ejercicio reflexivo de la escritura. El estudiante familiarizado con obras escritas, aunque no lo haga siempre de forma reflexiva y consciente, está más capacitado para adaptarse a las formas culturales que canalizan la transmisión de la información por escrito. Es por eso que, a veces, aunque consideremos que la enseñanza superior, dada la naturaleza del curso que estemos enseñando, no es un atelier de formación de poetas, eso no significa que no puedan estar presentes distintos tipos de escritura, de forma que esa variedad enriquezca y amplíe las distintas habilidades cognitivas de nuestros estudiantes.",La_escritura_academica_en_la_fo___Maria_Ines_Corte_Vitoria_b72aa8e231_b0032_f002,D:\Documentos\LaTEX\Template-Informe\UnADM\redaccion-en-contextos-virtuales\referencias-redaccion-en-contextos-virtuales\libros-redaccion-en-contextos-virtuales\La escritura academica en la fo - Maria Ines Corte Vitoria.pdf,"Escritura academica. De la teor - Juan Antonio Nunez Cortes.pdf, p. 10; Escritura academica. De la teor - Juan Antonio Nunez Cortes.pdf, p. 19; Escritura academica. De la teor - Juan Antonio Nunez Cortes.pdf, p. 22; Escritura academica. De la teor - Juan Antonio Nunez Cortes.pdf, p. 27; Escritura academica. De la teor - Juan Antonio Nunez Cortes.pdf, p. 38; Escritura academica. De la teor - Juan Antonio Nunez Cortes.pdf, p. 66; Escritura academica. De la teor - Juan Antonio Nunez Cortes.pdf, p. 94; Escritura academica. De la teor - Juan Antonio Nunez Cortes.pdf, p. 96; La escritura academica en la fo - Maria Ines Corte Vitoria.pdf, p. 110; La escritura academica en la fo - Maria Ines Corte Vitoria.pdf, p. 28; La escritura academica en la fo - Maria Ines Corte Vitoria.pdf, p. 32; La escritura academica en la fo - Maria Ines Corte Vitoria.pdf, p. 34; La escritura academica en la fo - Maria Ines Corte Vitoria.pdf, p. 44; La escritura academica en la fo - Maria Ines Corte Vitoria.pdf, p. 46; La escritura academica en la fo - Maria Ines Corte Vitoria.pdf, p. 52; La escritura academica en la fo - Maria Ines Corte Vitoria.pdf, p. 69; Taller de lectura y redaccion_ - Leopoldo Ayala.pdf, p. 106; Taller de lectura y redaccion_ - Leopoldo Ayala.pdf, p. 138; Taller de lectura y redaccion_ - Leopoldo Ayala.pdf, p. 174; Taller de lectura y redaccion_ - Leopoldo Ayala.pdf, p. 185; Taller de lectura y redaccion_ - Leopoldo Ayala.pdf, p. 19; Taller de lectura y redaccion_ - Leopoldo Ayala.pdf, p. 29; Taller de lectura y redaccion_ - Leopoldo Ayala.pdf, p. 35; Taller de lectura y redaccion_ - Leopoldo Ayala.pdf, p. 37; Taller de lectura y redaccion_ - Leopoldo Ayala.pdf, p. 80","La ficha presenta coincidencias útiles, pero conviene revisar la pertinencia de cada cita. Se agruparon referencias de múltiples fuentes para enriquecer el concepto. Hay 14 referencia(s) de baja similitud que podrían introducir ruido."
6,Canal,media,0.1416,0.0866,La escritura academica en la fo - Maria Ines Corte Vitoria.pdf,pdf,p. 34,34,0.07,tfidf=0.0000; bonus=0.0700,"familiarizado con obras escritas, aunque no sea de forma reflexiva y consciente, está más capacitado para adaptarse a las formas culturales que canalizan la transmisión de la información por escrito. La escritura, como herencia cultural y como medio extendido actualmente en la sociedad, ha asumido funciones y especializaciones muy presentes en la vida cotidiana de las personas.",La_escritura_academica_en_la_fo___Maria_Ines_Corte_Vitoria_b72aa8e231_b0034_f001,D:\Documentos\LaTEX\Template-Informe\UnADM\redaccion-en-contextos-virtuales\referencias-redaccion-en-contextos-virtuales\libros-redaccion-en-contextos-virtuales\La escritura academica en la fo - Maria Ines Corte Vitoria.pdf,"Escritura academica. De la teor - Juan Antonio Nunez Cortes.pdf, p. 10; Escritura academica. De la teor - Juan Antonio Nunez Cortes.pdf, p. 19; Escritura academica. De la teor - Juan Antonio Nunez Cortes.pdf, p. 22; Escritura academica. De la teor - Juan Antonio Nunez Cortes.pdf, p. 27; Escritura academica. De la teor - Juan Antonio Nunez Cortes.pdf, p. 38; Escritura academica. De la teor - Juan Antonio Nunez Cortes.pdf, p. 66; Escritura academica. De la teor - Juan Antonio Nunez Cortes.pdf, p. 94; Escritura academica. De la teor - Juan Antonio Nunez Cortes.pdf, p. 96; La escritura academica en la fo - Maria Ines Corte Vitoria.pdf, p. 110; La escritura academica en la fo - Maria Ines Corte Vitoria.pdf, p. 28; La escritura academica en la fo - Maria Ines Corte Vitoria.pdf, p. 32; La escritura academica en la fo - Maria Ines Corte Vitoria.pdf, p. 34; La escritura academica en la fo - Maria Ines Corte Vitoria.pdf, p. 44; La escritura academica en la fo - Maria Ines Corte Vitoria.pdf, p. 46; La escritura academica en la fo - Maria Ines Corte Vitoria.pdf, p. 52; La escritura academica en la fo - Maria Ines Corte Vitoria.pdf, p. 69; Taller de lectura y redaccion_ - Leopoldo Ayala.pdf, p. 106; Taller de lectura y redaccion_ - Leopoldo Ayala.pdf, p. 138; Taller de lectura y redaccion_ - Leopoldo Ayala.pdf, p. 174; Taller de lectura y redaccion_ - Leopoldo Ayala.pdf, p. 185; Taller de lectura y redaccion_ - Leopoldo Ayala.pdf, p. 19; Taller de lectura y redaccion_ - Leopoldo Ayala.pdf, p. 29; Taller de lectura y redaccion_ - Leopoldo Ayala.pdf, p. 35; Taller de lectura y redaccion_ - Leopoldo Ayala.pdf, p. 37; Taller de lectura y redaccion_ - Leopoldo Ayala.pdf, p. 80","La ficha presenta coincidencias útiles, pero conviene revisar la pertinencia de cada cita. Se agruparon referencias de múltiples fuentes para enriquecer el concepto. Hay 14 referencia(s) de baja similitud que podrían introducir ruido."
6,Canal,media,0.1416,0.0866,Taller de lectura y redaccion_ - Leopoldo Ayala.pdf,pdf,p. 35,35,0.07,tfidf=0.0000; bonus=0.0700,"Algunos marineros inten- taron dirigirse hacia aquella escalera, la única salvación. El comandante Golikov observó el movimiento y les gritó: —¡Quietos! ¡Dónde están, canallas! Los marineros no tienen derecho a utilizar la escalera del comandante.",Taller_de_lectura_y_redaccion____Leopoldo_Ayala_c5996d4dd8_b0035_f002,D:\Documentos\LaTEX\Template-Informe\UnADM\redaccion-en-contextos-virtuales\referencias-redaccion-en-contextos-virtuales\libros-redaccion-en-contextos-virtuales\Taller de lectura y redaccion_ - Leopoldo Ayala.pdf,"Escritura academica. De la teor - Juan Antonio Nunez Cortes.pdf, p. 10; Escritura academica. De la teor - Juan Antonio Nunez Cortes.pdf, p. 19; Escritura academica. De la teor - Juan Antonio Nunez Cortes.pdf, p. 22; Escritura academica. De la teor - Juan Antonio Nunez Cortes.pdf, p. 27; Escritura academica. De la teor - Juan Antonio Nunez Cortes.pdf, p. 38; Escritura academica. De la teor - Juan Antonio Nunez Cortes.pdf, p. 66; Escritura academica. De la teor - Juan Antonio Nunez Cortes.pdf, p. 94; Escritura academica. De la teor - Juan Antonio Nunez Cortes.pdf, p. 96; La escritura academica en la fo - Maria Ines Corte Vitoria.pdf, p. 110; La escritura academica en la fo - Maria Ines Corte Vitoria.pdf, p. 28; La escritura academica en la fo - Maria Ines Corte Vitoria.pdf, p. 32; La escritura academica en la fo - Maria Ines Corte Vitoria.pdf, p. 34; La escritura academica en la fo - Maria Ines Corte Vitoria.pdf, p. 44; La escritura academica en la fo - Maria Ines Corte Vitoria.pdf, p. 46; La escritura academica en la fo - Maria Ines Corte Vitoria.pdf, p. 52; La escritura academica en la fo - Maria Ines Corte Vitoria.pdf, p. 69; Taller de lectura y redaccion_ - Leopoldo Ayala.pdf, p. 106; Taller de lectura y redaccion_ - Leopoldo Ayala.pdf, p. 138; Taller de lectura y redaccion_ - Leopoldo Ayala.pdf, p. 174; Taller de lectura y redaccion_ - Leopoldo Ayala.pdf, p. 185; Taller de lectura y redaccion_ - Leopoldo Ayala.pdf, p. 19; Taller de lectura y redaccion_ - Leopoldo Ayala.pdf, p. 29; Taller de lectura y redaccion_ - Leopoldo Ayala.pdf, p. 35; Taller de lectura y redaccion_ - Leopoldo Ayala.pdf, p. 37; Taller de lectura y redaccion_ - Leopoldo Ayala.pdf, p. 80","La ficha presenta coincidencias útiles, pero conviene revisar la pertinencia de cada cita. Se agruparon referencias de múltiples fuentes para enriquecer el concepto. Hay 14 referencia(s) de baja similitud que podrían introducir ruido."
6,Canal,media,0.1416,0.0866,Taller de lectura y redaccion_ - Leopoldo Ayala.pdf,pdf,p. 37,37,0.07,tfidf=0.0000; bonus=0.0700,"Los fusiles temblaron, pero no se oyó ningún disparo. —¡Fuego, les digo! ¡Disparen! La ira invadía la cara de Guiliarovski y le hacía fruncir los labios, enseñando sus dientes blancos bajo su negro mostacho. —¡Disparen! ¡Pero van a disparar, canallas! Los fusiles se humillaron y los fusileros de la guardia volvieron el arma a tierra.",Taller_de_lectura_y_redaccion____Leopoldo_Ayala_c5996d4dd8_b0037_f001,D:\Documentos\LaTEX\Template-Informe\UnADM\redaccion-en-contextos-virtuales\referencias-redaccion-en-contextos-virtuales\libros-redaccion-en-contextos-virtuales\Taller de lectura y redaccion_ - Leopoldo Ayala.pdf,"Escritura academica. De la teor - Juan Antonio Nunez Cortes.pdf, p. 10; Escritura academica. De la teor - Juan Antonio Nunez Cortes.pdf, p. 19; Escritura academica. De la teor - Juan Antonio Nunez Cortes.pdf, p. 22; Escritura academica. De la teor - Juan Antonio Nunez Cortes.pdf, p. 27; Escritura academica. De la teor - Juan Antonio Nunez Cortes.pdf, p. 38; Escritura academica. De la teor - Juan Antonio Nunez Cortes.pdf, p. 66; Escritura academica. De la teor - Juan Antonio Nunez Cortes.pdf, p. 94; Escritura academica. De la teor - Juan Antonio Nunez Cortes.pdf, p. 96; La escritura academica en la fo - Maria Ines Corte Vitoria.pdf, p. 110; La escritura academica en la fo - Maria Ines Corte Vitoria.pdf, p. 28; La escritura academica en la fo - Maria Ines Corte Vitoria.pdf, p. 32; La escritura academica en la fo - Maria Ines Corte Vitoria.pdf, p. 34; La escritura academica en la fo - Maria Ines Corte Vitoria.pdf, p. 44; La escritura academica en la fo - Maria Ines Corte Vitoria.pdf, p. 46; La escritura academica en la fo - Maria Ines Corte Vitoria.pdf, p. 52; La escritura academica en la fo - Maria Ines Corte Vitoria.pdf, p. 69; Taller de lectura y redaccion_ - Leopoldo Ayala.pdf, p. 106; Taller de lectura y redaccion_ - Leopoldo Ayala.pdf, p. 138; Taller de lectura y redaccion_ - Leopoldo Ayala.pdf, p. 174; Taller de lectura y redaccion_ - Leopoldo Ayala.pdf, p. 185; Taller de lectura y redaccion_ - Leopoldo Ayala.pdf, p. 19; Taller de lectura y redaccion_ - Leopoldo Ayala.pdf, p. 29; Taller de lectura y redaccion_ - Leopoldo Ayala.pdf, p. 35; Taller de lectura y redaccion_ - Leopoldo Ayala.pdf, p. 37; Taller de lectura y redaccion_ - Leopoldo Ayala.pdf, p. 80","La ficha presenta coincidencias útiles, pero conviene revisar la pertinencia de cada cita. Se agruparon referencias de múltiples fuentes para enriquecer el concepto. Hay 14 referencia(s) de baja similitud que podrían introducir ruido."
6,Canal,media,0.1416,0.0866,Taller de lectura y redaccion_ - Leopoldo Ayala.pdf,pdf,p. 138,138,0.07,tfidf=0.0000; bonus=0.0700,"La otra, de naturaleza cualitativa y rela- cionada con la anterior, se manifiesta a través de una presión juvenil por lograr mayor participación efectiva en el trabajo, en el estudio, en la vida social y hasta en el mundo de la política. Esta situación se produce en un momento crítico, cuando los canales de acceso se manifiestan notoriamente débiles o insuficientes para aprove- char o modificar tales presiones.",Taller_de_lectura_y_redaccion____Leopoldo_Ayala_c5996d4dd8_b0138_f002,D:\Documentos\LaTEX\Template-Informe\UnADM\redaccion-en-contextos-virtuales\referencias-redaccion-en-contextos-virtuales\libros-redaccion-en-contextos-virtuales\Taller de lectura y redaccion_ - Leopoldo Ayala.pdf,"Escritura academica. De la teor - Juan Antonio Nunez Cortes.pdf, p. 10; Escritura academica. De la teor - Juan Antonio Nunez Cortes.pdf, p. 19; Escritura academica. De la teor - Juan Antonio Nunez Cortes.pdf, p. 22; Escritura academica. De la teor - Juan Antonio Nunez Cortes.pdf, p. 27; Escritura academica. De la teor - Juan Antonio Nunez Cortes.pdf, p. 38; Escritura academica. De la teor - Juan Antonio Nunez Cortes.pdf, p. 66; Escritura academica. De la teor - Juan Antonio Nunez Cortes.pdf, p. 94; Escritura academica. De la teor - Juan Antonio Nunez Cortes.pdf, p. 96; La escritura academica en la fo - Maria Ines Corte Vitoria.pdf, p. 110; La escritura academica en la fo - Maria Ines Corte Vitoria.pdf, p. 28; La escritura academica en la fo - Maria Ines Corte Vitoria.pdf, p. 32; La escritura academica en la fo - Maria Ines Corte Vitoria.pdf, p. 34; La escritura academica en la fo - Maria Ines Corte Vitoria.pdf, p. 44; La escritura academica en la fo - Maria Ines Corte Vitoria.pdf, p. 46; La escritura academica en la fo - Maria Ines Corte Vitoria.pdf, p. 52; La escritura academica en la fo - Maria Ines Corte Vitoria.pdf, p. 69; Taller de lectura y redaccion_ - Leopoldo Ayala.pdf, p. 106; Taller de lectura y redaccion_ - Leopoldo Ayala.pdf, p. 138; Taller de lectura y redaccion_ - Leopoldo Ayala.pdf, p. 174; Taller de lectura y redaccion_ - Leopoldo Ayala.pdf, p. 185; Taller de lectura y redaccion_ - Leopoldo Ayala.pdf, p. 19; Taller de lectura y redaccion_ - Leopoldo Ayala.pdf, p. 29; Taller de lectura y redaccion_ - Leopoldo Ayala.pdf, p. 35; Taller de lectura y redaccion_ - Leopoldo Ayala.pdf, p. 37; Taller de lectura y redaccion_ - Leopoldo Ayala.pdf, p. 80","La ficha presenta coincidencias útiles, pero conviene revisar la pertinencia de cada cita. Se agruparon referencias de múltiples fuentes para enriquecer el concepto. Hay 14 referencia(s) de baja similitud que podrían introducir ruido."
6,Canal,media,0.1416,0.0866,Escritura academica. De la teor - Juan Antonio Nunez Cortes.pdf,pdf,p. 66,66,0.0682,tfidf=0.0382; bonus=0.0300,"El gerundio, por carecer de conjugación, debe ser una forma verbal subordinada en todo a la del verbo principal. Por tanto, en los casos en los que la acción del gerundio se realiza después de la del verbo principal, se ha de cambiar el gerundio por un verbo con plena conjugación; o sea, en el ejemplo indicado se debería haber escrito: Estudié mucho y aprobé todo en junio.",Escritura_academica__De_la_teor___Juan_Antonio_Nunez_Cortes_1a16d092a9_b0066_f002,D:\Documentos\LaTEX\Template-Informe\UnADM\redaccion-en-contextos-virtuales\referencias-redaccion-en-contextos-virtuales\libros-redaccion-en-contextos-virtuales\Escritura academica. De la teor - Juan Antonio Nunez Cortes.pdf,"Escritura academica. De la teor - Juan Antonio Nunez Cortes.pdf, p. 10; Escritura academica. De la teor - Juan Antonio Nunez Cortes.pdf, p. 19; Escritura academica. De la teor - Juan Antonio Nunez Cortes.pdf, p. 22; Escritura academica. De la teor - Juan Antonio Nunez Cortes.pdf, p. 27; Escritura academica. De la teor - Juan Antonio Nunez Cortes.pdf, p. 38; Escritura academica. De la teor - Juan Antonio Nunez Cortes.pdf, p. 66; Escritura academica. De la teor - Juan Antonio Nunez Cortes.pdf, p. 94; Escritura academica. De la teor - Juan Antonio Nunez Cortes.pdf, p. 96; La escritura academica en la fo - Maria Ines Corte Vitoria.pdf, p. 110; La escritura academica en la fo - Maria Ines Corte Vitoria.pdf, p. 28; La escritura academica en la fo - Maria Ines Corte Vitoria.pdf, p. 32; La escritura academica en la fo - Maria Ines Corte Vitoria.pdf, p. 34; La escritura academica en la fo - Maria Ines Corte Vitoria.pdf, p. 44; La escritura academica en la fo - Maria Ines Corte Vitoria.pdf, p. 46; La escritura academica en la fo - Maria Ines Corte Vitoria.pdf, p. 52; La escritura academica en la fo - Maria Ines Corte Vitoria.pdf, p. 69; Taller de lectura y redaccion_ - Leopoldo Ayala.pdf, p. 106; Taller de lectura y redaccion_ - Leopoldo Ayala.pdf, p. 138; Taller de lectura y redaccion_ - Leopoldo Ayala.pdf, p. 174; Taller de lectura y redaccion_ - Leopoldo Ayala.pdf, p. 185; Taller de lectura y redaccion_ - Leopoldo Ayala.pdf, p. 19; Taller de lectura y redaccion_ - Leopoldo Ayala.pdf, p. 29; Taller de lectura y redaccion_ - Leopoldo Ayala.pdf, p. 35; Taller de lectura y redaccion_ - Leopoldo Ayala.pdf, p. 37; Taller de lectura y redaccion_ - Leopoldo Ayala.pdf, p. 80","La ficha presenta coincidencias útiles, pero conviene revisar la pertinencia de cada cita. Se agruparon referencias de múltiples fuentes para enriquecer el concepto. Hay 14 referencia(s) de baja similitud que podrían introducir ruido."
6,Canal,media,0.1416,0.0866,Escritura academica. De la teor - Juan Antonio Nunez Cortes.pdf,pdf,p. 94,94,0.0644,tfidf=0.0544; bonus=0.0100,"Quien explica se muestra como un «mediador», un testigo cuya función es la de posibilitar la comprensión del contenido de la exposición y asegurar la transmisión",Escritura_academica__De_la_teor___Juan_Antonio_Nunez_Cortes_1a16d092a9_b0094_f003,D:\Documentos\LaTEX\Template-Informe\UnADM\redaccion-en-contextos-virtuales\referencias-redaccion-en-contextos-virtuales\libros-redaccion-en-contextos-virtuales\Escritura academica. De la teor - Juan Antonio Nunez Cortes.pdf,"Escritura academica. De la teor - Juan Antonio Nunez Cortes.pdf, p. 10; Escritura academica. De la teor - Juan Antonio Nunez Cortes.pdf, p. 19; Escritura academica. De la teor - Juan Antonio Nunez Cortes.pdf, p. 22; Escritura academica. De la teor - Juan Antonio Nunez Cortes.pdf, p. 27; Escritura academica. De la teor - Juan Antonio Nunez Cortes.pdf, p. 38; Escritura academica. De la teor - Juan Antonio Nunez Cortes.pdf, p. 66; Escritura academica. De la teor - Juan Antonio Nunez Cortes.pdf, p. 94; Escritura academica. De la teor - Juan Antonio Nunez Cortes.pdf, p. 96; La escritura academica en la fo - Maria Ines Corte Vitoria.pdf, p. 110; La escritura academica en la fo - Maria Ines Corte Vitoria.pdf, p. 28; La escritura academica en la fo - Maria Ines Corte Vitoria.pdf, p. 32; La escritura academica en la fo - Maria Ines Corte Vitoria.pdf, p. 34; La escritura academica en la fo - Maria Ines Corte Vitoria.pdf, p. 44; La escritura academica en la fo - Maria Ines Corte Vitoria.pdf, p. 46; La escritura academica en la fo - Maria Ines Corte Vitoria.pdf, p. 52; La escritura academica en la fo - Maria Ines Corte Vitoria.pdf, p. 69; Taller de lectura y redaccion_ - Leopoldo Ayala.pdf, p. 106; Taller de lectura y redaccion_ - Leopoldo Ayala.pdf, p. 138; Taller de lectura y redaccion_ - Leopoldo Ayala.pdf, p. 174; Taller de lectura y redaccion_ - Leopoldo Ayala.pdf, p. 185; Taller de lectura y redaccion_ - Leopoldo Ayala.pdf, p. 19; Taller de lectura y redaccion_ - Leopoldo Ayala.pdf, p. 29; Taller de lectura y redaccion_ - Leopoldo Ayala.pdf, p. 35; Taller de lectura y redaccion_ - Leopoldo Ayala.pdf, p. 37; Taller de lectura y redaccion_ - Leopoldo Ayala.pdf, p. 80","La ficha presenta coincidencias útiles, pero conviene revisar la pertinencia de cada cita. Se agruparon referencias de múltiples fuentes para enriquecer el concepto. Hay 14 referencia(s) de baja similitud que podrían introducir ruido."
6,Canal,media,0.1416,0.0866,Escritura academica. De la teor - Juan Antonio Nunez Cortes.pdf,pdf,p. 22,22,0.057,tfidf=0.0470; bonus=0.0100,"Por ejemplo, en diferentes estudios sobre los textos argumentativos de los estudiantes universitarios se muestra cómo no se presentan argumentos que respalden la opinión del emisor, desde un 40 por 100 (López y Padilla, 2011) hasta casi el 70 por 100 (Villardón, Álvarez y Yáñiz, 2008) —pese a",Escritura_academica__De_la_teor___Juan_Antonio_Nunez_Cortes_1a16d092a9_b0022_f003,D:\Documentos\LaTEX\Template-Informe\UnADM\redaccion-en-contextos-virtuales\referencias-redaccion-en-contextos-virtuales\libros-redaccion-en-contextos-virtuales\Escritura academica. De la teor - Juan Antonio Nunez Cortes.pdf,"Escritura academica. De la teor - Juan Antonio Nunez Cortes.pdf, p. 10; Escritura academica. De la teor - Juan Antonio Nunez Cortes.pdf, p. 19; Escritura academica. De la teor - Juan Antonio Nunez Cortes.pdf, p. 22; Escritura academica. De la teor - Juan Antonio Nunez Cortes.pdf, p. 27; Escritura academica. De la teor - Juan Antonio Nunez Cortes.pdf, p. 38; Escritura academica. De la teor - Juan Antonio Nunez Cortes.pdf, p. 66; Escritura academica. De la teor - Juan Antonio Nunez Cortes.pdf, p. 94; Escritura academica. De la teor - Juan Antonio Nunez Cortes.pdf, p. 96; La escritura academica en la fo - Maria Ines Corte Vitoria.pdf, p. 110; La escritura academica en la fo - Maria Ines Corte Vitoria.pdf, p. 28; La escritura academica en la fo - Maria Ines Corte Vitoria.pdf, p. 32; La escritura academica en la fo - Maria Ines Corte Vitoria.pdf, p. 34; La escritura academica en la fo - Maria Ines Corte Vitoria.pdf, p. 44; La escritura academica en la fo - Maria Ines Corte Vitoria.pdf, p. 46; La escritura academica en la fo - Maria Ines Corte Vitoria.pdf, p. 52; La escritura academica en la fo - Maria Ines Corte Vitoria.pdf, p. 69; Taller de lectura y redaccion_ - Leopoldo Ayala.pdf, p. 106; Taller de lectura y redaccion_ - Leopoldo Ayala.pdf, p. 138; Taller de lectura y redaccion_ - Leopoldo Ayala.pdf, p. 174; Taller de lectura y redaccion_ - Leopoldo Ayala.pdf, p. 185; Taller de lectura y redaccion_ - Leopoldo Ayala.pdf, p. 19; Taller de lectura y redaccion_ - Leopoldo Ayala.pdf, p. 29; Taller de lectura y redaccion_ - Leopoldo Ayala.pdf, p. 35; Taller de lectura y redaccion_ - Leopoldo Ayala.pdf, p. 37; Taller de lectura y redaccion_ - Leopoldo Ayala.pdf, p. 80","La ficha presenta coincidencias útiles, pero conviene revisar la pertinencia de cada cita. Se agruparon referencias de múltiples fuentes para enriquecer el concepto. Hay 14 referencia(s) de baja similitud que podrían introducir ruido."
6,Canal,media,0.1416,0.0866,Escritura academica. De la teor - Juan Antonio Nunez Cortes.pdf,pdf,p. 96,96,0.0549,tfidf=0.0349; bonus=0.0200,"Actividad 4 (Descargar o imprimir) Describa al posible lector de la siguiente definición de «escritor competente» (Cassany, 2014). Luego, reescríbala pensando en un lector diferente y explique las decisiones tomadas durante la escritura, ¿de qué manera modificó la definición original? ¿Por qué?",Escritura_academica__De_la_teor___Juan_Antonio_Nunez_Cortes_1a16d092a9_b0096_f001,D:\Documentos\LaTEX\Template-Informe\UnADM\redaccion-en-contextos-virtuales\referencias-redaccion-en-contextos-virtuales\libros-redaccion-en-contextos-virtuales\Escritura academica. De la teor - Juan Antonio Nunez Cortes.pdf,"Escritura academica. De la teor - Juan Antonio Nunez Cortes.pdf, p. 10; Escritura academica. De la teor - Juan Antonio Nunez Cortes.pdf, p. 19; Escritura academica. De la teor - Juan Antonio Nunez Cortes.pdf, p. 22; Escritura academica. De la teor - Juan Antonio Nunez Cortes.pdf, p. 27; Escritura academica. De la teor - Juan Antonio Nunez Cortes.pdf, p. 38; Escritura academica. De la teor - Juan Antonio Nunez Cortes.pdf, p. 66; Escritura academica. De la teor - Juan Antonio Nunez Cortes.pdf, p. 94; Escritura academica. De la teor - Juan Antonio Nunez Cortes.pdf, p. 96; La escritura academica en la fo - Maria Ines Corte Vitoria.pdf, p. 110; La escritura academica en la fo - Maria Ines Corte Vitoria.pdf, p. 28; La escritura academica en la fo - Maria Ines Corte Vitoria.pdf, p. 32; La escritura academica en la fo - Maria Ines Corte Vitoria.pdf, p. 34; La escritura academica en la fo - Maria Ines Corte Vitoria.pdf, p. 44; La escritura academica en la fo - Maria Ines Corte Vitoria.pdf, p. 46; La escritura academica en la fo - Maria Ines Corte Vitoria.pdf, p. 52; La escritura academica en la fo - Maria Ines Corte Vitoria.pdf, p. 69; Taller de lectura y redaccion_ - Leopoldo Ayala.pdf, p. 106; Taller de lectura y redaccion_ - Leopoldo Ayala.pdf, p. 138; Taller de lectura y redaccion_ - Leopoldo Ayala.pdf, p. 174; Taller de lectura y redaccion_ - Leopoldo Ayala.pdf, p. 185; Taller de lectura y redaccion_ - Leopoldo Ayala.pdf, p. 19; Taller de lectura y redaccion_ - Leopoldo Ayala.pdf, p. 29; Taller de lectura y redaccion_ - Leopoldo Ayala.pdf, p. 35; Taller de lectura y redaccion_ - Leopoldo Ayala.pdf, p. 37; Taller de lectura y redaccion_ - Leopoldo Ayala.pdf, p. 80","La ficha presenta coincidencias útiles, pero conviene revisar la pertinencia de cada cita. Se agruparon referencias de múltiples fuentes para enriquecer el concepto. Hay 14 referencia(s) de baja similitud que podrían introducir ruido."
7,Contexto,media,0.176,0.1122,La escritura academica en la fo - Maria Ines Corte Vitoria.pdf,pdf,p. 71,71,0.176,tfidf=0.1060; bonus=0.0700,"ver, también, con la pertinencia entre texto y contexto: incoherente es el texto que no responde adecuadamente al sentido que tiene, a lo que se espera de él en el contexto en el que se produce. Conviene recordar que estamos hablando de estudiantes universitarios cuya búsqueda de coherencia viene muy matizada por su particular estatuto de estudiante y por el contexto en que se ve forzado a construir sus textos.",La_escritura_academica_en_la_fo___Maria_Ines_Corte_Vitoria_b72aa8e231_b0071_f001,D:\Documentos\LaTEX\Template-Informe\UnADM\redaccion-en-contextos-virtuales\referencias-redaccion-en-contextos-virtuales\libros-redaccion-en-contextos-virtuales\La escritura academica en la fo - Maria Ines Corte Vitoria.pdf,"Escritura academica. De la teor - Juan Antonio Nunez Cortes.pdf, p. 106; Escritura academica. De la teor - Juan Antonio Nunez Cortes.pdf, p. 15; Escritura academica. De la teor - Juan Antonio Nunez Cortes.pdf, p. 17; Escritura academica. De la teor - Juan Antonio Nunez Cortes.pdf, p. 18; Escritura academica. De la teor - Juan Antonio Nunez Cortes.pdf, p. 22; Escritura academica. De la teor - Juan Antonio Nunez Cortes.pdf, p. 25; Escritura academica. De la teor - Juan Antonio Nunez Cortes.pdf, p. 54; Escritura academica. De la teor - Juan Antonio Nunez Cortes.pdf, p. 88; La escritura academica en la fo - Maria Ines Corte Vitoria.pdf, p. 12; La escritura academica en la fo - Maria Ines Corte Vitoria.pdf, p. 13; La escritura academica en la fo - Maria Ines Corte Vitoria.pdf, p. 159; La escritura academica en la fo - Maria Ines Corte Vitoria.pdf, p. 22; La escritura academica en la fo - Maria Ines Corte Vitoria.pdf, p. 28; La escritura academica en la fo - Maria Ines Corte Vitoria.pdf, p. 42; La escritura academica en la fo - Maria Ines Corte Vitoria.pdf, p. 49; La escritura academica en la fo - Maria Ines Corte Vitoria.pdf, p. 52; La escritura academica en la fo - Maria Ines Corte Vitoria.pdf, p. 69; La escritura academica en la fo - Maria Ines Corte Vitoria.pdf, p. 70; La escritura academica en la fo - Maria Ines Corte Vitoria.pdf, p. 71; La escritura academica en la fo - Maria Ines Corte Vitoria.pdf, p. 81; La escritura academica en la fo - Maria Ines Corte Vitoria.pdf, p. 94; Taller de lectura y redaccion_ - Leopoldo Ayala.pdf, p. 27; Taller de lectura y redaccion_ - Leopoldo Ayala.pdf, p. 79","La ficha presenta coincidencias útiles, pero conviene revisar la pertinencia de cada cita. Se agruparon referencias de múltiples fuentes para enriquecer el concepto. Hay 5 referencia(s) de baja similitud que podrían introducir ruido."
7,Contexto,media,0.176,0.1122,Escritura academica. De la teor - Juan Antonio Nunez Cortes.pdf,pdf,p. 25,25,0.1571,tfidf=0.0871; bonus=0.0700,"a) Utilizar el contexto para dar significado a las palabras que se desconocen. b) Elegir el significado de una palabra según el contexto. c) Utilizar el diccionario. d) Pasar por alto palabras nuevas que no son importantes para entender un texto. e) Entender el mensaje global. f) Buscar y encontrar información específica. g) Discriminar las ideas importantes de las secundarias o irrelevantes. h) Comprender el texto con todos sus detalles. i) Seguir la organización de un texto o de un libro. j) Identificar la/s idea/s principal/es. k) Leer entre líneas, es decir, comprender ideas no formuladas explícitamente. l) Reconocer la intención del autor del texto.",Escritura_academica__De_la_teor___Juan_Antonio_Nunez_Cortes_1a16d092a9_b0025_f002,D:\Documentos\LaTEX\Template-Informe\UnADM\redaccion-en-contextos-virtuales\referencias-redaccion-en-contextos-virtuales\libros-redaccion-en-contextos-virtuales\Escritura academica. De la teor - Juan Antonio Nunez Cortes.pdf,"Escritura academica. De la teor - Juan Antonio Nunez Cortes.pdf, p. 106; Escritura academica. De la teor - Juan Antonio Nunez Cortes.pdf, p. 15; Escritura academica. De la teor - Juan Antonio Nunez Cortes.pdf, p. 17; Escritura academica. De la teor - Juan Antonio Nunez Cortes.pdf, p. 18; Escritura academica. De la teor - Juan Antonio Nunez Cortes.pdf, p. 22; Escritura academica. De la teor - Juan Antonio Nunez Cortes.pdf, p. 25; Escritura academica. De la teor - Juan Antonio Nunez Cortes.pdf, p. 54; Escritura academica. De la teor - Juan Antonio Nunez Cortes.pdf, p. 88; La escritura academica en la fo - Maria Ines Corte Vitoria.pdf, p. 12; La escritura academica en la fo - Maria Ines Corte Vitoria.pdf, p. 13; La escritura academica en la fo - Maria Ines Corte Vitoria.pdf, p. 159; La escritura academica en la fo - Maria Ines Corte Vitoria.pdf, p. 22; La escritura academica en la fo - Maria Ines Corte Vitoria.pdf, p. 28; La escritura academica en la fo - Maria Ines Corte Vitoria.pdf, p. 42; La escritura academica en la fo - Maria Ines Corte Vitoria.pdf, p. 49; La escritura academica en la fo - Maria Ines Corte Vitoria.pdf, p. 52; La escritura academica en la fo - Maria Ines Corte Vitoria.pdf, p. 69; La escritura academica en la fo - Maria Ines Corte Vitoria.pdf, p. 70; La escritura academica en la fo - Maria Ines Corte Vitoria.pdf, p. 71; La escritura academica en la fo - Maria Ines Corte Vitoria.pdf, p. 81; La escritura academica en la fo - Maria Ines Corte Vitoria.pdf, p. 94; Taller de lectura y redaccion_ - Leopoldo Ayala.pdf, p. 27; Taller de lectura y redaccion_ - Leopoldo Ayala.pdf, p. 79","La ficha presenta coincidencias útiles, pero conviene revisar la pertinencia de cada cita. Se agruparon referencias de múltiples fuentes para enriquecer el concepto. Hay 5 referencia(s) de baja similitud que podrían introducir ruido."
7,Contexto,media,0.176,0.1122,La escritura academica en la fo - Maria Ines Corte Vitoria.pdf,pdf,p. 52,52,0.1481,tfidf=0.1281; bonus=0.0200,"Escritura y carrera académica La escritura académica como género Una de las cuestiones importantes a considerar, cuando hablamos de escritura académica, es la del género, esto es, las diversas formas de discurso. Entre ellos está, obviamente, el discurso académico.",La_escritura_academica_en_la_fo___Maria_Ines_Corte_Vitoria_b72aa8e231_b0052_f001,D:\Documentos\LaTEX\Template-Informe\UnADM\redaccion-en-contextos-virtuales\referencias-redaccion-en-contextos-virtuales\libros-redaccion-en-contextos-virtuales\La escritura academica en la fo - Maria Ines Corte Vitoria.pdf,"Escritura academica. De la teor - Juan Antonio Nunez Cortes.pdf, p. 106; Escritura academica. De la teor - Juan Antonio Nunez Cortes.pdf, p. 15; Escritura academica. De la teor - Juan Antonio Nunez Cortes.pdf, p. 17; Escritura academica. De la teor - Juan Antonio Nunez Cortes.pdf, p. 18; Escritura academica. De la teor - Juan Antonio Nunez Cortes.pdf, p. 22; Escritura academica. De la teor - Juan Antonio Nunez Cortes.pdf, p. 25; Escritura academica. De la teor - Juan Antonio Nunez Cortes.pdf, p. 54; Escritura academica. De la teor - Juan Antonio Nunez Cortes.pdf, p. 88; La escritura academica en la fo - Maria Ines Corte Vitoria.pdf, p. 12; La escritura academica en la fo - Maria Ines Corte Vitoria.pdf, p. 13; La escritura academica en la fo - Maria Ines Corte Vitoria.pdf, p. 159; La escritura academica en la fo - Maria Ines Corte Vitoria.pdf, p. 22; La escritura academica en la fo - Maria Ines Corte Vitoria.pdf, p. 28; La escritura academica en la fo - Maria Ines Corte Vitoria.pdf, p. 42; La escritura academica en la fo - Maria Ines Corte Vitoria.pdf, p. 49; La escritura academica en la fo - Maria Ines Corte Vitoria.pdf, p. 52; La escritura academica en la fo - Maria Ines Corte Vitoria.pdf, p. 69; La escritura academica en la fo - Maria Ines Corte Vitoria.pdf, p. 70; La escritura academica en la fo - Maria Ines Corte Vitoria.pdf, p. 71; La escritura academica en la fo - Maria Ines Corte Vitoria.pdf, p. 81; La escritura academica en la fo - Maria Ines Corte Vitoria.pdf, p. 94; Taller de lectura y redaccion_ - Leopoldo Ayala.pdf, p. 27; Taller de lectura y redaccion_ - Leopoldo Ayala.pdf, p. 79","La ficha presenta coincidencias útiles, pero conviene revisar la pertinencia de cada cita. Se agruparon referencias de múltiples fuentes para enriquecer el concepto. Hay 5 referencia(s) de baja similitud que podrían introducir ruido."
7,Contexto,media,0.176,0.1122,La escritura academica en la fo - Maria Ines Corte Vitoria.pdf,pdf,p. 81,81,0.1448,tfidf=0.0748; bonus=0.0700,"El dilema entre los componentes lingüísticos y los componentes sociales del discurso: la idea de los géneros Cualquier texto puede ser analizado desde el punto de vista lingüístico (aspectos formales, semánticos y sintácticos) y desde el punto de vista de su naturaleza como hecho social comunicativo (perspectiva pragmática). En algún sentido, el polo lingüístico significa considerar el texto como un objeto con sentido en sí mismo mientras el polo social sitúa el texto en su contexto comunicativa (por qué y para qué se escribe, para quién, bajo qué condiciones, etc.).",La_escritura_academica_en_la_fo___Maria_Ines_Corte_Vitoria_b72aa8e231_b0081_f003,D:\Documentos\LaTEX\Template-Informe\UnADM\redaccion-en-contextos-virtuales\referencias-redaccion-en-contextos-virtuales\libros-redaccion-en-contextos-virtuales\La escritura academica en la fo - Maria Ines Corte Vitoria.pdf,"Escritura academica. De la teor - Juan Antonio Nunez Cortes.pdf, p. 106; Escritura academica. De la teor - Juan Antonio Nunez Cortes.pdf, p. 15; Escritura academica. De la teor - Juan Antonio Nunez Cortes.pdf, p. 17; Escritura academica. De la teor - Juan Antonio Nunez Cortes.pdf, p. 18; Escritura academica. De la teor - Juan Antonio Nunez Cortes.pdf, p. 22; Escritura academica. De la teor - Juan Antonio Nunez Cortes.pdf, p. 25; Escritura academica. De la teor - Juan Antonio Nunez Cortes.pdf, p. 54; Escritura academica. De la teor - Juan Antonio Nunez Cortes.pdf, p. 88; La escritura academica en la fo - Maria Ines Corte Vitoria.pdf, p. 12; La escritura academica en la fo - Maria Ines Corte Vitoria.pdf, p. 13; La escritura academica en la fo - Maria Ines Corte Vitoria.pdf, p. 159; La escritura academica en la fo - Maria Ines Corte Vitoria.pdf, p. 22; La escritura academica en la fo - Maria Ines Corte Vitoria.pdf, p. 28; La escritura academica en la fo - Maria Ines Corte Vitoria.pdf, p. 42; La escritura academica en la fo - Maria Ines Corte Vitoria.pdf, p. 49; La escritura academica en la fo - Maria Ines Corte Vitoria.pdf, p. 52; La escritura academica en la fo - Maria Ines Corte Vitoria.pdf, p. 69; La escritura academica en la fo - Maria Ines Corte Vitoria.pdf, p. 70; La escritura academica en la fo - Maria Ines Corte Vitoria.pdf, p. 71; La escritura academica en la fo - Maria Ines Corte Vitoria.pdf, p. 81; La escritura academica en la fo - Maria Ines Corte Vitoria.pdf, p. 94; Taller de lectura y redaccion_ - Leopoldo Ayala.pdf, p. 27; Taller de lectura y redaccion_ - Leopoldo Ayala.pdf, p. 79","La ficha presenta coincidencias útiles, pero conviene revisar la pertinencia de cada cita. Se agruparon referencias de múltiples fuentes para enriquecer el concepto. Hay 5 referencia(s) de baja similitud que podrían introducir ruido."
7,Contexto,media,0.176,0.1122,La escritura academica en la fo - Maria Ines Corte Vitoria.pdf,pdf,p. 42,42,0.1389,tfidf=0.0689; bonus=0.0700,"Determinar las características de los destinatarios de nuestro texto y acomodarse a las condiciones que ese contexto nos impone (en nuestro caso, se trata de textos académicos que tienen sus reglas; de profesores cuyas exigencias son particulares; de disciplinas cuyos contenidos y formalidades nos exigen un tipo de texto particular). c) Decidir los objetivos de nuestro trabajo (a veces nos vienen impuestos y nuestra tarea como escritores es entenderlos y estar en condición de aplicarlos; en otras ocasiones, hemos de establecerlos nosotros mismos y para ello deberemos tomar en consideración la naturaleza de nuestro trabajo y el contexto en el que se desarrolla). d) Hacernos con la...",La_escritura_academica_en_la_fo___Maria_Ines_Corte_Vitoria_b72aa8e231_b0042_f002,D:\Documentos\LaTEX\Template-Informe\UnADM\redaccion-en-contextos-virtuales\referencias-redaccion-en-contextos-virtuales\libros-redaccion-en-contextos-virtuales\La escritura academica en la fo - Maria Ines Corte Vitoria.pdf,"Escritura academica. De la teor - Juan Antonio Nunez Cortes.pdf, p. 106; Escritura academica. De la teor - Juan Antonio Nunez Cortes.pdf, p. 15; Escritura academica. De la teor - Juan Antonio Nunez Cortes.pdf, p. 17; Escritura academica. De la teor - Juan Antonio Nunez Cortes.pdf, p. 18; Escritura academica. De la teor - Juan Antonio Nunez Cortes.pdf, p. 22; Escritura academica. De la teor - Juan Antonio Nunez Cortes.pdf, p. 25; Escritura academica. De la teor - Juan Antonio Nunez Cortes.pdf, p. 54; Escritura academica. De la teor - Juan Antonio Nunez Cortes.pdf, p. 88; La escritura academica en la fo - Maria Ines Corte Vitoria.pdf, p. 12; La escritura academica en la fo - Maria Ines Corte Vitoria.pdf, p. 13; La escritura academica en la fo - Maria Ines Corte Vitoria.pdf, p. 159; La escritura academica en la fo - Maria Ines Corte Vitoria.pdf, p. 22; La escritura academica en la fo - Maria Ines Corte Vitoria.pdf, p. 28; La escritura academica en la fo - Maria Ines Corte Vitoria.pdf, p. 42; La escritura academica en la fo - Maria Ines Corte Vitoria.pdf, p. 49; La escritura academica en la fo - Maria Ines Corte Vitoria.pdf, p. 52; La escritura academica en la fo - Maria Ines Corte Vitoria.pdf, p. 69; La escritura academica en la fo - Maria Ines Corte Vitoria.pdf, p. 70; La escritura academica en la fo - Maria Ines Corte Vitoria.pdf, p. 71; La escritura academica en la fo - Maria Ines Corte Vitoria.pdf, p. 81; La escritura academica en la fo - Maria Ines Corte Vitoria.pdf, p. 94; Taller de lectura y redaccion_ - Leopoldo Ayala.pdf, p. 27; Taller de lectura y redaccion_ - Leopoldo Ayala.pdf, p. 79","La ficha presenta coincidencias útiles, pero conviene revisar la pertinencia de cada cita. Se agruparon referencias de múltiples fuentes para enriquecer el concepto. Hay 5 referencia(s) de baja similitud que podrían introducir ruido."
7,Contexto,media,0.176,0.1122,La escritura academica en la fo - Maria Ines Corte Vitoria.pdf,pdf,p. 28,28,0.1375,tfidf=0.0675; bonus=0.0700,"Obviamente, aunque las creencias constituyen un conocimiento notablemente estable y resistente al cambio (Wenden, 1987), a medida que los estudiantes van progresando en los estudios, si se genera un contexto adecuado de aprendizaje y perfeccionamiento de la escritura, esa confianza en sí mismos y en su eficacia como autores de textos se va incrementando. El feedback adecuado por parte de docentes y compañeros es una pieza fundamental.",La_escritura_academica_en_la_fo___Maria_Ines_Corte_Vitoria_b72aa8e231_b0028_f003,D:\Documentos\LaTEX\Template-Informe\UnADM\redaccion-en-contextos-virtuales\referencias-redaccion-en-contextos-virtuales\libros-redaccion-en-contextos-virtuales\La escritura academica en la fo - Maria Ines Corte Vitoria.pdf,"Escritura academica. De la teor - Juan Antonio Nunez Cortes.pdf, p. 106; Escritura academica. De la teor - Juan Antonio Nunez Cortes.pdf, p. 15; Escritura academica. De la teor - Juan Antonio Nunez Cortes.pdf, p. 17; Escritura academica. De la teor - Juan Antonio Nunez Cortes.pdf, p. 18; Escritura academica. De la teor - Juan Antonio Nunez Cortes.pdf, p. 22; Escritura academica. De la teor - Juan Antonio Nunez Cortes.pdf, p. 25; Escritura academica. De la teor - Juan Antonio Nunez Cortes.pdf, p. 54; Escritura academica. De la teor - Juan Antonio Nunez Cortes.pdf, p. 88; La escritura academica en la fo - Maria Ines Corte Vitoria.pdf, p. 12; La escritura academica en la fo - Maria Ines Corte Vitoria.pdf, p. 13; La escritura academica en la fo - Maria Ines Corte Vitoria.pdf, p. 159; La escritura academica en la fo - Maria Ines Corte Vitoria.pdf, p. 22; La escritura academica en la fo - Maria Ines Corte Vitoria.pdf, p. 28; La escritura academica en la fo - Maria Ines Corte Vitoria.pdf, p. 42; La escritura academica en la fo - Maria Ines Corte Vitoria.pdf, p. 49; La escritura academica en la fo - Maria Ines Corte Vitoria.pdf, p. 52; La escritura academica en la fo - Maria Ines Corte Vitoria.pdf, p. 69; La escritura academica en la fo - Maria Ines Corte Vitoria.pdf, p. 70; La escritura academica en la fo - Maria Ines Corte Vitoria.pdf, p. 71; La escritura academica en la fo - Maria Ines Corte Vitoria.pdf, p. 81; La escritura academica en la fo - Maria Ines Corte Vitoria.pdf, p. 94; Taller de lectura y redaccion_ - Leopoldo Ayala.pdf, p. 27; Taller de lectura y redaccion_ - Leopoldo Ayala.pdf, p. 79","La ficha presenta coincidencias útiles, pero conviene revisar la pertinencia de cada cita. Se agruparon referencias de múltiples fuentes para enriquecer el concepto. Hay 5 referencia(s) de baja similitud que podrían introducir ruido."
7,Contexto,media,0.176,0.1122,La escritura academica en la fo - Maria Ines Corte Vitoria.pdf,pdf,p. 13,13,0.1372,tfidf=0.0672; bonus=0.0700,"Por eso, nos interesa asentar los procesos de escritura en enfoques caracterizados por la búsqueda de la identidad, por el estímulo a la diferencia, por la valoración de la subjetividad, por el multiculturalismo, por la significación y por la capacidad de decir lo que queremos decir. Yo escribo desde Brasil y comprenderán que en un contexto como el brasileño resulta difícil afrontar la escritura sin contemplar este universo social marcado por la heterogeneidad y por las contradicciones inherentes a cualquier realidad con tantas diferencias.",La_escritura_academica_en_la_fo___Maria_Ines_Corte_Vitoria_b72aa8e231_b0013_f002,D:\Documentos\LaTEX\Template-Informe\UnADM\redaccion-en-contextos-virtuales\referencias-redaccion-en-contextos-virtuales\libros-redaccion-en-contextos-virtuales\La escritura academica en la fo - Maria Ines Corte Vitoria.pdf,"Escritura academica. De la teor - Juan Antonio Nunez Cortes.pdf, p. 106; Escritura academica. De la teor - Juan Antonio Nunez Cortes.pdf, p. 15; Escritura academica. De la teor - Juan Antonio Nunez Cortes.pdf, p. 17; Escritura academica. De la teor - Juan Antonio Nunez Cortes.pdf, p. 18; Escritura academica. De la teor - Juan Antonio Nunez Cortes.pdf, p. 22; Escritura academica. De la teor - Juan Antonio Nunez Cortes.pdf, p. 25; Escritura academica. De la teor - Juan Antonio Nunez Cortes.pdf, p. 54; Escritura academica. De la teor - Juan Antonio Nunez Cortes.pdf, p. 88; La escritura academica en la fo - Maria Ines Corte Vitoria.pdf, p. 12; La escritura academica en la fo - Maria Ines Corte Vitoria.pdf, p. 13; La escritura academica en la fo - Maria Ines Corte Vitoria.pdf, p. 159; La escritura academica en la fo - Maria Ines Corte Vitoria.pdf, p. 22; La escritura academica en la fo - Maria Ines Corte Vitoria.pdf, p. 28; La escritura academica en la fo - Maria Ines Corte Vitoria.pdf, p. 42; La escritura academica en la fo - Maria Ines Corte Vitoria.pdf, p. 49; La escritura academica en la fo - Maria Ines Corte Vitoria.pdf, p. 52; La escritura academica en la fo - Maria Ines Corte Vitoria.pdf, p. 69; La escritura academica en la fo - Maria Ines Corte Vitoria.pdf, p. 70; La escritura academica en la fo - Maria Ines Corte Vitoria.pdf, p. 71; La escritura academica en la fo - Maria Ines Corte Vitoria.pdf, p. 81; La escritura academica en la fo - Maria Ines Corte Vitoria.pdf, p. 94; Taller de lectura y redaccion_ - Leopoldo Ayala.pdf, p. 27; Taller de lectura y redaccion_ - Leopoldo Ayala.pdf, p. 79","La ficha presenta coincidencias útiles, pero conviene revisar la pertinencia de cada cita. Se agruparon referencias de múltiples fuentes para enriquecer el concepto. Hay 5 referencia(s) de baja similitud que podrían introducir ruido."
7,Contexto,media,0.176,0.1122,La escritura academica en la fo - Maria Ines Corte Vitoria.pdf,pdf,p. 12,12,0.1362,tfidf=0.0662; bonus=0.0700,"[…] aprender a leer, a escribir, alfabetizarse es, antes que nada, aprender a leer el mundo, comprender su contexto, no en una manipulación mecánica de palabras, sino en una relación dinámica que vincula lenguaje y realidad. Además, el aprendizaje de la lectura y la alfabetización son actos de educación y la educación es un acto fundamentalmente político […].",La_escritura_academica_en_la_fo___Maria_Ines_Corte_Vitoria_b72aa8e231_b0012_f003,D:\Documentos\LaTEX\Template-Informe\UnADM\redaccion-en-contextos-virtuales\referencias-redaccion-en-contextos-virtuales\libros-redaccion-en-contextos-virtuales\La escritura academica en la fo - Maria Ines Corte Vitoria.pdf,"Escritura academica. De la teor - Juan Antonio Nunez Cortes.pdf, p. 106; Escritura academica. De la teor - Juan Antonio Nunez Cortes.pdf, p. 15; Escritura academica. De la teor - Juan Antonio Nunez Cortes.pdf, p. 17; Escritura academica. De la teor - Juan Antonio Nunez Cortes.pdf, p. 18; Escritura academica. De la teor - Juan Antonio Nunez Cortes.pdf, p. 22; Escritura academica. De la teor - Juan Antonio Nunez Cortes.pdf, p. 25; Escritura academica. De la teor - Juan Antonio Nunez Cortes.pdf, p. 54; Escritura academica. De la teor - Juan Antonio Nunez Cortes.pdf, p. 88; La escritura academica en la fo - Maria Ines Corte Vitoria.pdf, p. 12; La escritura academica en la fo - Maria Ines Corte Vitoria.pdf, p. 13; La escritura academica en la fo - Maria Ines Corte Vitoria.pdf, p. 159; La escritura academica en la fo - Maria Ines Corte Vitoria.pdf, p. 22; La escritura academica en la fo - Maria Ines Corte Vitoria.pdf, p. 28; La escritura academica en la fo - Maria Ines Corte Vitoria.pdf, p. 42; La escritura academica en la fo - Maria Ines Corte Vitoria.pdf, p. 49; La escritura academica en la fo - Maria Ines Corte Vitoria.pdf, p. 52; La escritura academica en la fo - Maria Ines Corte Vitoria.pdf, p. 69; La escritura academica en la fo - Maria Ines Corte Vitoria.pdf, p. 70; La escritura academica en la fo - Maria Ines Corte Vitoria.pdf, p. 71; La escritura academica en la fo - Maria Ines Corte Vitoria.pdf, p. 81; La escritura academica en la fo - Maria Ines Corte Vitoria.pdf, p. 94; Taller de lectura y redaccion_ - Leopoldo Ayala.pdf, p. 27; Taller de lectura y redaccion_ - Leopoldo Ayala.pdf, p. 79","La ficha presenta coincidencias útiles, pero conviene revisar la pertinencia de cada cita. Se agruparon referencias de múltiples fuentes para enriquecer el concepto. Hay 5 referencia(s) de baja similitud que podrían introducir ruido."
7,Contexto,media,0.176,0.1122,La escritura academica en la fo - Maria Ines Corte Vitoria.pdf,pdf,p. 94,94,0.1352,tfidf=0.0652; bonus=0.0700,"Estos profesores tomaron esta idea a partir del mundo de la danza porque consideraron que permite visualizar esa conexión entre lo externo y visible (la enseñanza y el contexto de aprendizaje que se establece) con lo interno y no visible (los procesos mentales que se desarrollan para alcanzar el aprendizaje); la tarea de los docentes con la tarea de los estudiantes: Los pasos de danza, explican los autores, responden simultáneamente a dos tipos de demandas: por un lado, el bailarín puede crear libremente en el espacio disponible y mostrar todo su repertorio expresivo; por otro lado, el artista se ve limitado por los elementos que constituyen la escenografía, el ritmo, la estructura métrica...",La_escritura_academica_en_la_fo___Maria_Ines_Corte_Vitoria_b72aa8e231_b0094_f001,D:\Documentos\LaTEX\Template-Informe\UnADM\redaccion-en-contextos-virtuales\referencias-redaccion-en-contextos-virtuales\libros-redaccion-en-contextos-virtuales\La escritura academica en la fo - Maria Ines Corte Vitoria.pdf,"Escritura academica. De la teor - Juan Antonio Nunez Cortes.pdf, p. 106; Escritura academica. De la teor - Juan Antonio Nunez Cortes.pdf, p. 15; Escritura academica. De la teor - Juan Antonio Nunez Cortes.pdf, p. 17; Escritura academica. De la teor - Juan Antonio Nunez Cortes.pdf, p. 18; Escritura academica. De la teor - Juan Antonio Nunez Cortes.pdf, p. 22; Escritura academica. De la teor - Juan Antonio Nunez Cortes.pdf, p. 25; Escritura academica. De la teor - Juan Antonio Nunez Cortes.pdf, p. 54; Escritura academica. De la teor - Juan Antonio Nunez Cortes.pdf, p. 88; La escritura academica en la fo - Maria Ines Corte Vitoria.pdf, p. 12; La escritura academica en la fo - Maria Ines Corte Vitoria.pdf, p. 13; La escritura academica en la fo - Maria Ines Corte Vitoria.pdf, p. 159; La escritura academica en la fo - Maria Ines Corte Vitoria.pdf, p. 22; La escritura academica en la fo - Maria Ines Corte Vitoria.pdf, p. 28; La escritura academica en la fo - Maria Ines Corte Vitoria.pdf, p. 42; La escritura academica en la fo - Maria Ines Corte Vitoria.pdf, p. 49; La escritura academica en la fo - Maria Ines Corte Vitoria.pdf, p. 52; La escritura academica en la fo - Maria Ines Corte Vitoria.pdf, p. 69; La escritura academica en la fo - Maria Ines Corte Vitoria.pdf, p. 70; La escritura academica en la fo - Maria Ines Corte Vitoria.pdf, p. 71; La escritura academica en la fo - Maria Ines Corte Vitoria.pdf, p. 81; La escritura academica en la fo - Maria Ines Corte Vitoria.pdf, p. 94; Taller de lectura y redaccion_ - Leopoldo Ayala.pdf, p. 27; Taller de lectura y redaccion_ - Leopoldo Ayala.pdf, p. 79","La ficha presenta coincidencias útiles, pero conviene revisar la pertinencia de cada cita. Se agruparon referencias de múltiples fuentes para enriquecer el concepto. Hay 5 referencia(s) de baja similitud que podrían introducir ruido."
7,Contexto,media,0.176,0.1122,Taller de lectura y redaccion_ - Leopoldo Ayala.pdf,pdf,p. 27,27,0.1224,tfidf=0.1124; bonus=0.0100,"Este principio del signo lingüístico se amplía en la  misma teoría, al concebir la lengua como un conjunto de signos mutuamente  relacionados y recíprocamente unidos. c) El signo lingüístico es articulado. Se compone de partes más pequeñas y puede  descomponerse.",Taller_de_lectura_y_redaccion____Leopoldo_Ayala_c5996d4dd8_b0027_f002,D:\Documentos\LaTEX\Template-Informe\UnADM\redaccion-en-contextos-virtuales\referencias-redaccion-en-contextos-virtuales\libros-redaccion-en-contextos-virtuales\Taller de lectura y redaccion_ - Leopoldo Ayala.pdf,"Escritura academica. De la teor - Juan Antonio Nunez Cortes.pdf, p. 106; Escritura academica. De la teor - Juan Antonio Nunez Cortes.pdf, p. 15; Escritura academica. De la teor - Juan Antonio Nunez Cortes.pdf, p. 17; Escritura academica. De la teor - Juan Antonio Nunez Cortes.pdf, p. 18; Escritura academica. De la teor - Juan Antonio Nunez Cortes.pdf, p. 22; Escritura academica. De la teor - Juan Antonio Nunez Cortes.pdf, p. 25; Escritura academica. De la teor - Juan Antonio Nunez Cortes.pdf, p. 54; Escritura academica. De la teor - Juan Antonio Nunez Cortes.pdf, p. 88; La escritura academica en la fo - Maria Ines Corte Vitoria.pdf, p. 12; La escritura academica en la fo - Maria Ines Corte Vitoria.pdf, p. 13; La escritura academica en la fo - Maria Ines Corte Vitoria.pdf, p. 159; La escritura academica en la fo - Maria Ines Corte Vitoria.pdf, p. 22; La escritura academica en la fo - Maria Ines Corte Vitoria.pdf, p. 28; La escritura academica en la fo - Maria Ines Corte Vitoria.pdf, p. 42; La escritura academica en la fo - Maria Ines Corte Vitoria.pdf, p. 49; La escritura academica en la fo - Maria Ines Corte Vitoria.pdf, p. 52; La escritura academica en la fo - Maria Ines Corte Vitoria.pdf, p. 69; La escritura academica en la fo - Maria Ines Corte Vitoria.pdf, p. 70; La escritura academica en la fo - Maria Ines Corte Vitoria.pdf, p. 71; La escritura academica en la fo - Maria Ines Corte Vitoria.pdf, p. 81; La escritura academica en la fo - Maria Ines Corte Vitoria.pdf, p. 94; Taller de lectura y redaccion_ - Leopoldo Ayala.pdf, p. 27; Taller de lectura y redaccion_ - Leopoldo Ayala.pdf, p. 79","La ficha presenta coincidencias útiles, pero conviene revisar la pertinencia de cada cita. Se agruparon referencias de múltiples fuentes para enriquecer el concepto. Hay 5 referencia(s) de baja similitud que podrían introducir ruido."
7,Contexto,media,0.176,0.1122,La escritura academica en la fo - Maria Ines Corte Vitoria.pdf,pdf,p. 70,70,0.122,tfidf=0.0820; bonus=0.0400,"un texto: sustitución, elipse, repetición y coordinación. Cada uno de ellos funciona en el marco de las condiciones que el propio contexto comunicativo y textual le marcan. Por lo tanto, cabe decir que existe cohesión en un texto cuando los elementos de dicho texto se relacionan mutuamente y, de esa forma, configuran la identidad el texto como un todo unitario.",La_escritura_academica_en_la_fo___Maria_Ines_Corte_Vitoria_b72aa8e231_b0070_f001,D:\Documentos\LaTEX\Template-Informe\UnADM\redaccion-en-contextos-virtuales\referencias-redaccion-en-contextos-virtuales\libros-redaccion-en-contextos-virtuales\La escritura academica en la fo - Maria Ines Corte Vitoria.pdf,"Escritura academica. De la teor - Juan Antonio Nunez Cortes.pdf, p. 106; Escritura academica. De la teor - Juan Antonio Nunez Cortes.pdf, p. 15; Escritura academica. De la teor - Juan Antonio Nunez Cortes.pdf, p. 17; Escritura academica. De la teor - Juan Antonio Nunez Cortes.pdf, p. 18; Escritura academica. De la teor - Juan Antonio Nunez Cortes.pdf, p. 22; Escritura academica. De la teor - Juan Antonio Nunez Cortes.pdf, p. 25; Escritura academica. De la teor - Juan Antonio Nunez Cortes.pdf, p. 54; Escritura academica. De la teor - Juan Antonio Nunez Cortes.pdf, p. 88; La escritura academica en la fo - Maria Ines Corte Vitoria.pdf, p. 12; La escritura academica en la fo - Maria Ines Corte Vitoria.pdf, p. 13; La escritura academica en la fo - Maria Ines Corte Vitoria.pdf, p. 159; La escritura academica en la fo - Maria Ines Corte Vitoria.pdf, p. 22; La escritura academica en la fo - Maria Ines Corte Vitoria.pdf, p. 28; La escritura academica en la fo - Maria Ines Corte Vitoria.pdf, p. 42; La escritura academica en la fo - Maria Ines Corte Vitoria.pdf, p. 49; La escritura academica en la fo - Maria Ines Corte Vitoria.pdf, p. 52; La escritura academica en la fo - Maria Ines Corte Vitoria.pdf, p. 69; La escritura academica en la fo - Maria Ines Corte Vitoria.pdf, p. 70; La escritura academica en la fo - Maria Ines Corte Vitoria.pdf, p. 71; La escritura academica en la fo - Maria Ines Corte Vitoria.pdf, p. 81; La escritura academica en la fo - Maria Ines Corte Vitoria.pdf, p. 94; Taller de lectura y redaccion_ - Leopoldo Ayala.pdf, p. 27; Taller de lectura y redaccion_ - Leopoldo Ayala.pdf, p. 79","La ficha presenta coincidencias útiles, pero conviene revisar la pertinencia de cada cita. Se agruparon referencias de múltiples fuentes para enriquecer el concepto. Hay 5 referencia(s) de baja similitud que podrían introducir ruido."
7,Contexto,media,0.176,0.1122,Escritura academica. De la teor - Juan Antonio Nunez Cortes.pdf,pdf,p. 17,17,0.1203,tfidf=0.1003; bonus=0.0200,"Se aprenderá que la verdad es, entonces, «una declaración que los miembros de una comunidad epistémica aceptan como correspondiente a aquello que ven como hechos» (Van Dijk, 2002, p. 6) pero que puede ser interpretada por otra comunidad epistémica con criterios de conocimiento divergentes como falsa, incompleta,",Escritura_academica__De_la_teor___Juan_Antonio_Nunez_Cortes_1a16d092a9_b0017_f003,D:\Documentos\LaTEX\Template-Informe\UnADM\redaccion-en-contextos-virtuales\referencias-redaccion-en-contextos-virtuales\libros-redaccion-en-contextos-virtuales\Escritura academica. De la teor - Juan Antonio Nunez Cortes.pdf,"Escritura academica. De la teor - Juan Antonio Nunez Cortes.pdf, p. 106; Escritura academica. De la teor - Juan Antonio Nunez Cortes.pdf, p. 15; Escritura academica. De la teor - Juan Antonio Nunez Cortes.pdf, p. 17; Escritura academica. De la teor - Juan Antonio Nunez Cortes.pdf, p. 18; Escritura academica. De la teor - Juan Antonio Nunez Cortes.pdf, p. 22; Escritura academica. De la teor - Juan Antonio Nunez Cortes.pdf, p. 25; Escritura academica. De la teor - Juan Antonio Nunez Cortes.pdf, p. 54; Escritura academica. De la teor - Juan Antonio Nunez Cortes.pdf, p. 88; La escritura academica en la fo - Maria Ines Corte Vitoria.pdf, p. 12; La escritura academica en la fo - Maria Ines Corte Vitoria.pdf, p. 13; La escritura academica en la fo - Maria Ines Corte Vitoria.pdf, p. 159; La escritura academica en la fo - Maria Ines Corte Vitoria.pdf, p. 22; La escritura academica en la fo - Maria Ines Corte Vitoria.pdf, p. 28; La escritura academica en la fo - Maria Ines Corte Vitoria.pdf, p. 42; La escritura academica en la fo - Maria Ines Corte Vitoria.pdf, p. 49; La escritura academica en la fo - Maria Ines Corte Vitoria.pdf, p. 52; La escritura academica en la fo - Maria Ines Corte Vitoria.pdf, p. 69; La escritura academica en la fo - Maria Ines Corte Vitoria.pdf, p. 70; La escritura academica en la fo - Maria Ines Corte Vitoria.pdf, p. 71; La escritura academica en la fo - Maria Ines Corte Vitoria.pdf, p. 81; La escritura academica en la fo - Maria Ines Corte Vitoria.pdf, p. 94; Taller de lectura y redaccion_ - Leopoldo Ayala.pdf, p. 27; Taller de lectura y redaccion_ - Leopoldo Ayala.pdf, p. 79","La ficha presenta coincidencias útiles, pero conviene revisar la pertinencia de cada cita. Se agruparon referencias de múltiples fuentes para enriquecer el concepto. Hay 5 referencia(s) de baja similitud que podrían introducir ruido."
7,Contexto,media,0.176,0.1122,La escritura academica en la fo - Maria Ines Corte Vitoria.pdf,pdf,p. 81,81,0.1102,tfidf=0.0702; bonus=0.0400,"En algún sentido, el polo lingüístico significa considerar el texto como un objeto con sentido en sí mismo mientras el polo social sitúa el texto en su contexto comunicativa (por qué y para qué se escribe, para quién, bajo qué condiciones, etc.). De esa conjunción entre contenido y contexto nace el concepto social de género discursivo (que en nuestro caso es género textual). El concepto de género nos ayuda a situar las producciones textuales en unos contextos determinados: las comunidades de 81",La_escritura_academica_en_la_fo___Maria_Ines_Corte_Vitoria_b72aa8e231_b0081_f003,D:\Documentos\LaTEX\Template-Informe\UnADM\redaccion-en-contextos-virtuales\referencias-redaccion-en-contextos-virtuales\libros-redaccion-en-contextos-virtuales\La escritura academica en la fo - Maria Ines Corte Vitoria.pdf,"Escritura academica. De la teor - Juan Antonio Nunez Cortes.pdf, p. 106; Escritura academica. De la teor - Juan Antonio Nunez Cortes.pdf, p. 15; Escritura academica. De la teor - Juan Antonio Nunez Cortes.pdf, p. 17; Escritura academica. De la teor - Juan Antonio Nunez Cortes.pdf, p. 18; Escritura academica. De la teor - Juan Antonio Nunez Cortes.pdf, p. 22; Escritura academica. De la teor - Juan Antonio Nunez Cortes.pdf, p. 25; Escritura academica. De la teor - Juan Antonio Nunez Cortes.pdf, p. 54; Escritura academica. De la teor - Juan Antonio Nunez Cortes.pdf, p. 88; La escritura academica en la fo - Maria Ines Corte Vitoria.pdf, p. 12; La escritura academica en la fo - Maria Ines Corte Vitoria.pdf, p. 13; La escritura academica en la fo - Maria Ines Corte Vitoria.pdf, p. 159; La escritura academica en la fo - Maria Ines Corte Vitoria.pdf, p. 22; La escritura academica en la fo - Maria Ines Corte Vitoria.pdf, p. 28; La escritura academica en la fo - Maria Ines Corte Vitoria.pdf, p. 42; La escritura academica en la fo - Maria Ines Corte Vitoria.pdf, p. 49; La escritura academica en la fo - Maria Ines Corte Vitoria.pdf, p. 52; La escritura academica en la fo - Maria Ines Corte Vitoria.pdf, p. 69; La escritura academica en la fo - Maria Ines Corte Vitoria.pdf, p. 70; La escritura academica en la fo - Maria Ines Corte Vitoria.pdf, p. 71; La escritura academica en la fo - Maria Ines Corte Vitoria.pdf, p. 81; La escritura academica en la fo - Maria Ines Corte Vitoria.pdf, p. 94; Taller de lectura y redaccion_ - Leopoldo Ayala.pdf, p. 27; Taller de lectura y redaccion_ - Leopoldo Ayala.pdf, p. 79","La ficha presenta coincidencias útiles, pero conviene revisar la pertinencia de cada cita. Se agruparon referencias de múltiples fuentes para enriquecer el concepto. Hay 5 referencia(s) de baja similitud que podrían introducir ruido."
7,Contexto,media,0.176,0.1122,Escritura academica. De la teor - Juan Antonio Nunez Cortes.pdf,pdf,p. 88,88,0.1,tfidf=0.0700; bonus=0.0300,"SITUACIÓN ENUNCIATIVA EN LOS TEXTOS EXPOSITIVOS Los textos expositivos suponen la presencia de marcas lingüísticas que sitúan a los sujetos y al contexto comunicativo en el discurso. Esta puesta en situación se logra por medio del lenguaje, que suministra una serie de recursos utilizados con el propósito de «señalar».",Escritura_academica__De_la_teor___Juan_Antonio_Nunez_Cortes_1a16d092a9_b0088_f002,D:\Documentos\LaTEX\Template-Informe\UnADM\redaccion-en-contextos-virtuales\referencias-redaccion-en-contextos-virtuales\libros-redaccion-en-contextos-virtuales\Escritura academica. De la teor - Juan Antonio Nunez Cortes.pdf,"Escritura academica. De la teor - Juan Antonio Nunez Cortes.pdf, p. 106; Escritura academica. De la teor - Juan Antonio Nunez Cortes.pdf, p. 15; Escritura academica. De la teor - Juan Antonio Nunez Cortes.pdf, p. 17; Escritura academica. De la teor - Juan Antonio Nunez Cortes.pdf, p. 18; Escritura academica. De la teor - Juan Antonio Nunez Cortes.pdf, p. 22; Escritura academica. De la teor - Juan Antonio Nunez Cortes.pdf, p. 25; Escritura academica. De la teor - Juan Antonio Nunez Cortes.pdf, p. 54; Escritura academica. De la teor - Juan Antonio Nunez Cortes.pdf, p. 88; La escritura academica en la fo - Maria Ines Corte Vitoria.pdf, p. 12; La escritura academica en la fo - Maria Ines Corte Vitoria.pdf, p. 13; La escritura academica en la fo - Maria Ines Corte Vitoria.pdf, p. 159; La escritura academica en la fo - Maria Ines Corte Vitoria.pdf, p. 22; La escritura academica en la fo - Maria Ines Corte Vitoria.pdf, p. 28; La escritura academica en la fo - Maria Ines Corte Vitoria.pdf, p. 42; La escritura academica en la fo - Maria Ines Corte Vitoria.pdf, p. 49; La escritura academica en la fo - Maria Ines Corte Vitoria.pdf, p. 52; La escritura academica en la fo - Maria Ines Corte Vitoria.pdf, p. 69; La escritura academica en la fo - Maria Ines Corte Vitoria.pdf, p. 70; La escritura academica en la fo - Maria Ines Corte Vitoria.pdf, p. 71; La escritura academica en la fo - Maria Ines Corte Vitoria.pdf, p. 81; La escritura academica en la fo - Maria Ines Corte Vitoria.pdf, p. 94; Taller de lectura y redaccion_ - Leopoldo Ayala.pdf, p. 27; Taller de lectura y redaccion_ - Leopoldo Ayala.pdf, p. 79","La ficha presenta coincidencias útiles, pero conviene revisar la pertinencia de cada cita. Se agruparon referencias de múltiples fuentes para enriquecer el concepto. Hay 5 referencia(s) de baja similitud que podrían introducir ruido."
7,Contexto,media,0.176,0.1122,Escritura academica. De la teor - Juan Antonio Nunez Cortes.pdf,pdf,p. 15,15,0.0972,tfidf=0.0672; bonus=0.0300,"1.2. LA COMUNIDAD DISCURSIVA UNIVERSITARIA Y LOS GÉNEROS ACADÉMICOS Desde multiplicidad de disciplinas, como la Antropología, la Sociología, la Lingüística o el Análisis del Discurso, se ha señalado que cada comunidad concreta tiene sus propias formas de decir. Así, desde la Etnografía de la Comunicación, se propone el concepto de comunidad de habla para referirse a aquellos grupos de personas que comparten una variedad de lengua determinada y unos patrones de uso concretos (Gumperz, 1968; Gumperz y Hymes, 1972).",Escritura_academica__De_la_teor___Juan_Antonio_Nunez_Cortes_1a16d092a9_b0015_f002,D:\Documentos\LaTEX\Template-Informe\UnADM\redaccion-en-contextos-virtuales\referencias-redaccion-en-contextos-virtuales\libros-redaccion-en-contextos-virtuales\Escritura academica. De la teor - Juan Antonio Nunez Cortes.pdf,"Escritura academica. De la teor - Juan Antonio Nunez Cortes.pdf, p. 106; Escritura academica. De la teor - Juan Antonio Nunez Cortes.pdf, p. 15; Escritura academica. De la teor - Juan Antonio Nunez Cortes.pdf, p. 17; Escritura academica. De la teor - Juan Antonio Nunez Cortes.pdf, p. 18; Escritura academica. De la teor - Juan Antonio Nunez Cortes.pdf, p. 22; Escritura academica. De la teor - Juan Antonio Nunez Cortes.pdf, p. 25; Escritura academica. De la teor - Juan Antonio Nunez Cortes.pdf, p. 54; Escritura academica. De la teor - Juan Antonio Nunez Cortes.pdf, p. 88; La escritura academica en la fo - Maria Ines Corte Vitoria.pdf, p. 12; La escritura academica en la fo - Maria Ines Corte Vitoria.pdf, p. 13; La escritura academica en la fo - Maria Ines Corte Vitoria.pdf, p. 159; La escritura academica en la fo - Maria Ines Corte Vitoria.pdf, p. 22; La escritura academica en la fo - Maria Ines Corte Vitoria.pdf, p. 28; La escritura academica en la fo - Maria Ines Corte Vitoria.pdf, p. 42; La escritura academica en la fo - Maria Ines Corte Vitoria.pdf, p. 49; La escritura academica en la fo - Maria Ines Corte Vitoria.pdf, p. 52; La escritura academica en la fo - Maria Ines Corte Vitoria.pdf, p. 69; La escritura academica en la fo - Maria Ines Corte Vitoria.pdf, p. 70; La escritura academica en la fo - Maria Ines Corte Vitoria.pdf, p. 71; La escritura academica en la fo - Maria Ines Corte Vitoria.pdf, p. 81; La escritura academica en la fo - Maria Ines Corte Vitoria.pdf, p. 94; Taller de lectura y redaccion_ - Leopoldo Ayala.pdf, p. 27; Taller de lectura y redaccion_ - Leopoldo Ayala.pdf, p. 79","La ficha presenta coincidencias útiles, pero conviene revisar la pertinencia de cada cita. Se agruparon referencias de múltiples fuentes para enriquecer el concepto. Hay 5 referencia(s) de baja similitud que podrían introducir ruido."
7,Contexto,media,0.176,0.1122,La escritura academica en la fo - Maria Ines Corte Vitoria.pdf,pdf,p. 22,22,0.0951,tfidf=0.0551; bonus=0.0400,"Actualmente, un vasto campo interdisciplinar —desde la pragmática, la lingüística del texto, la etnografía de la comunicación y la semiótica textual, hasta la sociolingüística, los enfoques socio-cognitivos y el análisis del discurso— aparecen como nuevas posibilidades para abordar el trabajo educativo con la escritura académica. También las aportaciones de la neurociencia nos han abierto nuevos campos de consideración sobre el desarrollo de las capacidades de los individuos y lo que eso significa en relación a la escritura.",La_escritura_academica_en_la_fo___Maria_Ines_Corte_Vitoria_b72aa8e231_b0022_f002,D:\Documentos\LaTEX\Template-Informe\UnADM\redaccion-en-contextos-virtuales\referencias-redaccion-en-contextos-virtuales\libros-redaccion-en-contextos-virtuales\La escritura academica en la fo - Maria Ines Corte Vitoria.pdf,"Escritura academica. De la teor - Juan Antonio Nunez Cortes.pdf, p. 106; Escritura academica. De la teor - Juan Antonio Nunez Cortes.pdf, p. 15; Escritura academica. De la teor - Juan Antonio Nunez Cortes.pdf, p. 17; Escritura academica. De la teor - Juan Antonio Nunez Cortes.pdf, p. 18; Escritura academica. De la teor - Juan Antonio Nunez Cortes.pdf, p. 22; Escritura academica. De la teor - Juan Antonio Nunez Cortes.pdf, p. 25; Escritura academica. De la teor - Juan Antonio Nunez Cortes.pdf, p. 54; Escritura academica. De la teor - Juan Antonio Nunez Cortes.pdf, p. 88; La escritura academica en la fo - Maria Ines Corte Vitoria.pdf, p. 12; La escritura academica en la fo - Maria Ines Corte Vitoria.pdf, p. 13; La escritura academica en la fo - Maria Ines Corte Vitoria.pdf, p. 159; La escritura academica en la fo - Maria Ines Corte Vitoria.pdf, p. 22; La escritura academica en la fo - Maria Ines Corte Vitoria.pdf, p. 28; La escritura academica en la fo - Maria Ines Corte Vitoria.pdf, p. 42; La escritura academica en la fo - Maria Ines Corte Vitoria.pdf, p. 49; La escritura academica en la fo - Maria Ines Corte Vitoria.pdf, p. 52; La escritura academica en la fo - Maria Ines Corte Vitoria.pdf, p. 69; La escritura academica en la fo - Maria Ines Corte Vitoria.pdf, p. 70; La escritura academica en la fo - Maria Ines Corte Vitoria.pdf, p. 71; La escritura academica en la fo - Maria Ines Corte Vitoria.pdf, p. 81; La escritura academica en la fo - Maria Ines Corte Vitoria.pdf, p. 94; Taller de lectura y redaccion_ - Leopoldo Ayala.pdf, p. 27; Taller de lectura y redaccion_ - Leopoldo Ayala.pdf, p. 79","La ficha presenta coincidencias útiles, pero conviene revisar la pertinencia de cada cita. Se agruparon referencias de múltiples fuentes para enriquecer el concepto. Hay 5 referencia(s) de baja similitud que podrían introducir ruido."
7,Contexto,media,0.176,0.1122,Escritura academica. De la teor - Juan Antonio Nunez Cortes.pdf,pdf,p. 22,22,0.0946,tfidf=0.0746; bonus=0.0200,"Es una cuestión más compleja, específicamente en lo relacionado con la escritura, como se deduce de las características de los textos que escriben y los errores que aparecen en ellos. Grosso modo, a partir de las referencias y conclusiones de varios estudios diagnósticos se pueden señalar dificultades en la producción de diversos géneros académicos como el resumen, la reseña o las monografías (véase capítulo 3), relacionadas con la gramática, el léxico, el tipo de texto y registro, las normas de textualidad y los procesos de composición.",Escritura_academica__De_la_teor___Juan_Antonio_Nunez_Cortes_1a16d092a9_b0022_f002,D:\Documentos\LaTEX\Template-Informe\UnADM\redaccion-en-contextos-virtuales\referencias-redaccion-en-contextos-virtuales\libros-redaccion-en-contextos-virtuales\Escritura academica. De la teor - Juan Antonio Nunez Cortes.pdf,"Escritura academica. De la teor - Juan Antonio Nunez Cortes.pdf, p. 106; Escritura academica. De la teor - Juan Antonio Nunez Cortes.pdf, p. 15; Escritura academica. De la teor - Juan Antonio Nunez Cortes.pdf, p. 17; Escritura academica. De la teor - Juan Antonio Nunez Cortes.pdf, p. 18; Escritura academica. De la teor - Juan Antonio Nunez Cortes.pdf, p. 22; Escritura academica. De la teor - Juan Antonio Nunez Cortes.pdf, p. 25; Escritura academica. De la teor - Juan Antonio Nunez Cortes.pdf, p. 54; Escritura academica. De la teor - Juan Antonio Nunez Cortes.pdf, p. 88; La escritura academica en la fo - Maria Ines Corte Vitoria.pdf, p. 12; La escritura academica en la fo - Maria Ines Corte Vitoria.pdf, p. 13; La escritura academica en la fo - Maria Ines Corte Vitoria.pdf, p. 159; La escritura academica en la fo - Maria Ines Corte Vitoria.pdf, p. 22; La escritura academica en la fo - Maria Ines Corte Vitoria.pdf, p. 28; La escritura academica en la fo - Maria Ines Corte Vitoria.pdf, p. 42; La escritura academica en la fo - Maria Ines Corte Vitoria.pdf, p. 49; La escritura academica en la fo - Maria Ines Corte Vitoria.pdf, p. 52; La escritura academica en la fo - Maria Ines Corte Vitoria.pdf, p. 69; La escritura academica en la fo - Maria Ines Corte Vitoria.pdf, p. 70; La escritura academica en la fo - Maria Ines Corte Vitoria.pdf, p. 71; La escritura academica en la fo - Maria Ines Corte Vitoria.pdf, p. 81; La escritura academica en la fo - Maria Ines Corte Vitoria.pdf, p. 94; Taller de lectura y redaccion_ - Leopoldo Ayala.pdf, p. 27; Taller de lectura y redaccion_ - Leopoldo Ayala.pdf, p. 79","La ficha presenta coincidencias útiles, pero conviene revisar la pertinencia de cada cita. Se agruparon referencias de múltiples fuentes para enriquecer el concepto. Hay 5 referencia(s) de baja similitud que podrían introducir ruido."
7,Contexto,media,0.176,0.1122,Escritura academica. De la teor - Juan Antonio Nunez Cortes.pdf,pdf,p. 106,106,0.0931,tfidf=0.0731; bonus=0.0200,"así al despliegue argumental del texto, y se orienta a reforzar la hipótesis que sostiene el autor. Desde la Lingüística Textual, Adam (1992) describe los componentes constitutivos de la secuencia textual argumentativa. Este enfoque de la argumentación tiene la ventaja de hacer evidentes las relaciones lógicas entre las partes de un texto argumentativo, favoreciendo así su lectura e interpretación.",Escritura_academica__De_la_teor___Juan_Antonio_Nunez_Cortes_1a16d092a9_b0106_f001,D:\Documentos\LaTEX\Template-Informe\UnADM\redaccion-en-contextos-virtuales\referencias-redaccion-en-contextos-virtuales\libros-redaccion-en-contextos-virtuales\Escritura academica. De la teor - Juan Antonio Nunez Cortes.pdf,"Escritura academica. De la teor - Juan Antonio Nunez Cortes.pdf, p. 106; Escritura academica. De la teor - Juan Antonio Nunez Cortes.pdf, p. 15; Escritura academica. De la teor - Juan Antonio Nunez Cortes.pdf, p. 17; Escritura academica. De la teor - Juan Antonio Nunez Cortes.pdf, p. 18; Escritura academica. De la teor - Juan Antonio Nunez Cortes.pdf, p. 22; Escritura academica. De la teor - Juan Antonio Nunez Cortes.pdf, p. 25; Escritura academica. De la teor - Juan Antonio Nunez Cortes.pdf, p. 54; Escritura academica. De la teor - Juan Antonio Nunez Cortes.pdf, p. 88; La escritura academica en la fo - Maria Ines Corte Vitoria.pdf, p. 12; La escritura academica en la fo - Maria Ines Corte Vitoria.pdf, p. 13; La escritura academica en la fo - Maria Ines Corte Vitoria.pdf, p. 159; La escritura academica en la fo - Maria Ines Corte Vitoria.pdf, p. 22; La escritura academica en la fo - Maria Ines Corte Vitoria.pdf, p. 28; La escritura academica en la fo - Maria Ines Corte Vitoria.pdf, p. 42; La escritura academica en la fo - Maria Ines Corte Vitoria.pdf, p. 49; La escritura academica en la fo - Maria Ines Corte Vitoria.pdf, p. 52; La escritura academica en la fo - Maria Ines Corte Vitoria.pdf, p. 69; La escritura academica en la fo - Maria Ines Corte Vitoria.pdf, p. 70; La escritura academica en la fo - Maria Ines Corte Vitoria.pdf, p. 71; La escritura academica en la fo - Maria Ines Corte Vitoria.pdf, p. 81; La escritura academica en la fo - Maria Ines Corte Vitoria.pdf, p. 94; Taller de lectura y redaccion_ - Leopoldo Ayala.pdf, p. 27; Taller de lectura y redaccion_ - Leopoldo Ayala.pdf, p. 79","La ficha presenta coincidencias útiles, pero conviene revisar la pertinencia de cada cita. Se agruparon referencias de múltiples fuentes para enriquecer el concepto. Hay 5 referencia(s) de baja similitud que podrían introducir ruido."
7,Contexto,media,0.176,0.1122,La escritura academica en la fo - Maria Ines Corte Vitoria.pdf,pdf,p. 49,49,0.0851,tfidf=0.0451; bonus=0.0400,"especializados que circulan en el ámbito científico y que, por lo tanto, guardan ciertos rasgos comunes. Sin embargo, hemos de considerar que una escritura académica, aunque deba salvaguardar los rasgos que le son propios, debe también incorporar otros elementos que forman parte de la escritura más allá del contexto académico. Si pensamos en el sentido y en la naturaleza de la escritura como producto cultural, debemos recordar que también sirve para comunicar, difundir ideas, conocimientos, pareceres, reflexiones y análisis que no siempre pueden vehicularse a través de modelos herméticos o protocolares.",La_escritura_academica_en_la_fo___Maria_Ines_Corte_Vitoria_b72aa8e231_b0049_f001,D:\Documentos\LaTEX\Template-Informe\UnADM\redaccion-en-contextos-virtuales\referencias-redaccion-en-contextos-virtuales\libros-redaccion-en-contextos-virtuales\La escritura academica en la fo - Maria Ines Corte Vitoria.pdf,"Escritura academica. De la teor - Juan Antonio Nunez Cortes.pdf, p. 106; Escritura academica. De la teor - Juan Antonio Nunez Cortes.pdf, p. 15; Escritura academica. De la teor - Juan Antonio Nunez Cortes.pdf, p. 17; Escritura academica. De la teor - Juan Antonio Nunez Cortes.pdf, p. 18; Escritura academica. De la teor - Juan Antonio Nunez Cortes.pdf, p. 22; Escritura academica. De la teor - Juan Antonio Nunez Cortes.pdf, p. 25; Escritura academica. De la teor - Juan Antonio Nunez Cortes.pdf, p. 54; Escritura academica. De la teor - Juan Antonio Nunez Cortes.pdf, p. 88; La escritura academica en la fo - Maria Ines Corte Vitoria.pdf, p. 12; La escritura academica en la fo - Maria Ines Corte Vitoria.pdf, p. 13; La escritura academica en la fo - Maria Ines Corte Vitoria.pdf, p. 159; La escritura academica en la fo - Maria Ines Corte Vitoria.pdf, p. 22; La escritura academica en la fo - Maria Ines Corte Vitoria.pdf, p. 28; La escritura academica en la fo - Maria Ines Corte Vitoria.pdf, p. 42; La escritura academica en la fo - Maria Ines Corte Vitoria.pdf, p. 49; La escritura academica en la fo - Maria Ines Corte Vitoria.pdf, p. 52; La escritura academica en la fo - Maria Ines Corte Vitoria.pdf, p. 69; La escritura academica en la fo - Maria Ines Corte Vitoria.pdf, p. 70; La escritura academica en la fo - Maria Ines Corte Vitoria.pdf, p. 71; La escritura academica en la fo - Maria Ines Corte Vitoria.pdf, p. 81; La escritura academica en la fo - Maria Ines Corte Vitoria.pdf, p. 94; Taller de lectura y redaccion_ - Leopoldo Ayala.pdf, p. 27; Taller de lectura y redaccion_ - Leopoldo Ayala.pdf, p. 79","La ficha presenta coincidencias útiles, pero conviene revisar la pertinencia de cada cita. Se agruparon referencias de múltiples fuentes para enriquecer el concepto. Hay 5 referencia(s) de baja similitud que podrían introducir ruido."
7,Contexto,media,0.176,0.1122,Escritura academica. De la teor - Juan Antonio Nunez Cortes.pdf,pdf,p. 54,54,0.084,tfidf=0.0640; bonus=0.0200,"Entre sus usos destacamos los cuatro siguientes: a) Separar los elementos de una palabra compuesta en los siguientes casos: — Los compuestos de nueva creación formados por dos adjetivos, el primero de los cuales conserva invariable la terminación masculina singular, mientras el segundo concuerda en género y número con el nombre al que se refiere. Ejemplos: lección teórico-práctica. — Cuando dos gentilicios forman una palabra compuesta, esta se puede escribir separando o no ambos elementos. Si el compuesto resultante se siente como consolidado, se escribe sin guion.",Escritura_academica__De_la_teor___Juan_Antonio_Nunez_Cortes_1a16d092a9_b0054_f001,D:\Documentos\LaTEX\Template-Informe\UnADM\redaccion-en-contextos-virtuales\referencias-redaccion-en-contextos-virtuales\libros-redaccion-en-contextos-virtuales\Escritura academica. De la teor - Juan Antonio Nunez Cortes.pdf,"Escritura academica. De la teor - Juan Antonio Nunez Cortes.pdf, p. 106; Escritura academica. De la teor - Juan Antonio Nunez Cortes.pdf, p. 15; Escritura academica. De la teor - Juan Antonio Nunez Cortes.pdf, p. 17; Escritura academica. De la teor - Juan Antonio Nunez Cortes.pdf, p. 18; Escritura academica. De la teor - Juan Antonio Nunez Cortes.pdf, p. 22; Escritura academica. De la teor - Juan Antonio Nunez Cortes.pdf, p. 25; Escritura academica. De la teor - Juan Antonio Nunez Cortes.pdf, p. 54; Escritura academica. De la teor - Juan Antonio Nunez Cortes.pdf, p. 88; La escritura academica en la fo - Maria Ines Corte Vitoria.pdf, p. 12; La escritura academica en la fo - Maria Ines Corte Vitoria.pdf, p. 13; La escritura academica en la fo - Maria Ines Corte Vitoria.pdf, p. 159; La escritura academica en la fo - Maria Ines Corte Vitoria.pdf, p. 22; La escritura academica en la fo - Maria Ines Corte Vitoria.pdf, p. 28; La escritura academica en la fo - Maria Ines Corte Vitoria.pdf, p. 42; La escritura academica en la fo - Maria Ines Corte Vitoria.pdf, p. 49; La escritura academica en la fo - Maria Ines Corte Vitoria.pdf, p. 52; La escritura academica en la fo - Maria Ines Corte Vitoria.pdf, p. 69; La escritura academica en la fo - Maria Ines Corte Vitoria.pdf, p. 70; La escritura academica en la fo - Maria Ines Corte Vitoria.pdf, p. 71; La escritura academica en la fo - Maria Ines Corte Vitoria.pdf, p. 81; La escritura academica en la fo - Maria Ines Corte Vitoria.pdf, p. 94; Taller de lectura y redaccion_ - Leopoldo Ayala.pdf, p. 27; Taller de lectura y redaccion_ - Leopoldo Ayala.pdf, p. 79","La ficha presenta coincidencias útiles, pero conviene revisar la pertinencia de cada cita. Se agruparon referencias de múltiples fuentes para enriquecer el concepto. Hay 5 referencia(s) de baja similitud que podrían introducir ruido."
7,Contexto,media,0.176,0.1122,Escritura academica. De la teor - Juan Antonio Nunez Cortes.pdf,pdf,p. 17,17,0.0787,tfidf=0.0587; bonus=0.0200,"Siempre hay muestras de las opciones por las que se decanta el autor, de su ideología al fin y al cabo. Una ideología que se puede entender como sistema cognitivo, es decir, como una representación mental que se puede usar para «la interpretación de acontecimientos y acciones, la comprehensión de un discurso o la producción de (inter-) acciones»; y como un sistema social, que es «compartida por los miembros de un grupo» (Van Dijk, 1980, p. 37).",Escritura_academica__De_la_teor___Juan_Antonio_Nunez_Cortes_1a16d092a9_b0017_f001,D:\Documentos\LaTEX\Template-Informe\UnADM\redaccion-en-contextos-virtuales\referencias-redaccion-en-contextos-virtuales\libros-redaccion-en-contextos-virtuales\Escritura academica. De la teor - Juan Antonio Nunez Cortes.pdf,"Escritura academica. De la teor - Juan Antonio Nunez Cortes.pdf, p. 106; Escritura academica. De la teor - Juan Antonio Nunez Cortes.pdf, p. 15; Escritura academica. De la teor - Juan Antonio Nunez Cortes.pdf, p. 17; Escritura academica. De la teor - Juan Antonio Nunez Cortes.pdf, p. 18; Escritura academica. De la teor - Juan Antonio Nunez Cortes.pdf, p. 22; Escritura academica. De la teor - Juan Antonio Nunez Cortes.pdf, p. 25; Escritura academica. De la teor - Juan Antonio Nunez Cortes.pdf, p. 54; Escritura academica. De la teor - Juan Antonio Nunez Cortes.pdf, p. 88; La escritura academica en la fo - Maria Ines Corte Vitoria.pdf, p. 12; La escritura academica en la fo - Maria Ines Corte Vitoria.pdf, p. 13; La escritura academica en la fo - Maria Ines Corte Vitoria.pdf, p. 159; La escritura academica en la fo - Maria Ines Corte Vitoria.pdf, p. 22; La escritura academica en la fo - Maria Ines Corte Vitoria.pdf, p. 28; La escritura academica en la fo - Maria Ines Corte Vitoria.pdf, p. 42; La escritura academica en la fo - Maria Ines Corte Vitoria.pdf, p. 49; La escritura academica en la fo - Maria Ines Corte Vitoria.pdf, p. 52; La escritura academica en la fo - Maria Ines Corte Vitoria.pdf, p. 69; La escritura academica en la fo - Maria Ines Corte Vitoria.pdf, p. 70; La escritura academica en la fo - Maria Ines Corte Vitoria.pdf, p. 71; La escritura academica en la fo - Maria Ines Corte Vitoria.pdf, p. 81; La escritura academica en la fo - Maria Ines Corte Vitoria.pdf, p. 94; Taller de lectura y redaccion_ - Leopoldo Ayala.pdf, p. 27; Taller de lectura y redaccion_ - Leopoldo Ayala.pdf, p. 79","La ficha presenta coincidencias útiles, pero conviene revisar la pertinencia de cada cita. Se agruparon referencias de múltiples fuentes para enriquecer el concepto. Hay 5 referencia(s) de baja similitud que podrían introducir ruido."
7,Contexto,media,0.176,0.1122,La escritura academica en la fo - Maria Ines Corte Vitoria.pdf,pdf,p. 69,69,0.0761,tfidf=0.0661; bonus=0.0100,"Pécora (2002) se refiere a una textualidad que depende, en gran parte, de ciertos factores responsables de la cohesión textual, concepto semántico que se refiere a las relaciones de sentido que se establece entre los enunciados que componen un texto, haciendo que la interpretación de un elemento sea dependiente de la interpretación de los otros elementos que configuran el texto. La cohesión textual, tal como fue desarrollada especialmente por Halliday (1976), se refiere al hecho de que un texto no es el producto de una yuxtaposición de elementos lingüísticos sin referencia entre sí.",La_escritura_academica_en_la_fo___Maria_Ines_Corte_Vitoria_b72aa8e231_b0069_f003,D:\Documentos\LaTEX\Template-Informe\UnADM\redaccion-en-contextos-virtuales\referencias-redaccion-en-contextos-virtuales\libros-redaccion-en-contextos-virtuales\La escritura academica en la fo - Maria Ines Corte Vitoria.pdf,"Escritura academica. De la teor - Juan Antonio Nunez Cortes.pdf, p. 106; Escritura academica. De la teor - Juan Antonio Nunez Cortes.pdf, p. 15; Escritura academica. De la teor - Juan Antonio Nunez Cortes.pdf, p. 17; Escritura academica. De la teor - Juan Antonio Nunez Cortes.pdf, p. 18; Escritura academica. De la teor - Juan Antonio Nunez Cortes.pdf, p. 22; Escritura academica. De la teor - Juan Antonio Nunez Cortes.pdf, p. 25; Escritura academica. De la teor - Juan Antonio Nunez Cortes.pdf, p. 54; Escritura academica. De la teor - Juan Antonio Nunez Cortes.pdf, p. 88; La escritura academica en la fo - Maria Ines Corte Vitoria.pdf, p. 12; La escritura academica en la fo - Maria Ines Corte Vitoria.pdf, p. 13; La escritura academica en la fo - Maria Ines Corte Vitoria.pdf, p. 159; La escritura academica en la fo - Maria Ines Corte Vitoria.pdf, p. 22; La escritura academica en la fo - Maria Ines Corte Vitoria.pdf, p. 28; La escritura academica en la fo - Maria Ines Corte Vitoria.pdf, p. 42; La escritura academica en la fo - Maria Ines Corte Vitoria.pdf, p. 49; La escritura academica en la fo - Maria Ines Corte Vitoria.pdf, p. 52; La escritura academica en la fo - Maria Ines Corte Vitoria.pdf, p. 69; La escritura academica en la fo - Maria Ines Corte Vitoria.pdf, p. 70; La escritura academica en la fo - Maria Ines Corte Vitoria.pdf, p. 71; La escritura academica en la fo - Maria Ines Corte Vitoria.pdf, p. 81; La escritura academica en la fo - Maria Ines Corte Vitoria.pdf, p. 94; Taller de lectura y redaccion_ - Leopoldo Ayala.pdf, p. 27; Taller de lectura y redaccion_ - Leopoldo Ayala.pdf, p. 79","La ficha presenta coincidencias útiles, pero conviene revisar la pertinencia de cada cita. Se agruparon referencias de múltiples fuentes para enriquecer el concepto. Hay 5 referencia(s) de baja similitud que podrían introducir ruido."
7,Contexto,media,0.176,0.1122,Escritura academica. De la teor - Juan Antonio Nunez Cortes.pdf,pdf,p. 18,18,0.0726,tfidf=0.0526; bonus=0.0200,"Como escritores noveles dentro de la comunidad académica, los estudiantes universitarios tienen que tener también esto en cuenta, de tal manera que se sepa que al escribir muestran sus opciones y el grado en que han puesto en diálogo el conocimiento previo. Además, a través de nuestros discursos no solo nos retratamos al mostrar o presuponer nuestros conocimientos, también damos cuenta del conocimiento que tienen o creemos que tienen nuestros receptores y otras personas (Van Dijk, 2002). Cuanta más experiencia tiene un escritor, más presente está en su proceso de escritura su destinatario y más se adecua el texto a las necesidades concretas de los receptores.",Escritura_academica__De_la_teor___Juan_Antonio_Nunez_Cortes_1a16d092a9_b0018_f001,D:\Documentos\LaTEX\Template-Informe\UnADM\redaccion-en-contextos-virtuales\referencias-redaccion-en-contextos-virtuales\libros-redaccion-en-contextos-virtuales\Escritura academica. De la teor - Juan Antonio Nunez Cortes.pdf,"Escritura academica. De la teor - Juan Antonio Nunez Cortes.pdf, p. 106; Escritura academica. De la teor - Juan Antonio Nunez Cortes.pdf, p. 15; Escritura academica. De la teor - Juan Antonio Nunez Cortes.pdf, p. 17; Escritura academica. De la teor - Juan Antonio Nunez Cortes.pdf, p. 18; Escritura academica. De la teor - Juan Antonio Nunez Cortes.pdf, p. 22; Escritura academica. De la teor - Juan Antonio Nunez Cortes.pdf, p. 25; Escritura academica. De la teor - Juan Antonio Nunez Cortes.pdf, p. 54; Escritura academica. De la teor - Juan Antonio Nunez Cortes.pdf, p. 88; La escritura academica en la fo - Maria Ines Corte Vitoria.pdf, p. 12; La escritura academica en la fo - Maria Ines Corte Vitoria.pdf, p. 13; La escritura academica en la fo - Maria Ines Corte Vitoria.pdf, p. 159; La escritura academica en la fo - Maria Ines Corte Vitoria.pdf, p. 22; La escritura academica en la fo - Maria Ines Corte Vitoria.pdf, p. 28; La escritura academica en la fo - Maria Ines Corte Vitoria.pdf, p. 42; La escritura academica en la fo - Maria Ines Corte Vitoria.pdf, p. 49; La escritura academica en la fo - Maria Ines Corte Vitoria.pdf, p. 52; La escritura academica en la fo - Maria Ines Corte Vitoria.pdf, p. 69; La escritura academica en la fo - Maria Ines Corte Vitoria.pdf, p. 70; La escritura academica en la fo - Maria Ines Corte Vitoria.pdf, p. 71; La escritura academica en la fo - Maria Ines Corte Vitoria.pdf, p. 81; La escritura academica en la fo - Maria Ines Corte Vitoria.pdf, p. 94; Taller de lectura y redaccion_ - Leopoldo Ayala.pdf, p. 27; Taller de lectura y redaccion_ - Leopoldo Ayala.pdf, p. 79","La ficha presenta coincidencias útiles, pero conviene revisar la pertinencia de cada cita. Se agruparon referencias de múltiples fuentes para enriquecer el concepto. Hay 5 referencia(s) de baja similitud que podrían introducir ruido."
7,Contexto,media,0.176,0.1122,La escritura academica en la fo - Maria Ines Corte Vitoria.pdf,pdf,p. 159,159,0.0723,tfidf=0.0523; bonus=0.0200,"Neurociencia educativa Sousa, David A. 9788427722439 193 Páginas Cómpralo y empieza a leer Los grandes avances acaecidos en el campo de la neurociencia en los comienzos del siglo XXI están cambiando totalmente nuestra forma de entender cómo aprende el cerebro; por tanto, tienen que llevarnos también a entender formas nuevas en el modo de llevar a cabo los procesos de enseñanza y aprendizaje.",La_escritura_academica_en_la_fo___Maria_Ines_Corte_Vitoria_b72aa8e231_b0159_f001,D:\Documentos\LaTEX\Template-Informe\UnADM\redaccion-en-contextos-virtuales\referencias-redaccion-en-contextos-virtuales\libros-redaccion-en-contextos-virtuales\La escritura academica en la fo - Maria Ines Corte Vitoria.pdf,"Escritura academica. De la teor - Juan Antonio Nunez Cortes.pdf, p. 106; Escritura academica. De la teor - Juan Antonio Nunez Cortes.pdf, p. 15; Escritura academica. De la teor - Juan Antonio Nunez Cortes.pdf, p. 17; Escritura academica. De la teor - Juan Antonio Nunez Cortes.pdf, p. 18; Escritura academica. De la teor - Juan Antonio Nunez Cortes.pdf, p. 22; Escritura academica. De la teor - Juan Antonio Nunez Cortes.pdf, p. 25; Escritura academica. De la teor - Juan Antonio Nunez Cortes.pdf, p. 54; Escritura academica. De la teor - Juan Antonio Nunez Cortes.pdf, p. 88; La escritura academica en la fo - Maria Ines Corte Vitoria.pdf, p. 12; La escritura academica en la fo - Maria Ines Corte Vitoria.pdf, p. 13; La escritura academica en la fo - Maria Ines Corte Vitoria.pdf, p. 159; La escritura academica en la fo - Maria Ines Corte Vitoria.pdf, p. 22; La escritura academica en la fo - Maria Ines Corte Vitoria.pdf, p. 28; La escritura academica en la fo - Maria Ines Corte Vitoria.pdf, p. 42; La escritura academica en la fo - Maria Ines Corte Vitoria.pdf, p. 49; La escritura academica en la fo - Maria Ines Corte Vitoria.pdf, p. 52; La escritura academica en la fo - Maria Ines Corte Vitoria.pdf, p. 69; La escritura academica en la fo - Maria Ines Corte Vitoria.pdf, p. 70; La escritura academica en la fo - Maria Ines Corte Vitoria.pdf, p. 71; La escritura academica en la fo - Maria Ines Corte Vitoria.pdf, p. 81; La escritura academica en la fo - Maria Ines Corte Vitoria.pdf, p. 94; Taller de lectura y redaccion_ - Leopoldo Ayala.pdf, p. 27; Taller de lectura y redaccion_ - Leopoldo Ayala.pdf, p. 79","La ficha presenta coincidencias útiles, pero conviene revisar la pertinencia de cada cita. Se agruparon referencias de múltiples fuentes para enriquecer el concepto. Hay 5 referencia(s) de baja similitud que podrían introducir ruido."
7,Contexto,media,0.176,0.1122,Taller de lectura y redaccion_ - Leopoldo Ayala.pdf,pdf,p. 79,79,0.069,tfidf=0.0590; bonus=0.0100,"Y es en ese campo, en el campo de las ideas, en el campo de los sentimientos, en el campo de las juventudes revolucionarias, en el cam- po de la inteligencia, es, aparte de sus virtudes militares, en que nosotros sentimos la tremenda pérdida que para el movimiento revolucionario ha significado su muerte. Porque Che unía en su extraordinaria personalidad virtudes que rara vez aparecen juntas.",Taller_de_lectura_y_redaccion____Leopoldo_Ayala_c5996d4dd8_b0079_f003,D:\Documentos\LaTEX\Template-Informe\UnADM\redaccion-en-contextos-virtuales\referencias-redaccion-en-contextos-virtuales\libros-redaccion-en-contextos-virtuales\Taller de lectura y redaccion_ - Leopoldo Ayala.pdf,"Escritura academica. De la teor - Juan Antonio Nunez Cortes.pdf, p. 106; Escritura academica. De la teor - Juan Antonio Nunez Cortes.pdf, p. 15; Escritura academica. De la teor - Juan Antonio Nunez Cortes.pdf, p. 17; Escritura academica. De la teor - Juan Antonio Nunez Cortes.pdf, p. 18; Escritura academica. De la teor - Juan Antonio Nunez Cortes.pdf, p. 22; Escritura academica. De la teor - Juan Antonio Nunez Cortes.pdf, p. 25; Escritura academica. De la teor - Juan Antonio Nunez Cortes.pdf, p. 54; Escritura academica. De la teor - Juan Antonio Nunez Cortes.pdf, p. 88; La escritura academica en la fo - Maria Ines Corte Vitoria.pdf, p. 12; La escritura academica en la fo - Maria Ines Corte Vitoria.pdf, p. 13; La escritura academica en la fo - Maria Ines Corte Vitoria.pdf, p. 159; La escritura academica en la fo - Maria Ines Corte Vitoria.pdf, p. 22; La escritura academica en la fo - Maria Ines Corte Vitoria.pdf, p. 28; La escritura academica en la fo - Maria Ines Corte Vitoria.pdf, p. 42; La escritura academica en la fo - Maria Ines Corte Vitoria.pdf, p. 49; La escritura academica en la fo - Maria Ines Corte Vitoria.pdf, p. 52; La escritura academica en la fo - Maria Ines Corte Vitoria.pdf, p. 69; La escritura academica en la fo - Maria Ines Corte Vitoria.pdf, p. 70; La escritura academica en la fo - Maria Ines Corte Vitoria.pdf, p. 71; La escritura academica en la fo - Maria Ines Corte Vitoria.pdf, p. 81; La escritura academica en la fo - Maria Ines Corte Vitoria.pdf, p. 94; Taller de lectura y redaccion_ - Leopoldo Ayala.pdf, p. 27; Taller de lectura y redaccion_ - Leopoldo Ayala.pdf, p. 79","La ficha presenta coincidencias útiles, pero conviene revisar la pertinencia de cada cita. Se agruparon referencias de múltiples fuentes para enriquecer el concepto. Hay 5 referencia(s) de baja similitud que podrían introducir ruido."
8,Emisor,media,0.1831,0.0978,Escritura academica. De la teor - Juan Antonio Nunez Cortes.pdf,pdf,p. 22,22,0.1831,tfidf=0.1131; bonus=0.0700,"Por ejemplo, en diferentes estudios sobre los textos argumentativos de los estudiantes universitarios se muestra cómo no se presentan argumentos que respalden la opinión del emisor, desde un 40 por 100 (López y Padilla, 2011) hasta casi el 70 por 100 (Villardón, Álvarez y Yáñiz, 2008) —pese a",Escritura_academica__De_la_teor___Juan_Antonio_Nunez_Cortes_1a16d092a9_b0022_f003,D:\Documentos\LaTEX\Template-Informe\UnADM\redaccion-en-contextos-virtuales\referencias-redaccion-en-contextos-virtuales\libros-redaccion-en-contextos-virtuales\Escritura academica. De la teor - Juan Antonio Nunez Cortes.pdf,"Escritura academica. De la teor - Juan Antonio Nunez Cortes.pdf, p. 11; Escritura academica. De la teor - Juan Antonio Nunez Cortes.pdf, p. 113; Escritura academica. De la teor - Juan Antonio Nunez Cortes.pdf, p. 14; Escritura academica. De la teor - Juan Antonio Nunez Cortes.pdf, p. 19; Escritura academica. De la teor - Juan Antonio Nunez Cortes.pdf, p. 20; Escritura academica. De la teor - Juan Antonio Nunez Cortes.pdf, p. 22; Escritura academica. De la teor - Juan Antonio Nunez Cortes.pdf, p. 24; Escritura academica. De la teor - Juan Antonio Nunez Cortes.pdf, p. 57; La escritura academica en la fo - Maria Ines Corte Vitoria.pdf, p. 12; La escritura academica en la fo - Maria Ines Corte Vitoria.pdf, p. 25; La escritura academica en la fo - Maria Ines Corte Vitoria.pdf, p. 26; La escritura academica en la fo - Maria Ines Corte Vitoria.pdf, p. 44; La escritura academica en la fo - Maria Ines Corte Vitoria.pdf, p. 49; La escritura academica en la fo - Maria Ines Corte Vitoria.pdf, p. 57; La escritura academica en la fo - Maria Ines Corte Vitoria.pdf, p. 69; La escritura academica en la fo - Maria Ines Corte Vitoria.pdf, p. 72; Taller de lectura y redaccion_ - Leopoldo Ayala.pdf, p. 185; Taller de lectura y redaccion_ - Leopoldo Ayala.pdf, p. 19; Taller de lectura y redaccion_ - Leopoldo Ayala.pdf, p. 80","La ficha presenta coincidencias útiles, pero conviene revisar la pertinencia de cada cita. Se agruparon referencias de múltiples fuentes para enriquecer el concepto. Hay 3 referencia(s) de baja similitud que podrían introducir ruido."
8,Emisor,media,0.1831,0.0978,La escritura academica en la fo - Maria Ines Corte Vitoria.pdf,pdf,p. 44,44,0.1277,tfidf=0.0577; bonus=0.0700,"Convertirla en señal (sonidos vocálicos, letras escritas, gestos, dibujos). Transmitir la señal a través de nuestros órganos y sentidos emisores (voz, escritura, gestos, etc.). • • El proceso se realiza a través de un recorrido contrario por parte del receptor del mensaje: recibirá una señal en sus receptores, la decodificará y (re)construirá con ella la idea que el emisor pretendía enviarle. Como sucede en todos estos procesos interrelacionados, la fortaleza del conjunto de la cadena nunca puede ser mayor que la del más débil de sus eslabones.",La_escritura_academica_en_la_fo___Maria_Ines_Corte_Vitoria_b72aa8e231_b0044_f001,D:\Documentos\LaTEX\Template-Informe\UnADM\redaccion-en-contextos-virtuales\referencias-redaccion-en-contextos-virtuales\libros-redaccion-en-contextos-virtuales\La escritura academica en la fo - Maria Ines Corte Vitoria.pdf,"Escritura academica. De la teor - Juan Antonio Nunez Cortes.pdf, p. 11; Escritura academica. De la teor - Juan Antonio Nunez Cortes.pdf, p. 113; Escritura academica. De la teor - Juan Antonio Nunez Cortes.pdf, p. 14; Escritura academica. De la teor - Juan Antonio Nunez Cortes.pdf, p. 19; Escritura academica. De la teor - Juan Antonio Nunez Cortes.pdf, p. 20; Escritura academica. De la teor - Juan Antonio Nunez Cortes.pdf, p. 22; Escritura academica. De la teor - Juan Antonio Nunez Cortes.pdf, p. 24; Escritura academica. De la teor - Juan Antonio Nunez Cortes.pdf, p. 57; La escritura academica en la fo - Maria Ines Corte Vitoria.pdf, p. 12; La escritura academica en la fo - Maria Ines Corte Vitoria.pdf, p. 25; La escritura academica en la fo - Maria Ines Corte Vitoria.pdf, p. 26; La escritura academica en la fo - Maria Ines Corte Vitoria.pdf, p. 44; La escritura academica en la fo - Maria Ines Corte Vitoria.pdf, p. 49; La escritura academica en la fo - Maria Ines Corte Vitoria.pdf, p. 57; La escritura academica en la fo - Maria Ines Corte Vitoria.pdf, p. 69; La escritura academica en la fo - Maria Ines Corte Vitoria.pdf, p. 72; Taller de lectura y redaccion_ - Leopoldo Ayala.pdf, p. 185; Taller de lectura y redaccion_ - Leopoldo Ayala.pdf, p. 19; Taller de lectura y redaccion_ - Leopoldo Ayala.pdf, p. 80","La ficha presenta coincidencias útiles, pero conviene revisar la pertinencia de cada cita. Se agruparon referencias de múltiples fuentes para enriquecer el concepto. Hay 3 referencia(s) de baja similitud que podrían introducir ruido."
8,Emisor,media,0.1831,0.0978,Escritura academica. De la teor - Juan Antonio Nunez Cortes.pdf,pdf,p. 57,57,0.1275,tfidf=0.0575; bonus=0.0700,"Así, un epiceno femenino es víctima, que se comporta del siguiente modo en una oración: La víctima, un varón de 34 años, ha sido trasladada23 al hospital. Otros sustantivos epicenos de persona son los siguientes: persona, criatura o emisor. b) Sustantivos que designan seres inanimados. Pueden ser: — Masculinos, como bolígrafo o coche. — Femeninos, como mesa o ventana. — Ambiguos en cuanto al género, que son aquellos que se utilizan tanto en masculino como en femenino y se refieren a cosas (el mar / la mar; el azúcar / la azúcar; el margen / la margen).",Escritura_academica__De_la_teor___Juan_Antonio_Nunez_Cortes_1a16d092a9_b0057_f001,D:\Documentos\LaTEX\Template-Informe\UnADM\redaccion-en-contextos-virtuales\referencias-redaccion-en-contextos-virtuales\libros-redaccion-en-contextos-virtuales\Escritura academica. De la teor - Juan Antonio Nunez Cortes.pdf,"Escritura academica. De la teor - Juan Antonio Nunez Cortes.pdf, p. 11; Escritura academica. De la teor - Juan Antonio Nunez Cortes.pdf, p. 113; Escritura academica. De la teor - Juan Antonio Nunez Cortes.pdf, p. 14; Escritura academica. De la teor - Juan Antonio Nunez Cortes.pdf, p. 19; Escritura academica. De la teor - Juan Antonio Nunez Cortes.pdf, p. 20; Escritura academica. De la teor - Juan Antonio Nunez Cortes.pdf, p. 22; Escritura academica. De la teor - Juan Antonio Nunez Cortes.pdf, p. 24; Escritura academica. De la teor - Juan Antonio Nunez Cortes.pdf, p. 57; La escritura academica en la fo - Maria Ines Corte Vitoria.pdf, p. 12; La escritura academica en la fo - Maria Ines Corte Vitoria.pdf, p. 25; La escritura academica en la fo - Maria Ines Corte Vitoria.pdf, p. 26; La escritura academica en la fo - Maria Ines Corte Vitoria.pdf, p. 44; La escritura academica en la fo - Maria Ines Corte Vitoria.pdf, p. 49; La escritura academica en la fo - Maria Ines Corte Vitoria.pdf, p. 57; La escritura academica en la fo - Maria Ines Corte Vitoria.pdf, p. 69; La escritura academica en la fo - Maria Ines Corte Vitoria.pdf, p. 72; Taller de lectura y redaccion_ - Leopoldo Ayala.pdf, p. 185; Taller de lectura y redaccion_ - Leopoldo Ayala.pdf, p. 19; Taller de lectura y redaccion_ - Leopoldo Ayala.pdf, p. 80","La ficha presenta coincidencias útiles, pero conviene revisar la pertinencia de cada cita. Se agruparon referencias de múltiples fuentes para enriquecer el concepto. Hay 3 referencia(s) de baja similitud que podrían introducir ruido."
8,Emisor,media,0.1831,0.0978,Taller de lectura y redaccion_ - Leopoldo Ayala.pdf,pdf,p. 185,185,0.118,tfidf=0.0980; bonus=0.0200,"La obra es el medio a través del cual el autor se comunica con el lector que es el receptor de su mensaje. Tiene función paralela a otros medios de comunicación como el cine de arte, la televisión cultural y el teatro.",Taller_de_lectura_y_redaccion____Leopoldo_Ayala_c5996d4dd8_b0185_f002,D:\Documentos\LaTEX\Template-Informe\UnADM\redaccion-en-contextos-virtuales\referencias-redaccion-en-contextos-virtuales\libros-redaccion-en-contextos-virtuales\Taller de lectura y redaccion_ - Leopoldo Ayala.pdf,"Escritura academica. De la teor - Juan Antonio Nunez Cortes.pdf, p. 11; Escritura academica. De la teor - Juan Antonio Nunez Cortes.pdf, p. 113; Escritura academica. De la teor - Juan Antonio Nunez Cortes.pdf, p. 14; Escritura academica. De la teor - Juan Antonio Nunez Cortes.pdf, p. 19; Escritura academica. De la teor - Juan Antonio Nunez Cortes.pdf, p. 20; Escritura academica. De la teor - Juan Antonio Nunez Cortes.pdf, p. 22; Escritura academica. De la teor - Juan Antonio Nunez Cortes.pdf, p. 24; Escritura academica. De la teor - Juan Antonio Nunez Cortes.pdf, p. 57; La escritura academica en la fo - Maria Ines Corte Vitoria.pdf, p. 12; La escritura academica en la fo - Maria Ines Corte Vitoria.pdf, p. 25; La escritura academica en la fo - Maria Ines Corte Vitoria.pdf, p. 26; La escritura academica en la fo - Maria Ines Corte Vitoria.pdf, p. 44; La escritura academica en la fo - Maria Ines Corte Vitoria.pdf, p. 49; La escritura academica en la fo - Maria Ines Corte Vitoria.pdf, p. 57; La escritura academica en la fo - Maria Ines Corte Vitoria.pdf, p. 69; La escritura academica en la fo - Maria Ines Corte Vitoria.pdf, p. 72; Taller de lectura y redaccion_ - Leopoldo Ayala.pdf, p. 185; Taller de lectura y redaccion_ - Leopoldo Ayala.pdf, p. 19; Taller de lectura y redaccion_ - Leopoldo Ayala.pdf, p. 80","La ficha presenta coincidencias útiles, pero conviene revisar la pertinencia de cada cita. Se agruparon referencias de múltiples fuentes para enriquecer el concepto. Hay 3 referencia(s) de baja similitud que podrían introducir ruido."
8,Emisor,media,0.1831,0.0978,La escritura academica en la fo - Maria Ines Corte Vitoria.pdf,pdf,p. 69,69,0.0994,tfidf=0.0894; bonus=0.0100,"prevalencia de la lengua hablada sobre la lengua escrita (Saussure, 1969). La escritura, ya lo hemos señalado en el capítulo 1, fija y objetiva el lenguaje hablado pero, al hacerlo, transforma ese lenguaje en un nuevo lenguaje que posee una existencia independiente del primero. El lenguaje escrito es menos móvil que el lenguaje oral, sus transformaciones son muy lentas y poco numerosas.",La_escritura_academica_en_la_fo___Maria_Ines_Corte_Vitoria_b72aa8e231_b0069_f001,D:\Documentos\LaTEX\Template-Informe\UnADM\redaccion-en-contextos-virtuales\referencias-redaccion-en-contextos-virtuales\libros-redaccion-en-contextos-virtuales\La escritura academica en la fo - Maria Ines Corte Vitoria.pdf,"Escritura academica. De la teor - Juan Antonio Nunez Cortes.pdf, p. 11; Escritura academica. De la teor - Juan Antonio Nunez Cortes.pdf, p. 113; Escritura academica. De la teor - Juan Antonio Nunez Cortes.pdf, p. 14; Escritura academica. De la teor - Juan Antonio Nunez Cortes.pdf, p. 19; Escritura academica. De la teor - Juan Antonio Nunez Cortes.pdf, p. 20; Escritura academica. De la teor - Juan Antonio Nunez Cortes.pdf, p. 22; Escritura academica. De la teor - Juan Antonio Nunez Cortes.pdf, p. 24; Escritura academica. De la teor - Juan Antonio Nunez Cortes.pdf, p. 57; La escritura academica en la fo - Maria Ines Corte Vitoria.pdf, p. 12; La escritura academica en la fo - Maria Ines Corte Vitoria.pdf, p. 25; La escritura academica en la fo - Maria Ines Corte Vitoria.pdf, p. 26; La escritura academica en la fo - Maria Ines Corte Vitoria.pdf, p. 44; La escritura academica en la fo - Maria Ines Corte Vitoria.pdf, p. 49; La escritura academica en la fo - Maria Ines Corte Vitoria.pdf, p. 57; La escritura academica en la fo - Maria Ines Corte Vitoria.pdf, p. 69; La escritura academica en la fo - Maria Ines Corte Vitoria.pdf, p. 72; Taller de lectura y redaccion_ - Leopoldo Ayala.pdf, p. 185; Taller de lectura y redaccion_ - Leopoldo Ayala.pdf, p. 19; Taller de lectura y redaccion_ - Leopoldo Ayala.pdf, p. 80","La ficha presenta coincidencias útiles, pero conviene revisar la pertinencia de cada cita. Se agruparon referencias de múltiples fuentes para enriquecer el concepto. Hay 3 referencia(s) de baja similitud que podrían introducir ruido."
8,Emisor,media,0.1831,0.0978,Taller de lectura y redaccion_ - Leopoldo Ayala.pdf,pdf,p. 80,80,0.0982,tfidf=0.0882; bonus=0.0100,"Si queremos decir cómo deseamos que se eduquen nuestros niños, debemos decir sin vacilación: ¡Queremos que se eduquen en el espíritu del Che! Si queremos un modelo de hombre, un modelo de hombre que no pertenece a este tiempo, un modelo de hombre que pertenece a los tiempos futuros, de corazón digo que ese modelo, sin una sola mancha en su conducta, sin una sola mancha en su actitud, sin una sola mancha en su actuación: ¡Ese modelo es el Che! Si queremos saber cómo deseamos que sean nuestros hijos, debemos decir con todo el corazón de vehementes revolu- cionarios: ¡Queremos que sean como el Che!",Taller_de_lectura_y_redaccion____Leopoldo_Ayala_c5996d4dd8_b0080_f002,D:\Documentos\LaTEX\Template-Informe\UnADM\redaccion-en-contextos-virtuales\referencias-redaccion-en-contextos-virtuales\libros-redaccion-en-contextos-virtuales\Taller de lectura y redaccion_ - Leopoldo Ayala.pdf,"Escritura academica. De la teor - Juan Antonio Nunez Cortes.pdf, p. 11; Escritura academica. De la teor - Juan Antonio Nunez Cortes.pdf, p. 113; Escritura academica. De la teor - Juan Antonio Nunez Cortes.pdf, p. 14; Escritura academica. De la teor - Juan Antonio Nunez Cortes.pdf, p. 19; Escritura academica. De la teor - Juan Antonio Nunez Cortes.pdf, p. 20; Escritura academica. De la teor - Juan Antonio Nunez Cortes.pdf, p. 22; Escritura academica. De la teor - Juan Antonio Nunez Cortes.pdf, p. 24; Escritura academica. De la teor - Juan Antonio Nunez Cortes.pdf, p. 57; La escritura academica en la fo - Maria Ines Corte Vitoria.pdf, p. 12; La escritura academica en la fo - Maria Ines Corte Vitoria.pdf, p. 25; La escritura academica en la fo - Maria Ines Corte Vitoria.pdf, p. 26; La escritura academica en la fo - Maria Ines Corte Vitoria.pdf, p. 44; La escritura academica en la fo - Maria Ines Corte Vitoria.pdf, p. 49; La escritura academica en la fo - Maria Ines Corte Vitoria.pdf, p. 57; La escritura academica en la fo - Maria Ines Corte Vitoria.pdf, p. 69; La escritura academica en la fo - Maria Ines Corte Vitoria.pdf, p. 72; Taller de lectura y redaccion_ - Leopoldo Ayala.pdf, p. 185; Taller de lectura y redaccion_ - Leopoldo Ayala.pdf, p. 19; Taller de lectura y redaccion_ - Leopoldo Ayala.pdf, p. 80","La ficha presenta coincidencias útiles, pero conviene revisar la pertinencia de cada cita. Se agruparon referencias de múltiples fuentes para enriquecer el concepto. Hay 3 referencia(s) de baja similitud que podrían introducir ruido."
8,Emisor,media,0.1831,0.0978,Escritura academica. De la teor - Juan Antonio Nunez Cortes.pdf,pdf,p. 19,19,0.0977,tfidf=0.0877; bonus=0.0100,"44). Ahora bien, entienden que pasar de un modelo a otro conlleva la reconstrucción de una estructura cognitiva y que no es un mero proceso de crecimiento. Pese a que parezca obvio, existe un gran desconocimiento por parte de los profesores, y también de las instituciones, del potencial epistémico que tiene la escritura (Carlino, 2003), aun cuando las materias se pueden y deben aprender leyendo y escribiendo textos relacionados con tales materias, entre otras actividades.",Escritura_academica__De_la_teor___Juan_Antonio_Nunez_Cortes_1a16d092a9_b0019_f002,D:\Documentos\LaTEX\Template-Informe\UnADM\redaccion-en-contextos-virtuales\referencias-redaccion-en-contextos-virtuales\libros-redaccion-en-contextos-virtuales\Escritura academica. De la teor - Juan Antonio Nunez Cortes.pdf,"Escritura academica. De la teor - Juan Antonio Nunez Cortes.pdf, p. 11; Escritura academica. De la teor - Juan Antonio Nunez Cortes.pdf, p. 113; Escritura academica. De la teor - Juan Antonio Nunez Cortes.pdf, p. 14; Escritura academica. De la teor - Juan Antonio Nunez Cortes.pdf, p. 19; Escritura academica. De la teor - Juan Antonio Nunez Cortes.pdf, p. 20; Escritura academica. De la teor - Juan Antonio Nunez Cortes.pdf, p. 22; Escritura academica. De la teor - Juan Antonio Nunez Cortes.pdf, p. 24; Escritura academica. De la teor - Juan Antonio Nunez Cortes.pdf, p. 57; La escritura academica en la fo - Maria Ines Corte Vitoria.pdf, p. 12; La escritura academica en la fo - Maria Ines Corte Vitoria.pdf, p. 25; La escritura academica en la fo - Maria Ines Corte Vitoria.pdf, p. 26; La escritura academica en la fo - Maria Ines Corte Vitoria.pdf, p. 44; La escritura academica en la fo - Maria Ines Corte Vitoria.pdf, p. 49; La escritura academica en la fo - Maria Ines Corte Vitoria.pdf, p. 57; La escritura academica en la fo - Maria Ines Corte Vitoria.pdf, p. 69; La escritura academica en la fo - Maria Ines Corte Vitoria.pdf, p. 72; Taller de lectura y redaccion_ - Leopoldo Ayala.pdf, p. 185; Taller de lectura y redaccion_ - Leopoldo Ayala.pdf, p. 19; Taller de lectura y redaccion_ - Leopoldo Ayala.pdf, p. 80","La ficha presenta coincidencias útiles, pero conviene revisar la pertinencia de cada cita. Se agruparon referencias de múltiples fuentes para enriquecer el concepto. Hay 3 referencia(s) de baja similitud que podrían introducir ruido."
8,Emisor,media,0.1831,0.0978,La escritura academica en la fo - Maria Ines Corte Vitoria.pdf,pdf,p. 12,12,0.0972,tfidf=0.0772; bonus=0.0200,"Así, la escritura se presenta con toda la complejidad del lenguaje humano, como una herramienta individual de supervivencia, como un componente de organización de la sociedad moderna y como una poderosa y peligrosa arma de elaboración de opiniones colectivas. Como escribía Benveniste (1989) «el lenguaje está en la naturaleza del hombre, aunque no sea él quien la fabricó».",La_escritura_academica_en_la_fo___Maria_Ines_Corte_Vitoria_b72aa8e231_b0012_f002,D:\Documentos\LaTEX\Template-Informe\UnADM\redaccion-en-contextos-virtuales\referencias-redaccion-en-contextos-virtuales\libros-redaccion-en-contextos-virtuales\La escritura academica en la fo - Maria Ines Corte Vitoria.pdf,"Escritura academica. De la teor - Juan Antonio Nunez Cortes.pdf, p. 11; Escritura academica. De la teor - Juan Antonio Nunez Cortes.pdf, p. 113; Escritura academica. De la teor - Juan Antonio Nunez Cortes.pdf, p. 14; Escritura academica. De la teor - Juan Antonio Nunez Cortes.pdf, p. 19; Escritura academica. De la teor - Juan Antonio Nunez Cortes.pdf, p. 20; Escritura academica. De la teor - Juan Antonio Nunez Cortes.pdf, p. 22; Escritura academica. De la teor - Juan Antonio Nunez Cortes.pdf, p. 24; Escritura academica. De la teor - Juan Antonio Nunez Cortes.pdf, p. 57; La escritura academica en la fo - Maria Ines Corte Vitoria.pdf, p. 12; La escritura academica en la fo - Maria Ines Corte Vitoria.pdf, p. 25; La escritura academica en la fo - Maria Ines Corte Vitoria.pdf, p. 26; La escritura academica en la fo - Maria Ines Corte Vitoria.pdf, p. 44; La escritura academica en la fo - Maria Ines Corte Vitoria.pdf, p. 49; La escritura academica en la fo - Maria Ines Corte Vitoria.pdf, p. 57; La escritura academica en la fo - Maria Ines Corte Vitoria.pdf, p. 69; La escritura academica en la fo - Maria Ines Corte Vitoria.pdf, p. 72; Taller de lectura y redaccion_ - Leopoldo Ayala.pdf, p. 185; Taller de lectura y redaccion_ - Leopoldo Ayala.pdf, p. 19; Taller de lectura y redaccion_ - Leopoldo Ayala.pdf, p. 80","La ficha presenta coincidencias útiles, pero conviene revisar la pertinencia de cada cita. Se agruparon referencias de múltiples fuentes para enriquecer el concepto. Hay 3 referencia(s) de baja similitud que podrían introducir ruido."
8,Emisor,media,0.1831,0.0978,La escritura academica en la fo - Maria Ines Corte Vitoria.pdf,pdf,p. 25,25,0.0942,tfidf=0.0642; bonus=0.0300,"Es cierto que la actividad de leer y escribir presupone la utilización de habilidades perceptivomotoras; que es condición necesaria a la lectura mantener intacta la habilidad lingüística con relación a sus componentes semánticos, sintácticos y morfológicos (Condemarin, 1985); y que el aprendizaje de la lectura y de la escritura presuponen el descubrimiento y la asimilación del sistema de representación del lenguaje por parte del estudiante. Todo ello nos lleva a comprender que aprender a escribir, con las exigencias que la universidad plantea, es un proceso complejo y que, por tanto, la escritura de textos académicos es un proceso largo y no exento de dificultades.",La_escritura_academica_en_la_fo___Maria_Ines_Corte_Vitoria_b72aa8e231_b0025_f003,D:\Documentos\LaTEX\Template-Informe\UnADM\redaccion-en-contextos-virtuales\referencias-redaccion-en-contextos-virtuales\libros-redaccion-en-contextos-virtuales\La escritura academica en la fo - Maria Ines Corte Vitoria.pdf,"Escritura academica. De la teor - Juan Antonio Nunez Cortes.pdf, p. 11; Escritura academica. De la teor - Juan Antonio Nunez Cortes.pdf, p. 113; Escritura academica. De la teor - Juan Antonio Nunez Cortes.pdf, p. 14; Escritura academica. De la teor - Juan Antonio Nunez Cortes.pdf, p. 19; Escritura academica. De la teor - Juan Antonio Nunez Cortes.pdf, p. 20; Escritura academica. De la teor - Juan Antonio Nunez Cortes.pdf, p. 22; Escritura academica. De la teor - Juan Antonio Nunez Cortes.pdf, p. 24; Escritura academica. De la teor - Juan Antonio Nunez Cortes.pdf, p. 57; La escritura academica en la fo - Maria Ines Corte Vitoria.pdf, p. 12; La escritura academica en la fo - Maria Ines Corte Vitoria.pdf, p. 25; La escritura academica en la fo - Maria Ines Corte Vitoria.pdf, p. 26; La escritura academica en la fo - Maria Ines Corte Vitoria.pdf, p. 44; La escritura academica en la fo - Maria Ines Corte Vitoria.pdf, p. 49; La escritura academica en la fo - Maria Ines Corte Vitoria.pdf, p. 57; La escritura academica en la fo - Maria Ines Corte Vitoria.pdf, p. 69; La escritura academica en la fo - Maria Ines Corte Vitoria.pdf, p. 72; Taller de lectura y redaccion_ - Leopoldo Ayala.pdf, p. 185; Taller de lectura y redaccion_ - Leopoldo Ayala.pdf, p. 19; Taller de lectura y redaccion_ - Leopoldo Ayala.pdf, p. 80","La ficha presenta coincidencias útiles, pero conviene revisar la pertinencia de cada cita. Se agruparon referencias de múltiples fuentes para enriquecer el concepto. Hay 3 referencia(s) de baja similitud que podrían introducir ruido."
8,Emisor,media,0.1831,0.0978,Escritura academica. De la teor - Juan Antonio Nunez Cortes.pdf,pdf,p. 11,11,0.0941,tfidf=0.0641; bonus=0.0300,"El fin último es contribuir al desarrollo de su competencia comunicativa y, en concreto, de las destrezas de expresión escrita. Es preciso señalar, también, que en el nuevo marco de enseñanzas universitarias, han proliferado asignaturas de Habilidades y Comunicación Escrita en diferentes carreras, sobre todo en las de Ciencias Sociales y Humanidades. Asimismo, son cada vez más frecuentes los talleres de escritura académica tanto en los primeros cursos de grado como aquellos que atienden a la elaboración del Trabajo de Fin de Grado, el Trabajo de Fin de Máster y la tesis doctoral.",Escritura_academica__De_la_teor___Juan_Antonio_Nunez_Cortes_1a16d092a9_b0011_f001,D:\Documentos\LaTEX\Template-Informe\UnADM\redaccion-en-contextos-virtuales\referencias-redaccion-en-contextos-virtuales\libros-redaccion-en-contextos-virtuales\Escritura academica. De la teor - Juan Antonio Nunez Cortes.pdf,"Escritura academica. De la teor - Juan Antonio Nunez Cortes.pdf, p. 11; Escritura academica. De la teor - Juan Antonio Nunez Cortes.pdf, p. 113; Escritura academica. De la teor - Juan Antonio Nunez Cortes.pdf, p. 14; Escritura academica. De la teor - Juan Antonio Nunez Cortes.pdf, p. 19; Escritura academica. De la teor - Juan Antonio Nunez Cortes.pdf, p. 20; Escritura academica. De la teor - Juan Antonio Nunez Cortes.pdf, p. 22; Escritura academica. De la teor - Juan Antonio Nunez Cortes.pdf, p. 24; Escritura academica. De la teor - Juan Antonio Nunez Cortes.pdf, p. 57; La escritura academica en la fo - Maria Ines Corte Vitoria.pdf, p. 12; La escritura academica en la fo - Maria Ines Corte Vitoria.pdf, p. 25; La escritura academica en la fo - Maria Ines Corte Vitoria.pdf, p. 26; La escritura academica en la fo - Maria Ines Corte Vitoria.pdf, p. 44; La escritura academica en la fo - Maria Ines Corte Vitoria.pdf, p. 49; La escritura academica en la fo - Maria Ines Corte Vitoria.pdf, p. 57; La escritura academica en la fo - Maria Ines Corte Vitoria.pdf, p. 69; La escritura academica en la fo - Maria Ines Corte Vitoria.pdf, p. 72; Taller de lectura y redaccion_ - Leopoldo Ayala.pdf, p. 185; Taller de lectura y redaccion_ - Leopoldo Ayala.pdf, p. 19; Taller de lectura y redaccion_ - Leopoldo Ayala.pdf, p. 80","La ficha presenta coincidencias útiles, pero conviene revisar la pertinencia de cada cita. Se agruparon referencias de múltiples fuentes para enriquecer el concepto. Hay 3 referencia(s) de baja similitud que podrían introducir ruido."
8,Emisor,media,0.1831,0.0978,Taller de lectura y redaccion_ - Leopoldo Ayala.pdf,pdf,p. 19,19,0.0886,tfidf=0.0786; bonus=0.0100,"Por eso es un lenguaje-comunicación. El lengua- je del hombre es infinitamente superior, cuenta con progresos como la electró- nica, la cibernética, la psicología, etc., que le permiten descifrar los mecanis- mos más profundos del lenguaje. El lenguaje articulado y organizado constituye la lengua.",Taller_de_lectura_y_redaccion____Leopoldo_Ayala_c5996d4dd8_b0019_f001,D:\Documentos\LaTEX\Template-Informe\UnADM\redaccion-en-contextos-virtuales\referencias-redaccion-en-contextos-virtuales\libros-redaccion-en-contextos-virtuales\Taller de lectura y redaccion_ - Leopoldo Ayala.pdf,"Escritura academica. De la teor - Juan Antonio Nunez Cortes.pdf, p. 11; Escritura academica. De la teor - Juan Antonio Nunez Cortes.pdf, p. 113; Escritura academica. De la teor - Juan Antonio Nunez Cortes.pdf, p. 14; Escritura academica. De la teor - Juan Antonio Nunez Cortes.pdf, p. 19; Escritura academica. De la teor - Juan Antonio Nunez Cortes.pdf, p. 20; Escritura academica. De la teor - Juan Antonio Nunez Cortes.pdf, p. 22; Escritura academica. De la teor - Juan Antonio Nunez Cortes.pdf, p. 24; Escritura academica. De la teor - Juan Antonio Nunez Cortes.pdf, p. 57; La escritura academica en la fo - Maria Ines Corte Vitoria.pdf, p. 12; La escritura academica en la fo - Maria Ines Corte Vitoria.pdf, p. 25; La escritura academica en la fo - Maria Ines Corte Vitoria.pdf, p. 26; La escritura academica en la fo - Maria Ines Corte Vitoria.pdf, p. 44; La escritura academica en la fo - Maria Ines Corte Vitoria.pdf, p. 49; La escritura academica en la fo - Maria Ines Corte Vitoria.pdf, p. 57; La escritura academica en la fo - Maria Ines Corte Vitoria.pdf, p. 69; La escritura academica en la fo - Maria Ines Corte Vitoria.pdf, p. 72; Taller de lectura y redaccion_ - Leopoldo Ayala.pdf, p. 185; Taller de lectura y redaccion_ - Leopoldo Ayala.pdf, p. 19; Taller de lectura y redaccion_ - Leopoldo Ayala.pdf, p. 80","La ficha presenta coincidencias útiles, pero conviene revisar la pertinencia de cada cita. Se agruparon referencias de múltiples fuentes para enriquecer el concepto. Hay 3 referencia(s) de baja similitud que podrían introducir ruido."
8,Emisor,media,0.1831,0.0978,Escritura academica. De la teor - Juan Antonio Nunez Cortes.pdf,pdf,p. 20,20,0.0881,tfidf=0.0681; bonus=0.0200,"Estas se pueden incluir, en general, en cuatro grandes estrategias: análisis de la situación de comunicación, planificación, redacción o textualización y revisión. En cuanto al análisis de la situación de comunicación, o problema retórico para Flower y Hayes, algunas de las habilidades consideradas son: poder formular con pocas palabras el objetivo de una comunicación escrita, tener en cuenta que el lector del texto tiene unas características concretas y reflexionar sobre lo que se quiere decir.",Escritura_academica__De_la_teor___Juan_Antonio_Nunez_Cortes_1a16d092a9_b0020_f001,D:\Documentos\LaTEX\Template-Informe\UnADM\redaccion-en-contextos-virtuales\referencias-redaccion-en-contextos-virtuales\libros-redaccion-en-contextos-virtuales\Escritura academica. De la teor - Juan Antonio Nunez Cortes.pdf,"Escritura academica. De la teor - Juan Antonio Nunez Cortes.pdf, p. 11; Escritura academica. De la teor - Juan Antonio Nunez Cortes.pdf, p. 113; Escritura academica. De la teor - Juan Antonio Nunez Cortes.pdf, p. 14; Escritura academica. De la teor - Juan Antonio Nunez Cortes.pdf, p. 19; Escritura academica. De la teor - Juan Antonio Nunez Cortes.pdf, p. 20; Escritura academica. De la teor - Juan Antonio Nunez Cortes.pdf, p. 22; Escritura academica. De la teor - Juan Antonio Nunez Cortes.pdf, p. 24; Escritura academica. De la teor - Juan Antonio Nunez Cortes.pdf, p. 57; La escritura academica en la fo - Maria Ines Corte Vitoria.pdf, p. 12; La escritura academica en la fo - Maria Ines Corte Vitoria.pdf, p. 25; La escritura academica en la fo - Maria Ines Corte Vitoria.pdf, p. 26; La escritura academica en la fo - Maria Ines Corte Vitoria.pdf, p. 44; La escritura academica en la fo - Maria Ines Corte Vitoria.pdf, p. 49; La escritura academica en la fo - Maria Ines Corte Vitoria.pdf, p. 57; La escritura academica en la fo - Maria Ines Corte Vitoria.pdf, p. 69; La escritura academica en la fo - Maria Ines Corte Vitoria.pdf, p. 72; Taller de lectura y redaccion_ - Leopoldo Ayala.pdf, p. 185; Taller de lectura y redaccion_ - Leopoldo Ayala.pdf, p. 19; Taller de lectura y redaccion_ - Leopoldo Ayala.pdf, p. 80","La ficha presenta coincidencias útiles, pero conviene revisar la pertinencia de cada cita. Se agruparon referencias de múltiples fuentes para enriquecer el concepto. Hay 3 referencia(s) de baja similitud que podrían introducir ruido."
8,Emisor,media,0.1831,0.0978,Escritura academica. De la teor - Juan Antonio Nunez Cortes.pdf,pdf,p. 113,113,0.0864,tfidf=0.0664; bonus=0.0200,"Complete las analogías sugeridas por el texto a través de explicitar posibles prolongaciones alusivas de las metáforas utilizadas: Medicar solo para paliar los síntomas es a la verdadera medicina/cura lo que …………………… 5.6.2. La definición como técnica argumentativa El uso de la definición como técnica argumentativa es observable cuando el argumentador, de todas las definiciones posibles acerca de un mismo concepto, selecciona una que servirá para validar su hipótesis y se orienta a un determinado razonamiento. En el texto puede observarse su uso en el párrafo 4: el autor define al capitalismo como un modelo basado exclusivamente en la acumulación continua e infinita del capital.",Escritura_academica__De_la_teor___Juan_Antonio_Nunez_Cortes_1a16d092a9_b0113_f002,D:\Documentos\LaTEX\Template-Informe\UnADM\redaccion-en-contextos-virtuales\referencias-redaccion-en-contextos-virtuales\libros-redaccion-en-contextos-virtuales\Escritura academica. De la teor - Juan Antonio Nunez Cortes.pdf,"Escritura academica. De la teor - Juan Antonio Nunez Cortes.pdf, p. 11; Escritura academica. De la teor - Juan Antonio Nunez Cortes.pdf, p. 113; Escritura academica. De la teor - Juan Antonio Nunez Cortes.pdf, p. 14; Escritura academica. De la teor - Juan Antonio Nunez Cortes.pdf, p. 19; Escritura academica. De la teor - Juan Antonio Nunez Cortes.pdf, p. 20; Escritura academica. De la teor - Juan Antonio Nunez Cortes.pdf, p. 22; Escritura academica. De la teor - Juan Antonio Nunez Cortes.pdf, p. 24; Escritura academica. De la teor - Juan Antonio Nunez Cortes.pdf, p. 57; La escritura academica en la fo - Maria Ines Corte Vitoria.pdf, p. 12; La escritura academica en la fo - Maria Ines Corte Vitoria.pdf, p. 25; La escritura academica en la fo - Maria Ines Corte Vitoria.pdf, p. 26; La escritura academica en la fo - Maria Ines Corte Vitoria.pdf, p. 44; La escritura academica en la fo - Maria Ines Corte Vitoria.pdf, p. 49; La escritura academica en la fo - Maria Ines Corte Vitoria.pdf, p. 57; La escritura academica en la fo - Maria Ines Corte Vitoria.pdf, p. 69; La escritura academica en la fo - Maria Ines Corte Vitoria.pdf, p. 72; Taller de lectura y redaccion_ - Leopoldo Ayala.pdf, p. 185; Taller de lectura y redaccion_ - Leopoldo Ayala.pdf, p. 19; Taller de lectura y redaccion_ - Leopoldo Ayala.pdf, p. 80","La ficha presenta coincidencias útiles, pero conviene revisar la pertinencia de cada cita. Se agruparon referencias de múltiples fuentes para enriquecer el concepto. Hay 3 referencia(s) de baja similitud que podrían introducir ruido."
8,Emisor,media,0.1831,0.0978,La escritura academica en la fo - Maria Ines Corte Vitoria.pdf,pdf,p. 57,57,0.0847,tfidf=0.0547; bonus=0.0300,"Estos requisitos se pueden traducir de manera directa en la exigencia de mayor calidad y cantidad de publicaciones y en la obtención de proyectos de investigación. Ambas son actividades que dependen esencialmente de la comunicación escrita. Consideramos imprescindible tomar conciencia de que la escritura no es la simple transcripción de saberes, sino un complejo proceso de construcción de ideas.",La_escritura_academica_en_la_fo___Maria_Ines_Corte_Vitoria_b72aa8e231_b0057_f002,D:\Documentos\LaTEX\Template-Informe\UnADM\redaccion-en-contextos-virtuales\referencias-redaccion-en-contextos-virtuales\libros-redaccion-en-contextos-virtuales\La escritura academica en la fo - Maria Ines Corte Vitoria.pdf,"Escritura academica. De la teor - Juan Antonio Nunez Cortes.pdf, p. 11; Escritura academica. De la teor - Juan Antonio Nunez Cortes.pdf, p. 113; Escritura academica. De la teor - Juan Antonio Nunez Cortes.pdf, p. 14; Escritura academica. De la teor - Juan Antonio Nunez Cortes.pdf, p. 19; Escritura academica. De la teor - Juan Antonio Nunez Cortes.pdf, p. 20; Escritura academica. De la teor - Juan Antonio Nunez Cortes.pdf, p. 22; Escritura academica. De la teor - Juan Antonio Nunez Cortes.pdf, p. 24; Escritura academica. De la teor - Juan Antonio Nunez Cortes.pdf, p. 57; La escritura academica en la fo - Maria Ines Corte Vitoria.pdf, p. 12; La escritura academica en la fo - Maria Ines Corte Vitoria.pdf, p. 25; La escritura academica en la fo - Maria Ines Corte Vitoria.pdf, p. 26; La escritura academica en la fo - Maria Ines Corte Vitoria.pdf, p. 44; La escritura academica en la fo - Maria Ines Corte Vitoria.pdf, p. 49; La escritura academica en la fo - Maria Ines Corte Vitoria.pdf, p. 57; La escritura academica en la fo - Maria Ines Corte Vitoria.pdf, p. 69; La escritura academica en la fo - Maria Ines Corte Vitoria.pdf, p. 72; Taller de lectura y redaccion_ - Leopoldo Ayala.pdf, p. 185; Taller de lectura y redaccion_ - Leopoldo Ayala.pdf, p. 19; Taller de lectura y redaccion_ - Leopoldo Ayala.pdf, p. 80","La ficha presenta coincidencias útiles, pero conviene revisar la pertinencia de cada cita. Se agruparon referencias de múltiples fuentes para enriquecer el concepto. Hay 3 referencia(s) de baja similitud que podrían introducir ruido."
8,Emisor,media,0.1831,0.0978,La escritura academica en la fo - Maria Ines Corte Vitoria.pdf,pdf,p. 49,49,0.0834,tfidf=0.0634; bonus=0.0200,"Si pensamos en el sentido y en la naturaleza de la escritura como producto cultural, debemos recordar que también sirve para comunicar, difundir ideas, conocimientos, pareceres, reflexiones y análisis que no siempre pueden vehicularse a través de modelos herméticos o protocolares. Por eso, es necesario subrayar que la escrita académica es un género de escritura que une el rigor del lenguaje científico con los recursos típicos del lenguaje escrito para constituirse como una escritura que combina contenido y estructura formal. No se trata, pues, de analizar solo lo que el estudiante escribe, sino también cómo lo escribe.",La_escritura_academica_en_la_fo___Maria_Ines_Corte_Vitoria_b72aa8e231_b0049_f001,D:\Documentos\LaTEX\Template-Informe\UnADM\redaccion-en-contextos-virtuales\referencias-redaccion-en-contextos-virtuales\libros-redaccion-en-contextos-virtuales\La escritura academica en la fo - Maria Ines Corte Vitoria.pdf,"Escritura academica. De la teor - Juan Antonio Nunez Cortes.pdf, p. 11; Escritura academica. De la teor - Juan Antonio Nunez Cortes.pdf, p. 113; Escritura academica. De la teor - Juan Antonio Nunez Cortes.pdf, p. 14; Escritura academica. De la teor - Juan Antonio Nunez Cortes.pdf, p. 19; Escritura academica. De la teor - Juan Antonio Nunez Cortes.pdf, p. 20; Escritura academica. De la teor - Juan Antonio Nunez Cortes.pdf, p. 22; Escritura academica. De la teor - Juan Antonio Nunez Cortes.pdf, p. 24; Escritura academica. De la teor - Juan Antonio Nunez Cortes.pdf, p. 57; La escritura academica en la fo - Maria Ines Corte Vitoria.pdf, p. 12; La escritura academica en la fo - Maria Ines Corte Vitoria.pdf, p. 25; La escritura academica en la fo - Maria Ines Corte Vitoria.pdf, p. 26; La escritura academica en la fo - Maria Ines Corte Vitoria.pdf, p. 44; La escritura academica en la fo - Maria Ines Corte Vitoria.pdf, p. 49; La escritura academica en la fo - Maria Ines Corte Vitoria.pdf, p. 57; La escritura academica en la fo - Maria Ines Corte Vitoria.pdf, p. 69; La escritura academica en la fo - Maria Ines Corte Vitoria.pdf, p. 72; Taller de lectura y redaccion_ - Leopoldo Ayala.pdf, p. 185; Taller de lectura y redaccion_ - Leopoldo Ayala.pdf, p. 19; Taller de lectura y redaccion_ - Leopoldo Ayala.pdf, p. 80","La ficha presenta coincidencias útiles, pero conviene revisar la pertinencia de cada cita. Se agruparon referencias de múltiples fuentes para enriquecer el concepto. Hay 3 referencia(s) de baja similitud que podrían introducir ruido."
8,Emisor,media,0.1831,0.0978,Escritura academica. De la teor - Juan Antonio Nunez Cortes.pdf,pdf,p. 14,14,0.0825,tfidf=0.0625; bonus=0.0200,"Frente a esto, otras acepciones de lenguaje se centraron en entenderlo como sinónimo de lengua o producto social, y como término que simplemente hacía referencia a un sistema de signos, con independencia de que estos fueran lingüísticos o no. Al considerar que el lenguaje es una capacidad se obvia la discusión de que sea algo que se pueda aprender u olvidar —esto es la lengua, el producto social de la facultad del lenguaje—, y se pone el foco de atención en su desarrollo. El lenguaje entendido, pues, como capacidad en desarrollo conlleva la idea de proceso permanente.",Escritura_academica__De_la_teor___Juan_Antonio_Nunez_Cortes_1a16d092a9_b0014_f003,D:\Documentos\LaTEX\Template-Informe\UnADM\redaccion-en-contextos-virtuales\referencias-redaccion-en-contextos-virtuales\libros-redaccion-en-contextos-virtuales\Escritura academica. De la teor - Juan Antonio Nunez Cortes.pdf,"Escritura academica. De la teor - Juan Antonio Nunez Cortes.pdf, p. 11; Escritura academica. De la teor - Juan Antonio Nunez Cortes.pdf, p. 113; Escritura academica. De la teor - Juan Antonio Nunez Cortes.pdf, p. 14; Escritura academica. De la teor - Juan Antonio Nunez Cortes.pdf, p. 19; Escritura academica. De la teor - Juan Antonio Nunez Cortes.pdf, p. 20; Escritura academica. De la teor - Juan Antonio Nunez Cortes.pdf, p. 22; Escritura academica. De la teor - Juan Antonio Nunez Cortes.pdf, p. 24; Escritura academica. De la teor - Juan Antonio Nunez Cortes.pdf, p. 57; La escritura academica en la fo - Maria Ines Corte Vitoria.pdf, p. 12; La escritura academica en la fo - Maria Ines Corte Vitoria.pdf, p. 25; La escritura academica en la fo - Maria Ines Corte Vitoria.pdf, p. 26; La escritura academica en la fo - Maria Ines Corte Vitoria.pdf, p. 44; La escritura academica en la fo - Maria Ines Corte Vitoria.pdf, p. 49; La escritura academica en la fo - Maria Ines Corte Vitoria.pdf, p. 57; La escritura academica en la fo - Maria Ines Corte Vitoria.pdf, p. 69; La escritura academica en la fo - Maria Ines Corte Vitoria.pdf, p. 72; Taller de lectura y redaccion_ - Leopoldo Ayala.pdf, p. 185; Taller de lectura y redaccion_ - Leopoldo Ayala.pdf, p. 19; Taller de lectura y redaccion_ - Leopoldo Ayala.pdf, p. 80","La ficha presenta coincidencias útiles, pero conviene revisar la pertinencia de cada cita. Se agruparon referencias de múltiples fuentes para enriquecer el concepto. Hay 3 referencia(s) de baja similitud que podrían introducir ruido."
8,Emisor,media,0.1831,0.0978,Escritura academica. De la teor - Juan Antonio Nunez Cortes.pdf,pdf,p. 24,24,0.077,tfidf=0.0670; bonus=0.0100,"no solo son procesos cognitivos o actos de (des)codificación, sino también tareas sociales, prácticas culturales enraizadas históricamente en una comunidad de hablantes. Además de",Escritura_academica__De_la_teor___Juan_Antonio_Nunez_Cortes_1a16d092a9_b0024_f003,D:\Documentos\LaTEX\Template-Informe\UnADM\redaccion-en-contextos-virtuales\referencias-redaccion-en-contextos-virtuales\libros-redaccion-en-contextos-virtuales\Escritura academica. De la teor - Juan Antonio Nunez Cortes.pdf,"Escritura academica. De la teor - Juan Antonio Nunez Cortes.pdf, p. 11; Escritura academica. De la teor - Juan Antonio Nunez Cortes.pdf, p. 113; Escritura academica. De la teor - Juan Antonio Nunez Cortes.pdf, p. 14; Escritura academica. De la teor - Juan Antonio Nunez Cortes.pdf, p. 19; Escritura academica. De la teor - Juan Antonio Nunez Cortes.pdf, p. 20; Escritura academica. De la teor - Juan Antonio Nunez Cortes.pdf, p. 22; Escritura academica. De la teor - Juan Antonio Nunez Cortes.pdf, p. 24; Escritura academica. De la teor - Juan Antonio Nunez Cortes.pdf, p. 57; La escritura academica en la fo - Maria Ines Corte Vitoria.pdf, p. 12; La escritura academica en la fo - Maria Ines Corte Vitoria.pdf, p. 25; La escritura academica en la fo - Maria Ines Corte Vitoria.pdf, p. 26; La escritura academica en la fo - Maria Ines Corte Vitoria.pdf, p. 44; La escritura academica en la fo - Maria Ines Corte Vitoria.pdf, p. 49; La escritura academica en la fo - Maria Ines Corte Vitoria.pdf, p. 57; La escritura academica en la fo - Maria Ines Corte Vitoria.pdf, p. 69; La escritura academica en la fo - Maria Ines Corte Vitoria.pdf, p. 72; Taller de lectura y redaccion_ - Leopoldo Ayala.pdf, p. 185; Taller de lectura y redaccion_ - Leopoldo Ayala.pdf, p. 19; Taller de lectura y redaccion_ - Leopoldo Ayala.pdf, p. 80","La ficha presenta coincidencias útiles, pero conviene revisar la pertinencia de cada cita. Se agruparon referencias de múltiples fuentes para enriquecer el concepto. Hay 3 referencia(s) de baja similitud que podrían introducir ruido."
8,Emisor,media,0.1831,0.0978,La escritura academica en la fo - Maria Ines Corte Vitoria.pdf,pdf,p. 72,72,0.07,tfidf=0.0000; bonus=0.0700,"La selección de los términos debe ser la apropiada para cada caso. Una misma noticia, vehiculada por una revista especializada o por una emisora de televisión, tendrá redacción y vocabulario distintos. De esta manera, las mejores palabras son las más eficaces, no las más adornadas.",La_escritura_academica_en_la_fo___Maria_Ines_Corte_Vitoria_b72aa8e231_b0072_f001,D:\Documentos\LaTEX\Template-Informe\UnADM\redaccion-en-contextos-virtuales\referencias-redaccion-en-contextos-virtuales\libros-redaccion-en-contextos-virtuales\La escritura academica en la fo - Maria Ines Corte Vitoria.pdf,"Escritura academica. De la teor - Juan Antonio Nunez Cortes.pdf, p. 11; Escritura academica. De la teor - Juan Antonio Nunez Cortes.pdf, p. 113; Escritura academica. De la teor - Juan Antonio Nunez Cortes.pdf, p. 14; Escritura academica. De la teor - Juan Antonio Nunez Cortes.pdf, p. 19; Escritura academica. De la teor - Juan Antonio Nunez Cortes.pdf, p. 20; Escritura academica. De la teor - Juan Antonio Nunez Cortes.pdf, p. 22; Escritura academica. De la teor - Juan Antonio Nunez Cortes.pdf, p. 24; Escritura academica. De la teor - Juan Antonio Nunez Cortes.pdf, p. 57; La escritura academica en la fo - Maria Ines Corte Vitoria.pdf, p. 12; La escritura academica en la fo - Maria Ines Corte Vitoria.pdf, p. 25; La escritura academica en la fo - Maria Ines Corte Vitoria.pdf, p. 26; La escritura academica en la fo - Maria Ines Corte Vitoria.pdf, p. 44; La escritura academica en la fo - Maria Ines Corte Vitoria.pdf, p. 49; La escritura academica en la fo - Maria Ines Corte Vitoria.pdf, p. 57; La escritura academica en la fo - Maria Ines Corte Vitoria.pdf, p. 69; La escritura academica en la fo - Maria Ines Corte Vitoria.pdf, p. 72; Taller de lectura y redaccion_ - Leopoldo Ayala.pdf, p. 185; Taller de lectura y redaccion_ - Leopoldo Ayala.pdf, p. 19; Taller de lectura y redaccion_ - Leopoldo Ayala.pdf, p. 80","La ficha presenta coincidencias útiles, pero conviene revisar la pertinencia de cada cita. Se agruparon referencias de múltiples fuentes para enriquecer el concepto. Hay 3 referencia(s) de baja similitud que podrían introducir ruido."
8,Emisor,media,0.1831,0.0978,La escritura academica en la fo - Maria Ines Corte Vitoria.pdf,pdf,p. 26,26,0.0606,tfidf=0.0406; bonus=0.0200,"La mayoría de las personas nacen con la capacidad de aprender el lenguaje, pero no todas desarrollan de igual manera su dominio del idioma materno. Y es posible que en algunas situaciones notemos que no tenemos el control sobre las palabras; que nuestra inteligencia lingüística no está suficientemente desarrollada como requiere el contexto. Justamente por esto es importante considerar la inteligencia lingüística como una capacidad que se va construyendo a través de procesos con picos y valles: considerando su nivel en cada momento o situación, podemos saber hasta qué punto somos hábiles haciéndonos entender y entendiendo lo que nos dicen, sea en la oralidad, sea en la escritura.",La_escritura_academica_en_la_fo___Maria_Ines_Corte_Vitoria_b72aa8e231_b0026_f002,D:\Documentos\LaTEX\Template-Informe\UnADM\redaccion-en-contextos-virtuales\referencias-redaccion-en-contextos-virtuales\libros-redaccion-en-contextos-virtuales\La escritura academica en la fo - Maria Ines Corte Vitoria.pdf,"Escritura academica. De la teor - Juan Antonio Nunez Cortes.pdf, p. 11; Escritura academica. De la teor - Juan Antonio Nunez Cortes.pdf, p. 113; Escritura academica. De la teor - Juan Antonio Nunez Cortes.pdf, p. 14; Escritura academica. De la teor - Juan Antonio Nunez Cortes.pdf, p. 19; Escritura academica. De la teor - Juan Antonio Nunez Cortes.pdf, p. 20; Escritura academica. De la teor - Juan Antonio Nunez Cortes.pdf, p. 22; Escritura academica. De la teor - Juan Antonio Nunez Cortes.pdf, p. 24; Escritura academica. De la teor - Juan Antonio Nunez Cortes.pdf, p. 57; La escritura academica en la fo - Maria Ines Corte Vitoria.pdf, p. 12; La escritura academica en la fo - Maria Ines Corte Vitoria.pdf, p. 25; La escritura academica en la fo - Maria Ines Corte Vitoria.pdf, p. 26; La escritura academica en la fo - Maria Ines Corte Vitoria.pdf, p. 44; La escritura academica en la fo - Maria Ines Corte Vitoria.pdf, p. 49; La escritura academica en la fo - Maria Ines Corte Vitoria.pdf, p. 57; La escritura academica en la fo - Maria Ines Corte Vitoria.pdf, p. 69; La escritura academica en la fo - Maria Ines Corte Vitoria.pdf, p. 72; Taller de lectura y redaccion_ - Leopoldo Ayala.pdf, p. 185; Taller de lectura y redaccion_ - Leopoldo Ayala.pdf, p. 19; Taller de lectura y redaccion_ - Leopoldo Ayala.pdf, p. 80","La ficha presenta coincidencias útiles, pero conviene revisar la pertinencia de cada cita. Se agruparon referencias de múltiples fuentes para enriquecer el concepto. Hay 3 referencia(s) de baja similitud que podrían introducir ruido."
9,Mensaje,media,0.1439,0.0993,Taller de lectura y redaccion_ - Leopoldo Ayala.pdf,pdf,p. 185,185,0.1439,tfidf=0.0739; bonus=0.0700,"La obra es el medio a través del cual el autor se comunica con el lector que es el receptor de su mensaje. Tiene función paralela a otros medios de comunicación como el cine de arte, la televisión cultural y el teatro.",Taller_de_lectura_y_redaccion____Leopoldo_Ayala_c5996d4dd8_b0185_f002,D:\Documentos\LaTEX\Template-Informe\UnADM\redaccion-en-contextos-virtuales\referencias-redaccion-en-contextos-virtuales\libros-redaccion-en-contextos-virtuales\Taller de lectura y redaccion_ - Leopoldo Ayala.pdf,"Escritura academica. De la teor - Juan Antonio Nunez Cortes.pdf, p. 11; Escritura academica. De la teor - Juan Antonio Nunez Cortes.pdf, p. 19; Escritura academica. De la teor - Juan Antonio Nunez Cortes.pdf, p. 25; La escritura academica en la fo - Maria Ines Corte Vitoria.pdf, p. 106; La escritura academica en la fo - Maria Ines Corte Vitoria.pdf, p. 12; La escritura academica en la fo - Maria Ines Corte Vitoria.pdf, p. 13; La escritura academica en la fo - Maria Ines Corte Vitoria.pdf, p. 42; La escritura academica en la fo - Maria Ines Corte Vitoria.pdf, p. 44; La escritura academica en la fo - Maria Ines Corte Vitoria.pdf, p. 46; La escritura academica en la fo - Maria Ines Corte Vitoria.pdf, p. 54; La escritura academica en la fo - Maria Ines Corte Vitoria.pdf, p. 69; La escritura academica en la fo - Maria Ines Corte Vitoria.pdf, p. 70; La escritura academica en la fo - Maria Ines Corte Vitoria.pdf, p. 71; La escritura academica en la fo - Maria Ines Corte Vitoria.pdf, p. 87; La escritura academica en la fo - Maria Ines Corte Vitoria.pdf, p. 9; Taller de lectura y redaccion_ - Leopoldo Ayala.pdf, p. 185; Taller de lectura y redaccion_ - Leopoldo Ayala.pdf, p. 19; Taller de lectura y redaccion_ - Leopoldo Ayala.pdf, p. 27; Taller de lectura y redaccion_ - Leopoldo Ayala.pdf, p. 28; Taller de lectura y redaccion_ - Leopoldo Ayala.pdf, p. 29; Taller de lectura y redaccion_ - Leopoldo Ayala.pdf, p. 68; Taller de lectura y redaccion_ - Leopoldo Ayala.pdf, p. 80","La ficha presenta coincidencias útiles, pero conviene revisar la pertinencia de cada cita. Se agruparon referencias de múltiples fuentes para enriquecer el concepto. Hay 9 referencia(s) de baja similitud que podrían introducir ruido."
9,Mensaje,media,0.1439,0.0993,Taller de lectura y redaccion_ - Leopoldo Ayala.pdf,pdf,p. 19,19,0.1382,tfidf=0.1182; bonus=0.0200,EL LENGUAJE COMO MEDIO DE COMUNICACIÓN Las especies humana y animal se diferencian por el tipo de lenguaje que em- plean. En este capítulo abordaremos el lenguaje humano.,Taller_de_lectura_y_redaccion____Leopoldo_Ayala_c5996d4dd8_b0019_f001,D:\Documentos\LaTEX\Template-Informe\UnADM\redaccion-en-contextos-virtuales\referencias-redaccion-en-contextos-virtuales\libros-redaccion-en-contextos-virtuales\Taller de lectura y redaccion_ - Leopoldo Ayala.pdf,"Escritura academica. De la teor - Juan Antonio Nunez Cortes.pdf, p. 11; Escritura academica. De la teor - Juan Antonio Nunez Cortes.pdf, p. 19; Escritura academica. De la teor - Juan Antonio Nunez Cortes.pdf, p. 25; La escritura academica en la fo - Maria Ines Corte Vitoria.pdf, p. 106; La escritura academica en la fo - Maria Ines Corte Vitoria.pdf, p. 12; La escritura academica en la fo - Maria Ines Corte Vitoria.pdf, p. 13; La escritura academica en la fo - Maria Ines Corte Vitoria.pdf, p. 42; La escritura academica en la fo - Maria Ines Corte Vitoria.pdf, p. 44; La escritura academica en la fo - Maria Ines Corte Vitoria.pdf, p. 46; La escritura academica en la fo - Maria Ines Corte Vitoria.pdf, p. 54; La escritura academica en la fo - Maria Ines Corte Vitoria.pdf, p. 69; La escritura academica en la fo - Maria Ines Corte Vitoria.pdf, p. 70; La escritura academica en la fo - Maria Ines Corte Vitoria.pdf, p. 71; La escritura academica en la fo - Maria Ines Corte Vitoria.pdf, p. 87; La escritura academica en la fo - Maria Ines Corte Vitoria.pdf, p. 9; Taller de lectura y redaccion_ - Leopoldo Ayala.pdf, p. 185; Taller de lectura y redaccion_ - Leopoldo Ayala.pdf, p. 19; Taller de lectura y redaccion_ - Leopoldo Ayala.pdf, p. 27; Taller de lectura y redaccion_ - Leopoldo Ayala.pdf, p. 28; Taller de lectura y redaccion_ - Leopoldo Ayala.pdf, p. 29; Taller de lectura y redaccion_ - Leopoldo Ayala.pdf, p. 68; Taller de lectura y redaccion_ - Leopoldo Ayala.pdf, p. 80","La ficha presenta coincidencias útiles, pero conviene revisar la pertinencia de cada cita. Se agruparon referencias de múltiples fuentes para enriquecer el concepto. Hay 9 referencia(s) de baja similitud que podrían introducir ruido."
9,Mensaje,media,0.1439,0.0993,Escritura academica. De la teor - Juan Antonio Nunez Cortes.pdf,pdf,p. 25,25,0.1359,tfidf=0.0659; bonus=0.0700,"a) Utilizar el contexto para dar significado a las palabras que se desconocen. b) Elegir el significado de una palabra según el contexto. c) Utilizar el diccionario. d) Pasar por alto palabras nuevas que no son importantes para entender un texto. e) Entender el mensaje global. f) Buscar y encontrar información específica. g) Discriminar las ideas importantes de las secundarias o irrelevantes. h) Comprender el texto con todos sus detalles. i) Seguir la organización de un texto o de un libro. j) Identificar la/s idea/s principal/es. k) Leer entre líneas, es decir, comprender ideas no formuladas explícitamente. l) Reconocer la intención del autor del texto.",Escritura_academica__De_la_teor___Juan_Antonio_Nunez_Cortes_1a16d092a9_b0025_f002,D:\Documentos\LaTEX\Template-Informe\UnADM\redaccion-en-contextos-virtuales\referencias-redaccion-en-contextos-virtuales\libros-redaccion-en-contextos-virtuales\Escritura academica. De la teor - Juan Antonio Nunez Cortes.pdf,"Escritura academica. De la teor - Juan Antonio Nunez Cortes.pdf, p. 11; Escritura academica. De la teor - Juan Antonio Nunez Cortes.pdf, p. 19; Escritura academica. De la teor - Juan Antonio Nunez Cortes.pdf, p. 25; La escritura academica en la fo - Maria Ines Corte Vitoria.pdf, p. 106; La escritura academica en la fo - Maria Ines Corte Vitoria.pdf, p. 12; La escritura academica en la fo - Maria Ines Corte Vitoria.pdf, p. 13; La escritura academica en la fo - Maria Ines Corte Vitoria.pdf, p. 42; La escritura academica en la fo - Maria Ines Corte Vitoria.pdf, p. 44; La escritura academica en la fo - Maria Ines Corte Vitoria.pdf, p. 46; La escritura academica en la fo - Maria Ines Corte Vitoria.pdf, p. 54; La escritura academica en la fo - Maria Ines Corte Vitoria.pdf, p. 69; La escritura academica en la fo - Maria Ines Corte Vitoria.pdf, p. 70; La escritura academica en la fo - Maria Ines Corte Vitoria.pdf, p. 71; La escritura academica en la fo - Maria Ines Corte Vitoria.pdf, p. 87; La escritura academica en la fo - Maria Ines Corte Vitoria.pdf, p. 9; Taller de lectura y redaccion_ - Leopoldo Ayala.pdf, p. 185; Taller de lectura y redaccion_ - Leopoldo Ayala.pdf, p. 19; Taller de lectura y redaccion_ - Leopoldo Ayala.pdf, p. 27; Taller de lectura y redaccion_ - Leopoldo Ayala.pdf, p. 28; Taller de lectura y redaccion_ - Leopoldo Ayala.pdf, p. 29; Taller de lectura y redaccion_ - Leopoldo Ayala.pdf, p. 68; Taller de lectura y redaccion_ - Leopoldo Ayala.pdf, p. 80","La ficha presenta coincidencias útiles, pero conviene revisar la pertinencia de cada cita. Se agruparon referencias de múltiples fuentes para enriquecer el concepto. Hay 9 referencia(s) de baja similitud que podrían introducir ruido."
9,Mensaje,media,0.1439,0.0993,La escritura academica en la fo - Maria Ines Corte Vitoria.pdf,pdf,p. 44,44,0.1278,tfidf=0.0578; bonus=0.0700,"El estudiante que escribe debe reconstruir los inputs informativos que recibe por otro sistema (sea oral, visual, escrito, icónico) para procesarlos e integrarlos en un mensaje generado por él mismo. En ese sentido, podemos diferenciar una doble acepción del escribir: escribir para recodificar y escribir para crear.",La_escritura_academica_en_la_fo___Maria_Ines_Corte_Vitoria_b72aa8e231_b0044_f003,D:\Documentos\LaTEX\Template-Informe\UnADM\redaccion-en-contextos-virtuales\referencias-redaccion-en-contextos-virtuales\libros-redaccion-en-contextos-virtuales\La escritura academica en la fo - Maria Ines Corte Vitoria.pdf,"Escritura academica. De la teor - Juan Antonio Nunez Cortes.pdf, p. 11; Escritura academica. De la teor - Juan Antonio Nunez Cortes.pdf, p. 19; Escritura academica. De la teor - Juan Antonio Nunez Cortes.pdf, p. 25; La escritura academica en la fo - Maria Ines Corte Vitoria.pdf, p. 106; La escritura academica en la fo - Maria Ines Corte Vitoria.pdf, p. 12; La escritura academica en la fo - Maria Ines Corte Vitoria.pdf, p. 13; La escritura academica en la fo - Maria Ines Corte Vitoria.pdf, p. 42; La escritura academica en la fo - Maria Ines Corte Vitoria.pdf, p. 44; La escritura academica en la fo - Maria Ines Corte Vitoria.pdf, p. 46; La escritura academica en la fo - Maria Ines Corte Vitoria.pdf, p. 54; La escritura academica en la fo - Maria Ines Corte Vitoria.pdf, p. 69; La escritura academica en la fo - Maria Ines Corte Vitoria.pdf, p. 70; La escritura academica en la fo - Maria Ines Corte Vitoria.pdf, p. 71; La escritura academica en la fo - Maria Ines Corte Vitoria.pdf, p. 87; La escritura academica en la fo - Maria Ines Corte Vitoria.pdf, p. 9; Taller de lectura y redaccion_ - Leopoldo Ayala.pdf, p. 185; Taller de lectura y redaccion_ - Leopoldo Ayala.pdf, p. 19; Taller de lectura y redaccion_ - Leopoldo Ayala.pdf, p. 27; Taller de lectura y redaccion_ - Leopoldo Ayala.pdf, p. 28; Taller de lectura y redaccion_ - Leopoldo Ayala.pdf, p. 29; Taller de lectura y redaccion_ - Leopoldo Ayala.pdf, p. 68; Taller de lectura y redaccion_ - Leopoldo Ayala.pdf, p. 80","La ficha presenta coincidencias útiles, pero conviene revisar la pertinencia de cada cita. Se agruparon referencias de múltiples fuentes para enriquecer el concepto. Hay 9 referencia(s) de baja similitud que podrían introducir ruido."
9,Mensaje,media,0.1439,0.0993,La escritura academica en la fo - Maria Ines Corte Vitoria.pdf,pdf,p. 42,42,0.1234,tfidf=0.0534; bonus=0.0700,"Escribir la versión definitiva. Planificar En la planificación, los escritores se forman una representación mental, abstracta, de la idea o mensaje a elaborar, construyéndola a partir de la memoria o la imaginación, o de datos existentes o buscando en la bibliográfica. Sobre esos componentes de información llevarán a cabo el proceso de codificación para convertirlos en un texto propio.",La_escritura_academica_en_la_fo___Maria_Ines_Corte_Vitoria_b72aa8e231_b0042_f001,D:\Documentos\LaTEX\Template-Informe\UnADM\redaccion-en-contextos-virtuales\referencias-redaccion-en-contextos-virtuales\libros-redaccion-en-contextos-virtuales\La escritura academica en la fo - Maria Ines Corte Vitoria.pdf,"Escritura academica. De la teor - Juan Antonio Nunez Cortes.pdf, p. 11; Escritura academica. De la teor - Juan Antonio Nunez Cortes.pdf, p. 19; Escritura academica. De la teor - Juan Antonio Nunez Cortes.pdf, p. 25; La escritura academica en la fo - Maria Ines Corte Vitoria.pdf, p. 106; La escritura academica en la fo - Maria Ines Corte Vitoria.pdf, p. 12; La escritura academica en la fo - Maria Ines Corte Vitoria.pdf, p. 13; La escritura academica en la fo - Maria Ines Corte Vitoria.pdf, p. 42; La escritura academica en la fo - Maria Ines Corte Vitoria.pdf, p. 44; La escritura academica en la fo - Maria Ines Corte Vitoria.pdf, p. 46; La escritura academica en la fo - Maria Ines Corte Vitoria.pdf, p. 54; La escritura academica en la fo - Maria Ines Corte Vitoria.pdf, p. 69; La escritura academica en la fo - Maria Ines Corte Vitoria.pdf, p. 70; La escritura academica en la fo - Maria Ines Corte Vitoria.pdf, p. 71; La escritura academica en la fo - Maria Ines Corte Vitoria.pdf, p. 87; La escritura academica en la fo - Maria Ines Corte Vitoria.pdf, p. 9; Taller de lectura y redaccion_ - Leopoldo Ayala.pdf, p. 185; Taller de lectura y redaccion_ - Leopoldo Ayala.pdf, p. 19; Taller de lectura y redaccion_ - Leopoldo Ayala.pdf, p. 27; Taller de lectura y redaccion_ - Leopoldo Ayala.pdf, p. 28; Taller de lectura y redaccion_ - Leopoldo Ayala.pdf, p. 29; Taller de lectura y redaccion_ - Leopoldo Ayala.pdf, p. 68; Taller de lectura y redaccion_ - Leopoldo Ayala.pdf, p. 80","La ficha presenta coincidencias útiles, pero conviene revisar la pertinencia de cada cita. Se agruparon referencias de múltiples fuentes para enriquecer el concepto. Hay 9 referencia(s) de baja similitud que podrían introducir ruido."
9,Mensaje,media,0.1439,0.0993,La escritura academica en la fo - Maria Ines Corte Vitoria.pdf,pdf,p. 87,87,0.1217,tfidf=0.0517; bonus=0.0700,"El currículo oculto que se transmite a través de la enseñanza de la escritura es que quien escribe tiene que estar siempre muy atento a las normas que rigen cada tipo de texto y, por supuesto, seguirlas. Y eso entra en cierta contradicción con el mensaje que, a nivel general, se intenta transmitir en la formación universitaria: que los estudiantes sean creativos, reflexivos, divergentes; que sean ellos mismos (en todo, tendríamos que añadir, menos en lo que se refiere a la escritura, ámbito en el que lo importante es sujetarse a las normas).",La_escritura_academica_en_la_fo___Maria_Ines_Corte_Vitoria_b72aa8e231_b0087_f002,D:\Documentos\LaTEX\Template-Informe\UnADM\redaccion-en-contextos-virtuales\referencias-redaccion-en-contextos-virtuales\libros-redaccion-en-contextos-virtuales\La escritura academica en la fo - Maria Ines Corte Vitoria.pdf,"Escritura academica. De la teor - Juan Antonio Nunez Cortes.pdf, p. 11; Escritura academica. De la teor - Juan Antonio Nunez Cortes.pdf, p. 19; Escritura academica. De la teor - Juan Antonio Nunez Cortes.pdf, p. 25; La escritura academica en la fo - Maria Ines Corte Vitoria.pdf, p. 106; La escritura academica en la fo - Maria Ines Corte Vitoria.pdf, p. 12; La escritura academica en la fo - Maria Ines Corte Vitoria.pdf, p. 13; La escritura academica en la fo - Maria Ines Corte Vitoria.pdf, p. 42; La escritura academica en la fo - Maria Ines Corte Vitoria.pdf, p. 44; La escritura academica en la fo - Maria Ines Corte Vitoria.pdf, p. 46; La escritura academica en la fo - Maria Ines Corte Vitoria.pdf, p. 54; La escritura academica en la fo - Maria Ines Corte Vitoria.pdf, p. 69; La escritura academica en la fo - Maria Ines Corte Vitoria.pdf, p. 70; La escritura academica en la fo - Maria Ines Corte Vitoria.pdf, p. 71; La escritura academica en la fo - Maria Ines Corte Vitoria.pdf, p. 87; La escritura academica en la fo - Maria Ines Corte Vitoria.pdf, p. 9; Taller de lectura y redaccion_ - Leopoldo Ayala.pdf, p. 185; Taller de lectura y redaccion_ - Leopoldo Ayala.pdf, p. 19; Taller de lectura y redaccion_ - Leopoldo Ayala.pdf, p. 27; Taller de lectura y redaccion_ - Leopoldo Ayala.pdf, p. 28; Taller de lectura y redaccion_ - Leopoldo Ayala.pdf, p. 29; Taller de lectura y redaccion_ - Leopoldo Ayala.pdf, p. 68; Taller de lectura y redaccion_ - Leopoldo Ayala.pdf, p. 80","La ficha presenta coincidencias útiles, pero conviene revisar la pertinencia de cada cita. Se agruparon referencias de múltiples fuentes para enriquecer el concepto. Hay 9 referencia(s) de baja similitud que podrían introducir ruido."
9,Mensaje,media,0.1439,0.0993,La escritura academica en la fo - Maria Ines Corte Vitoria.pdf,pdf,p. 54,54,0.1194,tfidf=0.0494; bonus=0.0700,"Cabe aún una reflexión sobre el hecho de que cuando sabemos a qué audiencia va destinado nuestro mensaje, la construcción del texto en curso se ve favorecida, pues podemos agregar matices acordes a las especificidades de la audiencia. Sin embargo, muchas veces no conseguimos imaginarnos quién es nuestra audiencia.",La_escritura_academica_en_la_fo___Maria_Ines_Corte_Vitoria_b72aa8e231_b0054_f001,D:\Documentos\LaTEX\Template-Informe\UnADM\redaccion-en-contextos-virtuales\referencias-redaccion-en-contextos-virtuales\libros-redaccion-en-contextos-virtuales\La escritura academica en la fo - Maria Ines Corte Vitoria.pdf,"Escritura academica. De la teor - Juan Antonio Nunez Cortes.pdf, p. 11; Escritura academica. De la teor - Juan Antonio Nunez Cortes.pdf, p. 19; Escritura academica. De la teor - Juan Antonio Nunez Cortes.pdf, p. 25; La escritura academica en la fo - Maria Ines Corte Vitoria.pdf, p. 106; La escritura academica en la fo - Maria Ines Corte Vitoria.pdf, p. 12; La escritura academica en la fo - Maria Ines Corte Vitoria.pdf, p. 13; La escritura academica en la fo - Maria Ines Corte Vitoria.pdf, p. 42; La escritura academica en la fo - Maria Ines Corte Vitoria.pdf, p. 44; La escritura academica en la fo - Maria Ines Corte Vitoria.pdf, p. 46; La escritura academica en la fo - Maria Ines Corte Vitoria.pdf, p. 54; La escritura academica en la fo - Maria Ines Corte Vitoria.pdf, p. 69; La escritura academica en la fo - Maria Ines Corte Vitoria.pdf, p. 70; La escritura academica en la fo - Maria Ines Corte Vitoria.pdf, p. 71; La escritura academica en la fo - Maria Ines Corte Vitoria.pdf, p. 87; La escritura academica en la fo - Maria Ines Corte Vitoria.pdf, p. 9; Taller de lectura y redaccion_ - Leopoldo Ayala.pdf, p. 185; Taller de lectura y redaccion_ - Leopoldo Ayala.pdf, p. 19; Taller de lectura y redaccion_ - Leopoldo Ayala.pdf, p. 27; Taller de lectura y redaccion_ - Leopoldo Ayala.pdf, p. 28; Taller de lectura y redaccion_ - Leopoldo Ayala.pdf, p. 29; Taller de lectura y redaccion_ - Leopoldo Ayala.pdf, p. 68; Taller de lectura y redaccion_ - Leopoldo Ayala.pdf, p. 80","La ficha presenta coincidencias útiles, pero conviene revisar la pertinencia de cada cita. Se agruparon referencias de múltiples fuentes para enriquecer el concepto. Hay 9 referencia(s) de baja similitud que podrían introducir ruido."
9,Mensaje,media,0.1439,0.0993,La escritura academica en la fo - Maria Ines Corte Vitoria.pdf,pdf,p. 9,9,0.1185,tfidf=0.0485; bonus=0.0700,La educación está llamada a cerrar ese círculo casi imposible de hacer compatible el placer con las reglas. Todo lo contrario del mensaje que algunos políticos y educadores cenizos tratan de transmitir vinculando la educación al sufrimiento y el sacrificio. Aprendemos cosas para poder disfrutar más de la vida y de nuestro conocimiento.,La_escritura_academica_en_la_fo___Maria_Ines_Corte_Vitoria_b72aa8e231_b0009_f003,D:\Documentos\LaTEX\Template-Informe\UnADM\redaccion-en-contextos-virtuales\referencias-redaccion-en-contextos-virtuales\libros-redaccion-en-contextos-virtuales\La escritura academica en la fo - Maria Ines Corte Vitoria.pdf,"Escritura academica. De la teor - Juan Antonio Nunez Cortes.pdf, p. 11; Escritura academica. De la teor - Juan Antonio Nunez Cortes.pdf, p. 19; Escritura academica. De la teor - Juan Antonio Nunez Cortes.pdf, p. 25; La escritura academica en la fo - Maria Ines Corte Vitoria.pdf, p. 106; La escritura academica en la fo - Maria Ines Corte Vitoria.pdf, p. 12; La escritura academica en la fo - Maria Ines Corte Vitoria.pdf, p. 13; La escritura academica en la fo - Maria Ines Corte Vitoria.pdf, p. 42; La escritura academica en la fo - Maria Ines Corte Vitoria.pdf, p. 44; La escritura academica en la fo - Maria Ines Corte Vitoria.pdf, p. 46; La escritura academica en la fo - Maria Ines Corte Vitoria.pdf, p. 54; La escritura academica en la fo - Maria Ines Corte Vitoria.pdf, p. 69; La escritura academica en la fo - Maria Ines Corte Vitoria.pdf, p. 70; La escritura academica en la fo - Maria Ines Corte Vitoria.pdf, p. 71; La escritura academica en la fo - Maria Ines Corte Vitoria.pdf, p. 87; La escritura academica en la fo - Maria Ines Corte Vitoria.pdf, p. 9; Taller de lectura y redaccion_ - Leopoldo Ayala.pdf, p. 185; Taller de lectura y redaccion_ - Leopoldo Ayala.pdf, p. 19; Taller de lectura y redaccion_ - Leopoldo Ayala.pdf, p. 27; Taller de lectura y redaccion_ - Leopoldo Ayala.pdf, p. 28; Taller de lectura y redaccion_ - Leopoldo Ayala.pdf, p. 29; Taller de lectura y redaccion_ - Leopoldo Ayala.pdf, p. 68; Taller de lectura y redaccion_ - Leopoldo Ayala.pdf, p. 80","La ficha presenta coincidencias útiles, pero conviene revisar la pertinencia de cada cita. Se agruparon referencias de múltiples fuentes para enriquecer el concepto. Hay 9 referencia(s) de baja similitud que podrían introducir ruido."
9,Mensaje,media,0.1439,0.0993,Taller de lectura y redaccion_ - Leopoldo Ayala.pdf,pdf,p. 27,27,0.1183,tfidf=0.0483; bonus=0.0700,Previamente se ha establecido por conve-  niencia de los hablantes de un idioma un acuerdo en la expresión que se va a  dar a cada contenido. b) El carácter lineal del significante. Como principio no pueden aparecer en un mis-  mo mensaje dos significantes. Necesariamente uno tiene que seguir al otro.,Taller_de_lectura_y_redaccion____Leopoldo_Ayala_c5996d4dd8_b0027_f001,D:\Documentos\LaTEX\Template-Informe\UnADM\redaccion-en-contextos-virtuales\referencias-redaccion-en-contextos-virtuales\libros-redaccion-en-contextos-virtuales\Taller de lectura y redaccion_ - Leopoldo Ayala.pdf,"Escritura academica. De la teor - Juan Antonio Nunez Cortes.pdf, p. 11; Escritura academica. De la teor - Juan Antonio Nunez Cortes.pdf, p. 19; Escritura academica. De la teor - Juan Antonio Nunez Cortes.pdf, p. 25; La escritura academica en la fo - Maria Ines Corte Vitoria.pdf, p. 106; La escritura academica en la fo - Maria Ines Corte Vitoria.pdf, p. 12; La escritura academica en la fo - Maria Ines Corte Vitoria.pdf, p. 13; La escritura academica en la fo - Maria Ines Corte Vitoria.pdf, p. 42; La escritura academica en la fo - Maria Ines Corte Vitoria.pdf, p. 44; La escritura academica en la fo - Maria Ines Corte Vitoria.pdf, p. 46; La escritura academica en la fo - Maria Ines Corte Vitoria.pdf, p. 54; La escritura academica en la fo - Maria Ines Corte Vitoria.pdf, p. 69; La escritura academica en la fo - Maria Ines Corte Vitoria.pdf, p. 70; La escritura academica en la fo - Maria Ines Corte Vitoria.pdf, p. 71; La escritura academica en la fo - Maria Ines Corte Vitoria.pdf, p. 87; La escritura academica en la fo - Maria Ines Corte Vitoria.pdf, p. 9; Taller de lectura y redaccion_ - Leopoldo Ayala.pdf, p. 185; Taller de lectura y redaccion_ - Leopoldo Ayala.pdf, p. 19; Taller de lectura y redaccion_ - Leopoldo Ayala.pdf, p. 27; Taller de lectura y redaccion_ - Leopoldo Ayala.pdf, p. 28; Taller de lectura y redaccion_ - Leopoldo Ayala.pdf, p. 29; Taller de lectura y redaccion_ - Leopoldo Ayala.pdf, p. 68; Taller de lectura y redaccion_ - Leopoldo Ayala.pdf, p. 80","La ficha presenta coincidencias útiles, pero conviene revisar la pertinencia de cada cita. Se agruparon referencias de múltiples fuentes para enriquecer el concepto. Hay 9 referencia(s) de baja similitud que podrían introducir ruido."
9,Mensaje,media,0.1439,0.0993,La escritura academica en la fo - Maria Ines Corte Vitoria.pdf,pdf,p. 69,69,0.1067,tfidf=0.0967; bonus=0.0100,"prevalencia de la lengua hablada sobre la lengua escrita (Saussure, 1969). La escritura, ya lo hemos señalado en el capítulo 1, fija y objetiva el lenguaje hablado pero, al hacerlo, transforma ese lenguaje en un nuevo lenguaje que posee una existencia independiente del primero. El lenguaje escrito es menos móvil que el lenguaje oral, sus transformaciones son muy lentas y poco numerosas.",La_escritura_academica_en_la_fo___Maria_Ines_Corte_Vitoria_b72aa8e231_b0069_f001,D:\Documentos\LaTEX\Template-Informe\UnADM\redaccion-en-contextos-virtuales\referencias-redaccion-en-contextos-virtuales\libros-redaccion-en-contextos-virtuales\La escritura academica en la fo - Maria Ines Corte Vitoria.pdf,"Escritura academica. De la teor - Juan Antonio Nunez Cortes.pdf, p. 11; Escritura academica. De la teor - Juan Antonio Nunez Cortes.pdf, p. 19; Escritura academica. De la teor - Juan Antonio Nunez Cortes.pdf, p. 25; La escritura academica en la fo - Maria Ines Corte Vitoria.pdf, p. 106; La escritura academica en la fo - Maria Ines Corte Vitoria.pdf, p. 12; La escritura academica en la fo - Maria Ines Corte Vitoria.pdf, p. 13; La escritura academica en la fo - Maria Ines Corte Vitoria.pdf, p. 42; La escritura academica en la fo - Maria Ines Corte Vitoria.pdf, p. 44; La escritura academica en la fo - Maria Ines Corte Vitoria.pdf, p. 46; La escritura academica en la fo - Maria Ines Corte Vitoria.pdf, p. 54; La escritura academica en la fo - Maria Ines Corte Vitoria.pdf, p. 69; La escritura academica en la fo - Maria Ines Corte Vitoria.pdf, p. 70; La escritura academica en la fo - Maria Ines Corte Vitoria.pdf, p. 71; La escritura academica en la fo - Maria Ines Corte Vitoria.pdf, p. 87; La escritura academica en la fo - Maria Ines Corte Vitoria.pdf, p. 9; Taller de lectura y redaccion_ - Leopoldo Ayala.pdf, p. 185; Taller de lectura y redaccion_ - Leopoldo Ayala.pdf, p. 19; Taller de lectura y redaccion_ - Leopoldo Ayala.pdf, p. 27; Taller de lectura y redaccion_ - Leopoldo Ayala.pdf, p. 28; Taller de lectura y redaccion_ - Leopoldo Ayala.pdf, p. 29; Taller de lectura y redaccion_ - Leopoldo Ayala.pdf, p. 68; Taller de lectura y redaccion_ - Leopoldo Ayala.pdf, p. 80","La ficha presenta coincidencias útiles, pero conviene revisar la pertinencia de cada cita. Se agruparon referencias de múltiples fuentes para enriquecer el concepto. Hay 9 referencia(s) de baja similitud que podrían introducir ruido."
9,Mensaje,media,0.1439,0.0993,La escritura academica en la fo - Maria Ines Corte Vitoria.pdf,pdf,p. 44,44,0.1041,tfidf=0.0741; bonus=0.0300,"Convertirla en señal (sonidos vocálicos, letras escritas, gestos, dibujos). Transmitir la señal a través de nuestros órganos y sentidos emisores (voz, escritura, gestos, etc.). • • El proceso se realiza a través de un recorrido contrario por parte del receptor del mensaje: recibirá una señal en sus receptores, la decodificará y (re)construirá con ella la idea que el emisor pretendía enviarle. Como sucede en todos estos procesos interrelacionados, la fortaleza del conjunto de la cadena nunca puede ser mayor que la del más débil de sus eslabones.",La_escritura_academica_en_la_fo___Maria_Ines_Corte_Vitoria_b72aa8e231_b0044_f001,D:\Documentos\LaTEX\Template-Informe\UnADM\redaccion-en-contextos-virtuales\referencias-redaccion-en-contextos-virtuales\libros-redaccion-en-contextos-virtuales\La escritura academica en la fo - Maria Ines Corte Vitoria.pdf,"Escritura academica. De la teor - Juan Antonio Nunez Cortes.pdf, p. 11; Escritura academica. De la teor - Juan Antonio Nunez Cortes.pdf, p. 19; Escritura academica. De la teor - Juan Antonio Nunez Cortes.pdf, p. 25; La escritura academica en la fo - Maria Ines Corte Vitoria.pdf, p. 106; La escritura academica en la fo - Maria Ines Corte Vitoria.pdf, p. 12; La escritura academica en la fo - Maria Ines Corte Vitoria.pdf, p. 13; La escritura academica en la fo - Maria Ines Corte Vitoria.pdf, p. 42; La escritura academica en la fo - Maria Ines Corte Vitoria.pdf, p. 44; La escritura academica en la fo - Maria Ines Corte Vitoria.pdf, p. 46; La escritura academica en la fo - Maria Ines Corte Vitoria.pdf, p. 54; La escritura academica en la fo - Maria Ines Corte Vitoria.pdf, p. 69; La escritura academica en la fo - Maria Ines Corte Vitoria.pdf, p. 70; La escritura academica en la fo - Maria Ines Corte Vitoria.pdf, p. 71; La escritura academica en la fo - Maria Ines Corte Vitoria.pdf, p. 87; La escritura academica en la fo - Maria Ines Corte Vitoria.pdf, p. 9; Taller de lectura y redaccion_ - Leopoldo Ayala.pdf, p. 185; Taller de lectura y redaccion_ - Leopoldo Ayala.pdf, p. 19; Taller de lectura y redaccion_ - Leopoldo Ayala.pdf, p. 27; Taller de lectura y redaccion_ - Leopoldo Ayala.pdf, p. 28; Taller de lectura y redaccion_ - Leopoldo Ayala.pdf, p. 29; Taller de lectura y redaccion_ - Leopoldo Ayala.pdf, p. 68; Taller de lectura y redaccion_ - Leopoldo Ayala.pdf, p. 80","La ficha presenta coincidencias útiles, pero conviene revisar la pertinencia de cada cita. Se agruparon referencias de múltiples fuentes para enriquecer el concepto. Hay 9 referencia(s) de baja similitud que podrían introducir ruido."
9,Mensaje,media,0.1439,0.0993,La escritura academica en la fo - Maria Ines Corte Vitoria.pdf,pdf,p. 12,12,0.1035,tfidf=0.0835; bonus=0.0200,"Así, la escritura se presenta con toda la complejidad del lenguaje humano, como una herramienta individual de supervivencia, como un componente de organización de la sociedad moderna y como una poderosa y peligrosa arma de elaboración de opiniones colectivas. Como escribía Benveniste (1989) «el lenguaje está en la naturaleza del hombre, aunque no sea él quien la fabricó».",La_escritura_academica_en_la_fo___Maria_Ines_Corte_Vitoria_b72aa8e231_b0012_f002,D:\Documentos\LaTEX\Template-Informe\UnADM\redaccion-en-contextos-virtuales\referencias-redaccion-en-contextos-virtuales\libros-redaccion-en-contextos-virtuales\La escritura academica en la fo - Maria Ines Corte Vitoria.pdf,"Escritura academica. De la teor - Juan Antonio Nunez Cortes.pdf, p. 11; Escritura academica. De la teor - Juan Antonio Nunez Cortes.pdf, p. 19; Escritura academica. De la teor - Juan Antonio Nunez Cortes.pdf, p. 25; La escritura academica en la fo - Maria Ines Corte Vitoria.pdf, p. 106; La escritura academica en la fo - Maria Ines Corte Vitoria.pdf, p. 12; La escritura academica en la fo - Maria Ines Corte Vitoria.pdf, p. 13; La escritura academica en la fo - Maria Ines Corte Vitoria.pdf, p. 42; La escritura academica en la fo - Maria Ines Corte Vitoria.pdf, p. 44; La escritura academica en la fo - Maria Ines Corte Vitoria.pdf, p. 46; La escritura academica en la fo - Maria Ines Corte Vitoria.pdf, p. 54; La escritura academica en la fo - Maria Ines Corte Vitoria.pdf, p. 69; La escritura academica en la fo - Maria Ines Corte Vitoria.pdf, p. 70; La escritura academica en la fo - Maria Ines Corte Vitoria.pdf, p. 71; La escritura academica en la fo - Maria Ines Corte Vitoria.pdf, p. 87; La escritura academica en la fo - Maria Ines Corte Vitoria.pdf, p. 9; Taller de lectura y redaccion_ - Leopoldo Ayala.pdf, p. 185; Taller de lectura y redaccion_ - Leopoldo Ayala.pdf, p. 19; Taller de lectura y redaccion_ - Leopoldo Ayala.pdf, p. 27; Taller de lectura y redaccion_ - Leopoldo Ayala.pdf, p. 28; Taller de lectura y redaccion_ - Leopoldo Ayala.pdf, p. 29; Taller de lectura y redaccion_ - Leopoldo Ayala.pdf, p. 68; Taller de lectura y redaccion_ - Leopoldo Ayala.pdf, p. 80","La ficha presenta coincidencias útiles, pero conviene revisar la pertinencia de cada cita. Se agruparon referencias de múltiples fuentes para enriquecer el concepto. Hay 9 referencia(s) de baja similitud que podrían introducir ruido."
9,Mensaje,media,0.1439,0.0993,Taller de lectura y redaccion_ - Leopoldo Ayala.pdf,pdf,p. 28,28,0.097,tfidf=0.0670; bonus=0.0300,"Tie- ne expresión pero no tiene contenido. El signo lingüístico es el más importante y accesible medio de comunicación humana. Nosotros hablamos y nos comunicamos con nuestros semejantes com- binando signos lingüísticos, encadenándolos unos tras otros.",Taller_de_lectura_y_redaccion____Leopoldo_Ayala_c5996d4dd8_b0028_f001,D:\Documentos\LaTEX\Template-Informe\UnADM\redaccion-en-contextos-virtuales\referencias-redaccion-en-contextos-virtuales\libros-redaccion-en-contextos-virtuales\Taller de lectura y redaccion_ - Leopoldo Ayala.pdf,"Escritura academica. De la teor - Juan Antonio Nunez Cortes.pdf, p. 11; Escritura academica. De la teor - Juan Antonio Nunez Cortes.pdf, p. 19; Escritura academica. De la teor - Juan Antonio Nunez Cortes.pdf, p. 25; La escritura academica en la fo - Maria Ines Corte Vitoria.pdf, p. 106; La escritura academica en la fo - Maria Ines Corte Vitoria.pdf, p. 12; La escritura academica en la fo - Maria Ines Corte Vitoria.pdf, p. 13; La escritura academica en la fo - Maria Ines Corte Vitoria.pdf, p. 42; La escritura academica en la fo - Maria Ines Corte Vitoria.pdf, p. 44; La escritura academica en la fo - Maria Ines Corte Vitoria.pdf, p. 46; La escritura academica en la fo - Maria Ines Corte Vitoria.pdf, p. 54; La escritura academica en la fo - Maria Ines Corte Vitoria.pdf, p. 69; La escritura academica en la fo - Maria Ines Corte Vitoria.pdf, p. 70; La escritura academica en la fo - Maria Ines Corte Vitoria.pdf, p. 71; La escritura academica en la fo - Maria Ines Corte Vitoria.pdf, p. 87; La escritura academica en la fo - Maria Ines Corte Vitoria.pdf, p. 9; Taller de lectura y redaccion_ - Leopoldo Ayala.pdf, p. 185; Taller de lectura y redaccion_ - Leopoldo Ayala.pdf, p. 19; Taller de lectura y redaccion_ - Leopoldo Ayala.pdf, p. 27; Taller de lectura y redaccion_ - Leopoldo Ayala.pdf, p. 28; Taller de lectura y redaccion_ - Leopoldo Ayala.pdf, p. 29; Taller de lectura y redaccion_ - Leopoldo Ayala.pdf, p. 68; Taller de lectura y redaccion_ - Leopoldo Ayala.pdf, p. 80","La ficha presenta coincidencias útiles, pero conviene revisar la pertinencia de cada cita. Se agruparon referencias de múltiples fuentes para enriquecer el concepto. Hay 9 referencia(s) de baja similitud que podrían introducir ruido."
9,Mensaje,media,0.1439,0.0993,La escritura academica en la fo - Maria Ines Corte Vitoria.pdf,pdf,p. 71,71,0.0936,tfidf=0.0736; bonus=0.0200,"Pero una constatación bastante generalizada es que nuestros estudiantes padecen escasez de vocabulario, lo que les lleva a emplear casi siempre las mismas palabras para expresar todo aquello que perciben y captan de la realidad. Tal vez por este motivo muchos estudiosos del lenguaje ven en el lenguaje coloquial una forma de manifestación cultural resultante de las vivencias de estos jóvenes, tan legítima cuanto pudiera serlo el más erudito verbo de la lengua. La cuestión es si ese lenguaje es el más apropiado para la comunicación en el contexto académico, una de cuyas características es, precisamente, el lenguaje propio y diferenciado de las 71",La_escritura_academica_en_la_fo___Maria_Ines_Corte_Vitoria_b72aa8e231_b0071_f003,D:\Documentos\LaTEX\Template-Informe\UnADM\redaccion-en-contextos-virtuales\referencias-redaccion-en-contextos-virtuales\libros-redaccion-en-contextos-virtuales\La escritura academica en la fo - Maria Ines Corte Vitoria.pdf,"Escritura academica. De la teor - Juan Antonio Nunez Cortes.pdf, p. 11; Escritura academica. De la teor - Juan Antonio Nunez Cortes.pdf, p. 19; Escritura academica. De la teor - Juan Antonio Nunez Cortes.pdf, p. 25; La escritura academica en la fo - Maria Ines Corte Vitoria.pdf, p. 106; La escritura academica en la fo - Maria Ines Corte Vitoria.pdf, p. 12; La escritura academica en la fo - Maria Ines Corte Vitoria.pdf, p. 13; La escritura academica en la fo - Maria Ines Corte Vitoria.pdf, p. 42; La escritura academica en la fo - Maria Ines Corte Vitoria.pdf, p. 44; La escritura academica en la fo - Maria Ines Corte Vitoria.pdf, p. 46; La escritura academica en la fo - Maria Ines Corte Vitoria.pdf, p. 54; La escritura academica en la fo - Maria Ines Corte Vitoria.pdf, p. 69; La escritura academica en la fo - Maria Ines Corte Vitoria.pdf, p. 70; La escritura academica en la fo - Maria Ines Corte Vitoria.pdf, p. 71; La escritura academica en la fo - Maria Ines Corte Vitoria.pdf, p. 87; La escritura academica en la fo - Maria Ines Corte Vitoria.pdf, p. 9; Taller de lectura y redaccion_ - Leopoldo Ayala.pdf, p. 185; Taller de lectura y redaccion_ - Leopoldo Ayala.pdf, p. 19; Taller de lectura y redaccion_ - Leopoldo Ayala.pdf, p. 27; Taller de lectura y redaccion_ - Leopoldo Ayala.pdf, p. 28; Taller de lectura y redaccion_ - Leopoldo Ayala.pdf, p. 29; Taller de lectura y redaccion_ - Leopoldo Ayala.pdf, p. 68; Taller de lectura y redaccion_ - Leopoldo Ayala.pdf, p. 80","La ficha presenta coincidencias útiles, pero conviene revisar la pertinencia de cada cita. Se agruparon referencias de múltiples fuentes para enriquecer el concepto. Hay 9 referencia(s) de baja similitud que podrían introducir ruido."
9,Mensaje,media,0.1439,0.0993,La escritura academica en la fo - Maria Ines Corte Vitoria.pdf,pdf,p. 106,106,0.0872,tfidf=0.0572; bonus=0.0300,"Se trata de un proceso que pasa de la memoria a la interpretación y de esta a la construcción de un texto. Como existen muy diferentes modalidades de comentarios, el proceso mental a seguir será distinto, pero siempre recorriendo ese proceso. Puede tratarse de un ejercicio en el que lo que se pide es que la información suministrada se trate como un elemento objetivo a comentar (se analiza solo lo que el texto contiene y sin salirse de él): en ese caso, el trabajo mental es más limitado.",La_escritura_academica_en_la_fo___Maria_Ines_Corte_Vitoria_b72aa8e231_b0106_f003,D:\Documentos\LaTEX\Template-Informe\UnADM\redaccion-en-contextos-virtuales\referencias-redaccion-en-contextos-virtuales\libros-redaccion-en-contextos-virtuales\La escritura academica en la fo - Maria Ines Corte Vitoria.pdf,"Escritura academica. De la teor - Juan Antonio Nunez Cortes.pdf, p. 11; Escritura academica. De la teor - Juan Antonio Nunez Cortes.pdf, p. 19; Escritura academica. De la teor - Juan Antonio Nunez Cortes.pdf, p. 25; La escritura academica en la fo - Maria Ines Corte Vitoria.pdf, p. 106; La escritura academica en la fo - Maria Ines Corte Vitoria.pdf, p. 12; La escritura academica en la fo - Maria Ines Corte Vitoria.pdf, p. 13; La escritura academica en la fo - Maria Ines Corte Vitoria.pdf, p. 42; La escritura academica en la fo - Maria Ines Corte Vitoria.pdf, p. 44; La escritura academica en la fo - Maria Ines Corte Vitoria.pdf, p. 46; La escritura academica en la fo - Maria Ines Corte Vitoria.pdf, p. 54; La escritura academica en la fo - Maria Ines Corte Vitoria.pdf, p. 69; La escritura academica en la fo - Maria Ines Corte Vitoria.pdf, p. 70; La escritura academica en la fo - Maria Ines Corte Vitoria.pdf, p. 71; La escritura academica en la fo - Maria Ines Corte Vitoria.pdf, p. 87; La escritura academica en la fo - Maria Ines Corte Vitoria.pdf, p. 9; Taller de lectura y redaccion_ - Leopoldo Ayala.pdf, p. 185; Taller de lectura y redaccion_ - Leopoldo Ayala.pdf, p. 19; Taller de lectura y redaccion_ - Leopoldo Ayala.pdf, p. 27; Taller de lectura y redaccion_ - Leopoldo Ayala.pdf, p. 28; Taller de lectura y redaccion_ - Leopoldo Ayala.pdf, p. 29; Taller de lectura y redaccion_ - Leopoldo Ayala.pdf, p. 68; Taller de lectura y redaccion_ - Leopoldo Ayala.pdf, p. 80","La ficha presenta coincidencias útiles, pero conviene revisar la pertinencia de cada cita. Se agruparon referencias de múltiples fuentes para enriquecer el concepto. Hay 9 referencia(s) de baja similitud que podrían introducir ruido."
9,Mensaje,media,0.1439,0.0993,Taller de lectura y redaccion_ - Leopoldo Ayala.pdf,pdf,p. 27,27,0.0856,tfidf=0.0556; bonus=0.0300,"El significante o imagen acústica es la huella psíquica que nuestro cerebro produce, por ejemplo, cuando oímos la palabra árbol. Inmediatamente unimos la palabra con el concepto, el significado que todos tenemos de lo que es un árbol. Los dos elementos están íntimamente ligados, como las dos caras de una hoja.",Taller_de_lectura_y_redaccion____Leopoldo_Ayala_c5996d4dd8_b0027_f001,D:\Documentos\LaTEX\Template-Informe\UnADM\redaccion-en-contextos-virtuales\referencias-redaccion-en-contextos-virtuales\libros-redaccion-en-contextos-virtuales\Taller de lectura y redaccion_ - Leopoldo Ayala.pdf,"Escritura academica. De la teor - Juan Antonio Nunez Cortes.pdf, p. 11; Escritura academica. De la teor - Juan Antonio Nunez Cortes.pdf, p. 19; Escritura academica. De la teor - Juan Antonio Nunez Cortes.pdf, p. 25; La escritura academica en la fo - Maria Ines Corte Vitoria.pdf, p. 106; La escritura academica en la fo - Maria Ines Corte Vitoria.pdf, p. 12; La escritura academica en la fo - Maria Ines Corte Vitoria.pdf, p. 13; La escritura academica en la fo - Maria Ines Corte Vitoria.pdf, p. 42; La escritura academica en la fo - Maria Ines Corte Vitoria.pdf, p. 44; La escritura academica en la fo - Maria Ines Corte Vitoria.pdf, p. 46; La escritura academica en la fo - Maria Ines Corte Vitoria.pdf, p. 54; La escritura academica en la fo - Maria Ines Corte Vitoria.pdf, p. 69; La escritura academica en la fo - Maria Ines Corte Vitoria.pdf, p. 70; La escritura academica en la fo - Maria Ines Corte Vitoria.pdf, p. 71; La escritura academica en la fo - Maria Ines Corte Vitoria.pdf, p. 87; La escritura academica en la fo - Maria Ines Corte Vitoria.pdf, p. 9; Taller de lectura y redaccion_ - Leopoldo Ayala.pdf, p. 185; Taller de lectura y redaccion_ - Leopoldo Ayala.pdf, p. 19; Taller de lectura y redaccion_ - Leopoldo Ayala.pdf, p. 27; Taller de lectura y redaccion_ - Leopoldo Ayala.pdf, p. 28; Taller de lectura y redaccion_ - Leopoldo Ayala.pdf, p. 29; Taller de lectura y redaccion_ - Leopoldo Ayala.pdf, p. 68; Taller de lectura y redaccion_ - Leopoldo Ayala.pdf, p. 80","La ficha presenta coincidencias útiles, pero conviene revisar la pertinencia de cada cita. Se agruparon referencias de múltiples fuentes para enriquecer el concepto. Hay 9 referencia(s) de baja similitud que podrían introducir ruido."
9,Mensaje,media,0.1439,0.0993,Taller de lectura y redaccion_ - Leopoldo Ayala.pdf,pdf,p. 27,27,0.0816,tfidf=0.0716; bonus=0.0100,"Este principio del signo lingüístico se amplía en la  misma teoría, al concebir la lengua como un conjunto de signos mutuamente  relacionados y recíprocamente unidos. c) El signo lingüístico es articulado. Se compone de partes más pequeñas y puede  descomponerse.",Taller_de_lectura_y_redaccion____Leopoldo_Ayala_c5996d4dd8_b0027_f002,D:\Documentos\LaTEX\Template-Informe\UnADM\redaccion-en-contextos-virtuales\referencias-redaccion-en-contextos-virtuales\libros-redaccion-en-contextos-virtuales\Taller de lectura y redaccion_ - Leopoldo Ayala.pdf,"Escritura academica. De la teor - Juan Antonio Nunez Cortes.pdf, p. 11; Escritura academica. De la teor - Juan Antonio Nunez Cortes.pdf, p. 19; Escritura academica. De la teor - Juan Antonio Nunez Cortes.pdf, p. 25; La escritura academica en la fo - Maria Ines Corte Vitoria.pdf, p. 106; La escritura academica en la fo - Maria Ines Corte Vitoria.pdf, p. 12; La escritura academica en la fo - Maria Ines Corte Vitoria.pdf, p. 13; La escritura academica en la fo - Maria Ines Corte Vitoria.pdf, p. 42; La escritura academica en la fo - Maria Ines Corte Vitoria.pdf, p. 44; La escritura academica en la fo - Maria Ines Corte Vitoria.pdf, p. 46; La escritura academica en la fo - Maria Ines Corte Vitoria.pdf, p. 54; La escritura academica en la fo - Maria Ines Corte Vitoria.pdf, p. 69; La escritura academica en la fo - Maria Ines Corte Vitoria.pdf, p. 70; La escritura academica en la fo - Maria Ines Corte Vitoria.pdf, p. 71; La escritura academica en la fo - Maria Ines Corte Vitoria.pdf, p. 87; La escritura academica en la fo - Maria Ines Corte Vitoria.pdf, p. 9; Taller de lectura y redaccion_ - Leopoldo Ayala.pdf, p. 185; Taller de lectura y redaccion_ - Leopoldo Ayala.pdf, p. 19; Taller de lectura y redaccion_ - Leopoldo Ayala.pdf, p. 27; Taller de lectura y redaccion_ - Leopoldo Ayala.pdf, p. 28; Taller de lectura y redaccion_ - Leopoldo Ayala.pdf, p. 29; Taller de lectura y redaccion_ - Leopoldo Ayala.pdf, p. 68; Taller de lectura y redaccion_ - Leopoldo Ayala.pdf, p. 80","La ficha presenta coincidencias útiles, pero conviene revisar la pertinencia de cada cita. Se agruparon referencias de múltiples fuentes para enriquecer el concepto. Hay 9 referencia(s) de baja similitud que podrían introducir ruido."
9,Mensaje,media,0.1439,0.0993,Taller de lectura y redaccion_ - Leopoldo Ayala.pdf,pdf,p. 80,80,0.0785,tfidf=0.0685; bonus=0.0100,"Si queremos decir cómo deseamos que se eduquen nuestros niños, debemos decir sin vacilación: ¡Queremos que se eduquen en el espíritu del Che! Si queremos un modelo de hombre, un modelo de hombre que no pertenece a este tiempo, un modelo de hombre que pertenece a los tiempos futuros, de corazón digo que ese modelo, sin una sola mancha en su conducta, sin una sola mancha en su actitud, sin una sola mancha en su actuación: ¡Ese modelo es el Che! Si queremos saber cómo deseamos que sean nuestros hijos, debemos decir con todo el corazón de vehementes revolu- cionarios: ¡Queremos que sean como el Che!",Taller_de_lectura_y_redaccion____Leopoldo_Ayala_c5996d4dd8_b0080_f002,D:\Documentos\LaTEX\Template-Informe\UnADM\redaccion-en-contextos-virtuales\referencias-redaccion-en-contextos-virtuales\libros-redaccion-en-contextos-virtuales\Taller de lectura y redaccion_ - Leopoldo Ayala.pdf,"Escritura academica. De la teor - Juan Antonio Nunez Cortes.pdf, p. 11; Escritura academica. De la teor - Juan Antonio Nunez Cortes.pdf, p. 19; Escritura academica. De la teor - Juan Antonio Nunez Cortes.pdf, p. 25; La escritura academica en la fo - Maria Ines Corte Vitoria.pdf, p. 106; La escritura academica en la fo - Maria Ines Corte Vitoria.pdf, p. 12; La escritura academica en la fo - Maria Ines Corte Vitoria.pdf, p. 13; La escritura academica en la fo - Maria Ines Corte Vitoria.pdf, p. 42; La escritura academica en la fo - Maria Ines Corte Vitoria.pdf, p. 44; La escritura academica en la fo - Maria Ines Corte Vitoria.pdf, p. 46; La escritura academica en la fo - Maria Ines Corte Vitoria.pdf, p. 54; La escritura academica en la fo - Maria Ines Corte Vitoria.pdf, p. 69; La escritura academica en la fo - Maria Ines Corte Vitoria.pdf, p. 70; La escritura academica en la fo - Maria Ines Corte Vitoria.pdf, p. 71; La escritura academica en la fo - Maria Ines Corte Vitoria.pdf, p. 87; La escritura academica en la fo - Maria Ines Corte Vitoria.pdf, p. 9; Taller de lectura y redaccion_ - Leopoldo Ayala.pdf, p. 185; Taller de lectura y redaccion_ - Leopoldo Ayala.pdf, p. 19; Taller de lectura y redaccion_ - Leopoldo Ayala.pdf, p. 27; Taller de lectura y redaccion_ - Leopoldo Ayala.pdf, p. 28; Taller de lectura y redaccion_ - Leopoldo Ayala.pdf, p. 29; Taller de lectura y redaccion_ - Leopoldo Ayala.pdf, p. 68; Taller de lectura y redaccion_ - Leopoldo Ayala.pdf, p. 80","La ficha presenta coincidencias útiles, pero conviene revisar la pertinencia de cada cita. Se agruparon referencias de múltiples fuentes para enriquecer el concepto. Hay 9 referencia(s) de baja similitud que podrían introducir ruido."
9,Mensaje,media,0.1439,0.0993,Escritura academica. De la teor - Juan Antonio Nunez Cortes.pdf,pdf,p. 19,19,0.078,tfidf=0.0680; bonus=0.0100,"44). Ahora bien, entienden que pasar de un modelo a otro conlleva la reconstrucción de una estructura cognitiva y que no es un mero proceso de crecimiento. Pese a que parezca obvio, existe un gran desconocimiento por parte de los profesores, y también de las instituciones, del potencial epistémico que tiene la escritura (Carlino, 2003), aun cuando las materias se pueden y deben aprender leyendo y escribiendo textos relacionados con tales materias, entre otras actividades.",Escritura_academica__De_la_teor___Juan_Antonio_Nunez_Cortes_1a16d092a9_b0019_f002,D:\Documentos\LaTEX\Template-Informe\UnADM\redaccion-en-contextos-virtuales\referencias-redaccion-en-contextos-virtuales\libros-redaccion-en-contextos-virtuales\Escritura academica. De la teor - Juan Antonio Nunez Cortes.pdf,"Escritura academica. De la teor - Juan Antonio Nunez Cortes.pdf, p. 11; Escritura academica. De la teor - Juan Antonio Nunez Cortes.pdf, p. 19; Escritura academica. De la teor - Juan Antonio Nunez Cortes.pdf, p. 25; La escritura academica en la fo - Maria Ines Corte Vitoria.pdf, p. 106; La escritura academica en la fo - Maria Ines Corte Vitoria.pdf, p. 12; La escritura academica en la fo - Maria Ines Corte Vitoria.pdf, p. 13; La escritura academica en la fo - Maria Ines Corte Vitoria.pdf, p. 42; La escritura academica en la fo - Maria Ines Corte Vitoria.pdf, p. 44; La escritura academica en la fo - Maria Ines Corte Vitoria.pdf, p. 46; La escritura academica en la fo - Maria Ines Corte Vitoria.pdf, p. 54; La escritura academica en la fo - Maria Ines Corte Vitoria.pdf, p. 69; La escritura academica en la fo - Maria Ines Corte Vitoria.pdf, p. 70; La escritura academica en la fo - Maria Ines Corte Vitoria.pdf, p. 71; La escritura academica en la fo - Maria Ines Corte Vitoria.pdf, p. 87; La escritura academica en la fo - Maria Ines Corte Vitoria.pdf, p. 9; Taller de lectura y redaccion_ - Leopoldo Ayala.pdf, p. 185; Taller de lectura y redaccion_ - Leopoldo Ayala.pdf, p. 19; Taller de lectura y redaccion_ - Leopoldo Ayala.pdf, p. 27; Taller de lectura y redaccion_ - Leopoldo Ayala.pdf, p. 28; Taller de lectura y redaccion_ - Leopoldo Ayala.pdf, p. 29; Taller de lectura y redaccion_ - Leopoldo Ayala.pdf, p. 68; Taller de lectura y redaccion_ - Leopoldo Ayala.pdf, p. 80","La ficha presenta coincidencias útiles, pero conviene revisar la pertinencia de cada cita. Se agruparon referencias de múltiples fuentes para enriquecer el concepto. Hay 9 referencia(s) de baja similitud que podrían introducir ruido."
9,Mensaje,media,0.1439,0.0993,La escritura academica en la fo - Maria Ines Corte Vitoria.pdf,pdf,p. 70,70,0.0775,tfidf=0.0375; bonus=0.0400,"Por lo tanto, cabe decir que existe cohesión en un texto cuando los elementos de dicho texto se relacionan mutuamente y, de esa forma, configuran la identidad el texto como un todo unitario. Cuando hablamos de la noción de totalidad, es preciso considerar algunas cuestiones que Halliday no desarrolla y que se refieren, sobre todo, a la caracterización del texto como un uso particular del lenguaje que tiene una función comunicativa. O dicho de otra manera: el texto es un acto de lenguaje que instaura una relación de intersubjetividad en una situación dada.",La_escritura_academica_en_la_fo___Maria_Ines_Corte_Vitoria_b72aa8e231_b0070_f001,D:\Documentos\LaTEX\Template-Informe\UnADM\redaccion-en-contextos-virtuales\referencias-redaccion-en-contextos-virtuales\libros-redaccion-en-contextos-virtuales\La escritura academica en la fo - Maria Ines Corte Vitoria.pdf,"Escritura academica. De la teor - Juan Antonio Nunez Cortes.pdf, p. 11; Escritura academica. De la teor - Juan Antonio Nunez Cortes.pdf, p. 19; Escritura academica. De la teor - Juan Antonio Nunez Cortes.pdf, p. 25; La escritura academica en la fo - Maria Ines Corte Vitoria.pdf, p. 106; La escritura academica en la fo - Maria Ines Corte Vitoria.pdf, p. 12; La escritura academica en la fo - Maria Ines Corte Vitoria.pdf, p. 13; La escritura academica en la fo - Maria Ines Corte Vitoria.pdf, p. 42; La escritura academica en la fo - Maria Ines Corte Vitoria.pdf, p. 44; La escritura academica en la fo - Maria Ines Corte Vitoria.pdf, p. 46; La escritura academica en la fo - Maria Ines Corte Vitoria.pdf, p. 54; La escritura academica en la fo - Maria Ines Corte Vitoria.pdf, p. 69; La escritura academica en la fo - Maria Ines Corte Vitoria.pdf, p. 70; La escritura academica en la fo - Maria Ines Corte Vitoria.pdf, p. 71; La escritura academica en la fo - Maria Ines Corte Vitoria.pdf, p. 87; La escritura academica en la fo - Maria Ines Corte Vitoria.pdf, p. 9; Taller de lectura y redaccion_ - Leopoldo Ayala.pdf, p. 185; Taller de lectura y redaccion_ - Leopoldo Ayala.pdf, p. 19; Taller de lectura y redaccion_ - Leopoldo Ayala.pdf, p. 27; Taller de lectura y redaccion_ - Leopoldo Ayala.pdf, p. 28; Taller de lectura y redaccion_ - Leopoldo Ayala.pdf, p. 29; Taller de lectura y redaccion_ - Leopoldo Ayala.pdf, p. 68; Taller de lectura y redaccion_ - Leopoldo Ayala.pdf, p. 80","La ficha presenta coincidencias útiles, pero conviene revisar la pertinencia de cada cita. Se agruparon referencias de múltiples fuentes para enriquecer el concepto. Hay 9 referencia(s) de baja similitud que podrían introducir ruido."
9,Mensaje,media,0.1439,0.0993,La escritura academica en la fo - Maria Ines Corte Vitoria.pdf,pdf,p. 46,46,0.0763,tfidf=0.0563; bonus=0.0200,"Para mejorar estas dificultades, podrían incorporarse periodos de escritura, frecuentes y graduados en exigencia, en los que cada sujeto pudiera ir reforzando sus actitudes positivas hacia sí mismo y hacia los textos que elabore: tomar apuntes, recodificar textos ajenos, prestar apoyo en las revisiones y segundas versiones (ya que la escritura académica exige una sumisión adicional a reglas prescriptivas, además de las funcionales), etc. Una teoría integrada de la escritura Desde esta perspectiva, estos son los puntos recurrentes en una teoría integrada de la escritura; la escritura: • • Es un acto de comunicación cuyo interlocutor es virtual.",La_escritura_academica_en_la_fo___Maria_Ines_Corte_Vitoria_b72aa8e231_b0046_f001,D:\Documentos\LaTEX\Template-Informe\UnADM\redaccion-en-contextos-virtuales\referencias-redaccion-en-contextos-virtuales\libros-redaccion-en-contextos-virtuales\La escritura academica en la fo - Maria Ines Corte Vitoria.pdf,"Escritura academica. De la teor - Juan Antonio Nunez Cortes.pdf, p. 11; Escritura academica. De la teor - Juan Antonio Nunez Cortes.pdf, p. 19; Escritura academica. De la teor - Juan Antonio Nunez Cortes.pdf, p. 25; La escritura academica en la fo - Maria Ines Corte Vitoria.pdf, p. 106; La escritura academica en la fo - Maria Ines Corte Vitoria.pdf, p. 12; La escritura academica en la fo - Maria Ines Corte Vitoria.pdf, p. 13; La escritura academica en la fo - Maria Ines Corte Vitoria.pdf, p. 42; La escritura academica en la fo - Maria Ines Corte Vitoria.pdf, p. 44; La escritura academica en la fo - Maria Ines Corte Vitoria.pdf, p. 46; La escritura academica en la fo - Maria Ines Corte Vitoria.pdf, p. 54; La escritura academica en la fo - Maria Ines Corte Vitoria.pdf, p. 69; La escritura academica en la fo - Maria Ines Corte Vitoria.pdf, p. 70; La escritura academica en la fo - Maria Ines Corte Vitoria.pdf, p. 71; La escritura academica en la fo - Maria Ines Corte Vitoria.pdf, p. 87; La escritura academica en la fo - Maria Ines Corte Vitoria.pdf, p. 9; Taller de lectura y redaccion_ - Leopoldo Ayala.pdf, p. 185; Taller de lectura y redaccion_ - Leopoldo Ayala.pdf, p. 19; Taller de lectura y redaccion_ - Leopoldo Ayala.pdf, p. 27; Taller de lectura y redaccion_ - Leopoldo Ayala.pdf, p. 28; Taller de lectura y redaccion_ - Leopoldo Ayala.pdf, p. 29; Taller de lectura y redaccion_ - Leopoldo Ayala.pdf, p. 68; Taller de lectura y redaccion_ - Leopoldo Ayala.pdf, p. 80","La ficha presenta coincidencias útiles, pero conviene revisar la pertinencia de cada cita. Se agruparon referencias de múltiples fuentes para enriquecer el concepto. Hay 9 referencia(s) de baja similitud que podrían introducir ruido."
9,Mensaje,media,0.1439,0.0993,Taller de lectura y redaccion_ - Leopoldo Ayala.pdf,pdf,p. 29,29,0.0761,tfidf=0.0461; bonus=0.0300,"La lengua oral y la lengua escrita. La primera es la lengua hablada, verbal. Social y genéticamente la len- gua es antes hablada que escrita.",Taller_de_lectura_y_redaccion____Leopoldo_Ayala_c5996d4dd8_b0029_f002,D:\Documentos\LaTEX\Template-Informe\UnADM\redaccion-en-contextos-virtuales\referencias-redaccion-en-contextos-virtuales\libros-redaccion-en-contextos-virtuales\Taller de lectura y redaccion_ - Leopoldo Ayala.pdf,"Escritura academica. De la teor - Juan Antonio Nunez Cortes.pdf, p. 11; Escritura academica. De la teor - Juan Antonio Nunez Cortes.pdf, p. 19; Escritura academica. De la teor - Juan Antonio Nunez Cortes.pdf, p. 25; La escritura academica en la fo - Maria Ines Corte Vitoria.pdf, p. 106; La escritura academica en la fo - Maria Ines Corte Vitoria.pdf, p. 12; La escritura academica en la fo - Maria Ines Corte Vitoria.pdf, p. 13; La escritura academica en la fo - Maria Ines Corte Vitoria.pdf, p. 42; La escritura academica en la fo - Maria Ines Corte Vitoria.pdf, p. 44; La escritura academica en la fo - Maria Ines Corte Vitoria.pdf, p. 46; La escritura academica en la fo - Maria Ines Corte Vitoria.pdf, p. 54; La escritura academica en la fo - Maria Ines Corte Vitoria.pdf, p. 69; La escritura academica en la fo - Maria Ines Corte Vitoria.pdf, p. 70; La escritura academica en la fo - Maria Ines Corte Vitoria.pdf, p. 71; La escritura academica en la fo - Maria Ines Corte Vitoria.pdf, p. 87; La escritura academica en la fo - Maria Ines Corte Vitoria.pdf, p. 9; Taller de lectura y redaccion_ - Leopoldo Ayala.pdf, p. 185; Taller de lectura y redaccion_ - Leopoldo Ayala.pdf, p. 19; Taller de lectura y redaccion_ - Leopoldo Ayala.pdf, p. 27; Taller de lectura y redaccion_ - Leopoldo Ayala.pdf, p. 28; Taller de lectura y redaccion_ - Leopoldo Ayala.pdf, p. 29; Taller de lectura y redaccion_ - Leopoldo Ayala.pdf, p. 68; Taller de lectura y redaccion_ - Leopoldo Ayala.pdf, p. 80","La ficha presenta coincidencias útiles, pero conviene revisar la pertinencia de cada cita. Se agruparon referencias de múltiples fuentes para enriquecer el concepto. Hay 9 referencia(s) de baja similitud que podrían introducir ruido."
9,Mensaje,media,0.1439,0.0993,Escritura academica. De la teor - Juan Antonio Nunez Cortes.pdf,pdf,p. 11,11,0.0749,tfidf=0.0449; bonus=0.0300,"El libro está dividido en cinco capítulos. Cada uno de los capítulos, excepto el primero, alterna la teoría con la práctica a través de actividades sobre los contenidos expuestos. Al final del libro se presenta un solucionario con todas las actividades.",Escritura_academica__De_la_teor___Juan_Antonio_Nunez_Cortes_1a16d092a9_b0011_f002,D:\Documentos\LaTEX\Template-Informe\UnADM\redaccion-en-contextos-virtuales\referencias-redaccion-en-contextos-virtuales\libros-redaccion-en-contextos-virtuales\Escritura academica. De la teor - Juan Antonio Nunez Cortes.pdf,"Escritura academica. De la teor - Juan Antonio Nunez Cortes.pdf, p. 11; Escritura academica. De la teor - Juan Antonio Nunez Cortes.pdf, p. 19; Escritura academica. De la teor - Juan Antonio Nunez Cortes.pdf, p. 25; La escritura academica en la fo - Maria Ines Corte Vitoria.pdf, p. 106; La escritura academica en la fo - Maria Ines Corte Vitoria.pdf, p. 12; La escritura academica en la fo - Maria Ines Corte Vitoria.pdf, p. 13; La escritura academica en la fo - Maria Ines Corte Vitoria.pdf, p. 42; La escritura academica en la fo - Maria Ines Corte Vitoria.pdf, p. 44; La escritura academica en la fo - Maria Ines Corte Vitoria.pdf, p. 46; La escritura academica en la fo - Maria Ines Corte Vitoria.pdf, p. 54; La escritura academica en la fo - Maria Ines Corte Vitoria.pdf, p. 69; La escritura academica en la fo - Maria Ines Corte Vitoria.pdf, p. 70; La escritura academica en la fo - Maria Ines Corte Vitoria.pdf, p. 71; La escritura academica en la fo - Maria Ines Corte Vitoria.pdf, p. 87; La escritura academica en la fo - Maria Ines Corte Vitoria.pdf, p. 9; Taller de lectura y redaccion_ - Leopoldo Ayala.pdf, p. 185; Taller de lectura y redaccion_ - Leopoldo Ayala.pdf, p. 19; Taller de lectura y redaccion_ - Leopoldo Ayala.pdf, p. 27; Taller de lectura y redaccion_ - Leopoldo Ayala.pdf, p. 28; Taller de lectura y redaccion_ - Leopoldo Ayala.pdf, p. 29; Taller de lectura y redaccion_ - Leopoldo Ayala.pdf, p. 68; Taller de lectura y redaccion_ - Leopoldo Ayala.pdf, p. 80","La ficha presenta coincidencias útiles, pero conviene revisar la pertinencia de cada cita. Se agruparon referencias de múltiples fuentes para enriquecer el concepto. Hay 9 referencia(s) de baja similitud que podrían introducir ruido."
9,Mensaje,media,0.1439,0.0993,La escritura academica en la fo - Maria Ines Corte Vitoria.pdf,pdf,p. 13,13,0.0734,tfidf=0.0434; bonus=0.0300,"Por tanto, se trata de ofrecer al estudiante universitario recursos variados y polivalentes de escritura académica, evitando modelos pre- establecidos de escritura y ofreciéndole posibilidades diferenciadas de elaboración de sus escritos académicos. Se trata, también, de revisar algunos conceptos basados en teorías tradicionales (que priorizan la eficacia y la organización) para contraponerlos a los conceptos que se amparan en teorías críticas (que insisten en la reflexión y en la emancipación). Incluso habríamos de pensar en agregar a esa reflexión los enfoques que resaltan la importancia de la significación en la construcción del discurso.",La_escritura_academica_en_la_fo___Maria_Ines_Corte_Vitoria_b72aa8e231_b0013_f001,D:\Documentos\LaTEX\Template-Informe\UnADM\redaccion-en-contextos-virtuales\referencias-redaccion-en-contextos-virtuales\libros-redaccion-en-contextos-virtuales\La escritura academica en la fo - Maria Ines Corte Vitoria.pdf,"Escritura academica. De la teor - Juan Antonio Nunez Cortes.pdf, p. 11; Escritura academica. De la teor - Juan Antonio Nunez Cortes.pdf, p. 19; Escritura academica. De la teor - Juan Antonio Nunez Cortes.pdf, p. 25; La escritura academica en la fo - Maria Ines Corte Vitoria.pdf, p. 106; La escritura academica en la fo - Maria Ines Corte Vitoria.pdf, p. 12; La escritura academica en la fo - Maria Ines Corte Vitoria.pdf, p. 13; La escritura academica en la fo - Maria Ines Corte Vitoria.pdf, p. 42; La escritura academica en la fo - Maria Ines Corte Vitoria.pdf, p. 44; La escritura academica en la fo - Maria Ines Corte Vitoria.pdf, p. 46; La escritura academica en la fo - Maria Ines Corte Vitoria.pdf, p. 54; La escritura academica en la fo - Maria Ines Corte Vitoria.pdf, p. 69; La escritura academica en la fo - Maria Ines Corte Vitoria.pdf, p. 70; La escritura academica en la fo - Maria Ines Corte Vitoria.pdf, p. 71; La escritura academica en la fo - Maria Ines Corte Vitoria.pdf, p. 87; La escritura academica en la fo - Maria Ines Corte Vitoria.pdf, p. 9; Taller de lectura y redaccion_ - Leopoldo Ayala.pdf, p. 185; Taller de lectura y redaccion_ - Leopoldo Ayala.pdf, p. 19; Taller de lectura y redaccion_ - Leopoldo Ayala.pdf, p. 27; Taller de lectura y redaccion_ - Leopoldo Ayala.pdf, p. 28; Taller de lectura y redaccion_ - Leopoldo Ayala.pdf, p. 29; Taller de lectura y redaccion_ - Leopoldo Ayala.pdf, p. 68; Taller de lectura y redaccion_ - Leopoldo Ayala.pdf, p. 80","La ficha presenta coincidencias útiles, pero conviene revisar la pertinencia de cada cita. Se agruparon referencias de múltiples fuentes para enriquecer el concepto. Hay 9 referencia(s) de baja similitud que podrían introducir ruido."
9,Mensaje,media,0.1439,0.0993,Escritura academica. De la teor - Juan Antonio Nunez Cortes.pdf,pdf,p. 19,19,0.0706,tfidf=0.0406; bonus=0.0300,"1.3.1. La función epistémica de la escritura y los procesos de composición de textos La lectura y la escritura son procesos cognitivos puesto que el lenguaje reorganiza y reestructura el pensamiento. Al leer y escribir hacemos inferencias, utilizamos nuestros conocimientos previos, adelantamos información, ordenamos, jerarquizamos, resumimos, argumentamos, etc.",Escritura_academica__De_la_teor___Juan_Antonio_Nunez_Cortes_1a16d092a9_b0019_f001,D:\Documentos\LaTEX\Template-Informe\UnADM\redaccion-en-contextos-virtuales\referencias-redaccion-en-contextos-virtuales\libros-redaccion-en-contextos-virtuales\Escritura academica. De la teor - Juan Antonio Nunez Cortes.pdf,"Escritura academica. De la teor - Juan Antonio Nunez Cortes.pdf, p. 11; Escritura academica. De la teor - Juan Antonio Nunez Cortes.pdf, p. 19; Escritura academica. De la teor - Juan Antonio Nunez Cortes.pdf, p. 25; La escritura academica en la fo - Maria Ines Corte Vitoria.pdf, p. 106; La escritura academica en la fo - Maria Ines Corte Vitoria.pdf, p. 12; La escritura academica en la fo - Maria Ines Corte Vitoria.pdf, p. 13; La escritura academica en la fo - Maria Ines Corte Vitoria.pdf, p. 42; La escritura academica en la fo - Maria Ines Corte Vitoria.pdf, p. 44; La escritura academica en la fo - Maria Ines Corte Vitoria.pdf, p. 46; La escritura academica en la fo - Maria Ines Corte Vitoria.pdf, p. 54; La escritura academica en la fo - Maria Ines Corte Vitoria.pdf, p. 69; La escritura academica en la fo - Maria Ines Corte Vitoria.pdf, p. 70; La escritura academica en la fo - Maria Ines Corte Vitoria.pdf, p. 71; La escritura academica en la fo - Maria Ines Corte Vitoria.pdf, p. 87; La escritura academica en la fo - Maria Ines Corte Vitoria.pdf, p. 9; Taller de lectura y redaccion_ - Leopoldo Ayala.pdf, p. 185; Taller de lectura y redaccion_ - Leopoldo Ayala.pdf, p. 19; Taller de lectura y redaccion_ - Leopoldo Ayala.pdf, p. 27; Taller de lectura y redaccion_ - Leopoldo Ayala.pdf, p. 28; Taller de lectura y redaccion_ - Leopoldo Ayala.pdf, p. 29; Taller de lectura y redaccion_ - Leopoldo Ayala.pdf, p. 68; Taller de lectura y redaccion_ - Leopoldo Ayala.pdf, p. 80","La ficha presenta coincidencias útiles, pero conviene revisar la pertinencia de cada cita. Se agruparon referencias de múltiples fuentes para enriquecer el concepto. Hay 9 referencia(s) de baja similitud que podrían introducir ruido."
9,Mensaje,media,0.1439,0.0993,Taller de lectura y redaccion_ - Leopoldo Ayala.pdf,pdf,p. 68,68,0.07,tfidf=0.0500; bonus=0.0200,"Hoy el discurso es la más alta forma directa de comunicación humana. El discurso ha orientado, modelado y cons- truido la historia del siglo XX.",Taller_de_lectura_y_redaccion____Leopoldo_Ayala_c5996d4dd8_b0068_f002,D:\Documentos\LaTEX\Template-Informe\UnADM\redaccion-en-contextos-virtuales\referencias-redaccion-en-contextos-virtuales\libros-redaccion-en-contextos-virtuales\Taller de lectura y redaccion_ - Leopoldo Ayala.pdf,"Escritura academica. De la teor - Juan Antonio Nunez Cortes.pdf, p. 11; Escritura academica. De la teor - Juan Antonio Nunez Cortes.pdf, p. 19; Escritura academica. De la teor - Juan Antonio Nunez Cortes.pdf, p. 25; La escritura academica en la fo - Maria Ines Corte Vitoria.pdf, p. 106; La escritura academica en la fo - Maria Ines Corte Vitoria.pdf, p. 12; La escritura academica en la fo - Maria Ines Corte Vitoria.pdf, p. 13; La escritura academica en la fo - Maria Ines Corte Vitoria.pdf, p. 42; La escritura academica en la fo - Maria Ines Corte Vitoria.pdf, p. 44; La escritura academica en la fo - Maria Ines Corte Vitoria.pdf, p. 46; La escritura academica en la fo - Maria Ines Corte Vitoria.pdf, p. 54; La escritura academica en la fo - Maria Ines Corte Vitoria.pdf, p. 69; La escritura academica en la fo - Maria Ines Corte Vitoria.pdf, p. 70; La escritura academica en la fo - Maria Ines Corte Vitoria.pdf, p. 71; La escritura academica en la fo - Maria Ines Corte Vitoria.pdf, p. 87; La escritura academica en la fo - Maria Ines Corte Vitoria.pdf, p. 9; Taller de lectura y redaccion_ - Leopoldo Ayala.pdf, p. 185; Taller de lectura y redaccion_ - Leopoldo Ayala.pdf, p. 19; Taller de lectura y redaccion_ - Leopoldo Ayala.pdf, p. 27; Taller de lectura y redaccion_ - Leopoldo Ayala.pdf, p. 28; Taller de lectura y redaccion_ - Leopoldo Ayala.pdf, p. 29; Taller de lectura y redaccion_ - Leopoldo Ayala.pdf, p. 68; Taller de lectura y redaccion_ - Leopoldo Ayala.pdf, p. 80","La ficha presenta coincidencias útiles, pero conviene revisar la pertinencia de cada cita. Se agruparon referencias de múltiples fuentes para enriquecer el concepto. Hay 9 referencia(s) de baja similitud que podrían introducir ruido."
10,Receptor,media,0.1539,0.0894,Taller de lectura y redaccion_ - Leopoldo Ayala.pdf,pdf,p. 185,185,0.1539,tfidf=0.0839; bonus=0.0700,"La obra es el medio a través del cual el autor se comunica con el lector que es el receptor de su mensaje. Tiene función paralela a otros medios de comunicación como el cine de arte, la televisión cultural y el teatro.",Taller_de_lectura_y_redaccion____Leopoldo_Ayala_c5996d4dd8_b0185_f002,D:\Documentos\LaTEX\Template-Informe\UnADM\redaccion-en-contextos-virtuales\referencias-redaccion-en-contextos-virtuales\libros-redaccion-en-contextos-virtuales\Taller de lectura y redaccion_ - Leopoldo Ayala.pdf,"Escritura academica. De la teor - Juan Antonio Nunez Cortes.pdf, p. 11; Escritura academica. De la teor - Juan Antonio Nunez Cortes.pdf, p. 18; Escritura academica. De la teor - Juan Antonio Nunez Cortes.pdf, p. 19; Escritura academica. De la teor - Juan Antonio Nunez Cortes.pdf, p. 20; Escritura academica. De la teor - Juan Antonio Nunez Cortes.pdf, p. 27; Escritura academica. De la teor - Juan Antonio Nunez Cortes.pdf, p. 89; La escritura academica en la fo - Maria Ines Corte Vitoria.pdf, p. 26; La escritura academica en la fo - Maria Ines Corte Vitoria.pdf, p. 35; La escritura academica en la fo - Maria Ines Corte Vitoria.pdf, p. 36; La escritura academica en la fo - Maria Ines Corte Vitoria.pdf, p. 44; La escritura academica en la fo - Maria Ines Corte Vitoria.pdf, p. 46; La escritura academica en la fo - Maria Ines Corte Vitoria.pdf, p. 48; La escritura academica en la fo - Maria Ines Corte Vitoria.pdf, p. 69; La escritura academica en la fo - Maria Ines Corte Vitoria.pdf, p. 71; Taller de lectura y redaccion_ - Leopoldo Ayala.pdf, p. 178; Taller de lectura y redaccion_ - Leopoldo Ayala.pdf, p. 185; Taller de lectura y redaccion_ - Leopoldo Ayala.pdf, p. 19; Taller de lectura y redaccion_ - Leopoldo Ayala.pdf, p. 298; Taller de lectura y redaccion_ - Leopoldo Ayala.pdf, p. 31; Taller de lectura y redaccion_ - Leopoldo Ayala.pdf, p. 80","La ficha presenta coincidencias útiles, pero conviene revisar la pertinencia de cada cita. Se agruparon referencias de múltiples fuentes para enriquecer el concepto. Hay 10 referencia(s) de baja similitud que podrían introducir ruido."
10,Receptor,media,0.1539,0.0894,Taller de lectura y redaccion_ - Leopoldo Ayala.pdf,pdf,p. 19,19,0.1334,tfidf=0.1134; bonus=0.0200,EL LENGUAJE COMO MEDIO DE COMUNICACIÓN Las especies humana y animal se diferencian por el tipo de lenguaje que em- plean. En este capítulo abordaremos el lenguaje humano.,Taller_de_lectura_y_redaccion____Leopoldo_Ayala_c5996d4dd8_b0019_f001,D:\Documentos\LaTEX\Template-Informe\UnADM\redaccion-en-contextos-virtuales\referencias-redaccion-en-contextos-virtuales\libros-redaccion-en-contextos-virtuales\Taller de lectura y redaccion_ - Leopoldo Ayala.pdf,"Escritura academica. De la teor - Juan Antonio Nunez Cortes.pdf, p. 11; Escritura academica. De la teor - Juan Antonio Nunez Cortes.pdf, p. 18; Escritura academica. De la teor - Juan Antonio Nunez Cortes.pdf, p. 19; Escritura academica. De la teor - Juan Antonio Nunez Cortes.pdf, p. 20; Escritura academica. De la teor - Juan Antonio Nunez Cortes.pdf, p. 27; Escritura academica. De la teor - Juan Antonio Nunez Cortes.pdf, p. 89; La escritura academica en la fo - Maria Ines Corte Vitoria.pdf, p. 26; La escritura academica en la fo - Maria Ines Corte Vitoria.pdf, p. 35; La escritura academica en la fo - Maria Ines Corte Vitoria.pdf, p. 36; La escritura academica en la fo - Maria Ines Corte Vitoria.pdf, p. 44; La escritura academica en la fo - Maria Ines Corte Vitoria.pdf, p. 46; La escritura academica en la fo - Maria Ines Corte Vitoria.pdf, p. 48; La escritura academica en la fo - Maria Ines Corte Vitoria.pdf, p. 69; La escritura academica en la fo - Maria Ines Corte Vitoria.pdf, p. 71; Taller de lectura y redaccion_ - Leopoldo Ayala.pdf, p. 178; Taller de lectura y redaccion_ - Leopoldo Ayala.pdf, p. 185; Taller de lectura y redaccion_ - Leopoldo Ayala.pdf, p. 19; Taller de lectura y redaccion_ - Leopoldo Ayala.pdf, p. 298; Taller de lectura y redaccion_ - Leopoldo Ayala.pdf, p. 31; Taller de lectura y redaccion_ - Leopoldo Ayala.pdf, p. 80","La ficha presenta coincidencias útiles, pero conviene revisar la pertinencia de cada cita. Se agruparon referencias de múltiples fuentes para enriquecer el concepto. Hay 10 referencia(s) de baja similitud que podrían introducir ruido."
10,Receptor,media,0.1539,0.0894,La escritura academica en la fo - Maria Ines Corte Vitoria.pdf,pdf,p. 48,48,0.129,tfidf=0.0590; bonus=0.0700,"Tal vez estemos tan acostumbrados con los protocolos de la escritura que casi nunca pensamos en el sentido que esta tiene para los estudiantes. Nos parece claro que la capacidad de influencia de la escritura en el desarrollo personal de los estudiantes está estrictamente relacionada con la «inteligibilidad del texto en una situación de comunicación, lo que, a su vez, está vinculado a la capacidad que el receptor del texto (que lo interpreta para comprenderlo) tiene para captar su sentido» (Koch, 1983).",La_escritura_academica_en_la_fo___Maria_Ines_Corte_Vitoria_b72aa8e231_b0048_f002,D:\Documentos\LaTEX\Template-Informe\UnADM\redaccion-en-contextos-virtuales\referencias-redaccion-en-contextos-virtuales\libros-redaccion-en-contextos-virtuales\La escritura academica en la fo - Maria Ines Corte Vitoria.pdf,"Escritura academica. De la teor - Juan Antonio Nunez Cortes.pdf, p. 11; Escritura academica. De la teor - Juan Antonio Nunez Cortes.pdf, p. 18; Escritura academica. De la teor - Juan Antonio Nunez Cortes.pdf, p. 19; Escritura academica. De la teor - Juan Antonio Nunez Cortes.pdf, p. 20; Escritura academica. De la teor - Juan Antonio Nunez Cortes.pdf, p. 27; Escritura academica. De la teor - Juan Antonio Nunez Cortes.pdf, p. 89; La escritura academica en la fo - Maria Ines Corte Vitoria.pdf, p. 26; La escritura academica en la fo - Maria Ines Corte Vitoria.pdf, p. 35; La escritura academica en la fo - Maria Ines Corte Vitoria.pdf, p. 36; La escritura academica en la fo - Maria Ines Corte Vitoria.pdf, p. 44; La escritura academica en la fo - Maria Ines Corte Vitoria.pdf, p. 46; La escritura academica en la fo - Maria Ines Corte Vitoria.pdf, p. 48; La escritura academica en la fo - Maria Ines Corte Vitoria.pdf, p. 69; La escritura academica en la fo - Maria Ines Corte Vitoria.pdf, p. 71; Taller de lectura y redaccion_ - Leopoldo Ayala.pdf, p. 178; Taller de lectura y redaccion_ - Leopoldo Ayala.pdf, p. 185; Taller de lectura y redaccion_ - Leopoldo Ayala.pdf, p. 19; Taller de lectura y redaccion_ - Leopoldo Ayala.pdf, p. 298; Taller de lectura y redaccion_ - Leopoldo Ayala.pdf, p. 31; Taller de lectura y redaccion_ - Leopoldo Ayala.pdf, p. 80","La ficha presenta coincidencias útiles, pero conviene revisar la pertinencia de cada cita. Se agruparon referencias de múltiples fuentes para enriquecer el concepto. Hay 10 referencia(s) de baja similitud que podrían introducir ruido."
10,Receptor,media,0.1539,0.0894,La escritura academica en la fo - Maria Ines Corte Vitoria.pdf,pdf,p. 44,44,0.1243,tfidf=0.0543; bonus=0.0700,"Convertirla en señal (sonidos vocálicos, letras escritas, gestos, dibujos). Transmitir la señal a través de nuestros órganos y sentidos emisores (voz, escritura, gestos, etc.). • • El proceso se realiza a través de un recorrido contrario por parte del receptor del mensaje: recibirá una señal en sus receptores, la decodificará y (re)construirá con ella la idea que el emisor pretendía enviarle. Como sucede en todos estos procesos interrelacionados, la fortaleza del conjunto de la cadena nunca puede ser mayor que la del más débil de sus eslabones.",La_escritura_academica_en_la_fo___Maria_Ines_Corte_Vitoria_b72aa8e231_b0044_f001,D:\Documentos\LaTEX\Template-Informe\UnADM\redaccion-en-contextos-virtuales\referencias-redaccion-en-contextos-virtuales\libros-redaccion-en-contextos-virtuales\La escritura academica en la fo - Maria Ines Corte Vitoria.pdf,"Escritura academica. De la teor - Juan Antonio Nunez Cortes.pdf, p. 11; Escritura academica. De la teor - Juan Antonio Nunez Cortes.pdf, p. 18; Escritura academica. De la teor - Juan Antonio Nunez Cortes.pdf, p. 19; Escritura academica. De la teor - Juan Antonio Nunez Cortes.pdf, p. 20; Escritura academica. De la teor - Juan Antonio Nunez Cortes.pdf, p. 27; Escritura academica. De la teor - Juan Antonio Nunez Cortes.pdf, p. 89; La escritura academica en la fo - Maria Ines Corte Vitoria.pdf, p. 26; La escritura academica en la fo - Maria Ines Corte Vitoria.pdf, p. 35; La escritura academica en la fo - Maria Ines Corte Vitoria.pdf, p. 36; La escritura academica en la fo - Maria Ines Corte Vitoria.pdf, p. 44; La escritura academica en la fo - Maria Ines Corte Vitoria.pdf, p. 46; La escritura academica en la fo - Maria Ines Corte Vitoria.pdf, p. 48; La escritura academica en la fo - Maria Ines Corte Vitoria.pdf, p. 69; La escritura academica en la fo - Maria Ines Corte Vitoria.pdf, p. 71; Taller de lectura y redaccion_ - Leopoldo Ayala.pdf, p. 178; Taller de lectura y redaccion_ - Leopoldo Ayala.pdf, p. 185; Taller de lectura y redaccion_ - Leopoldo Ayala.pdf, p. 19; Taller de lectura y redaccion_ - Leopoldo Ayala.pdf, p. 298; Taller de lectura y redaccion_ - Leopoldo Ayala.pdf, p. 31; Taller de lectura y redaccion_ - Leopoldo Ayala.pdf, p. 80","La ficha presenta coincidencias útiles, pero conviene revisar la pertinencia de cada cita. Se agruparon referencias de múltiples fuentes para enriquecer el concepto. Hay 10 referencia(s) de baja similitud que podrían introducir ruido."
10,Receptor,media,0.1539,0.0894,Taller de lectura y redaccion_ - Leopoldo Ayala.pdf,pdf,p. 178,178,0.1243,tfidf=0.0543; bonus=0.0700,"El lector, hasta el momento de ter- minar la obra, ha sido un testigo que ha observado lo que ocurre en la nueva realidad que le ha presentado el autor. Un testigo interesado, asombrado o soli- darizado, pero indudablemente un receptor que ha obtenido una enseñanza. Esta enseñanza es la que aportará algo más a su vida.",Taller_de_lectura_y_redaccion____Leopoldo_Ayala_c5996d4dd8_b0178_f002,D:\Documentos\LaTEX\Template-Informe\UnADM\redaccion-en-contextos-virtuales\referencias-redaccion-en-contextos-virtuales\libros-redaccion-en-contextos-virtuales\Taller de lectura y redaccion_ - Leopoldo Ayala.pdf,"Escritura academica. De la teor - Juan Antonio Nunez Cortes.pdf, p. 11; Escritura academica. De la teor - Juan Antonio Nunez Cortes.pdf, p. 18; Escritura academica. De la teor - Juan Antonio Nunez Cortes.pdf, p. 19; Escritura academica. De la teor - Juan Antonio Nunez Cortes.pdf, p. 20; Escritura academica. De la teor - Juan Antonio Nunez Cortes.pdf, p. 27; Escritura academica. De la teor - Juan Antonio Nunez Cortes.pdf, p. 89; La escritura academica en la fo - Maria Ines Corte Vitoria.pdf, p. 26; La escritura academica en la fo - Maria Ines Corte Vitoria.pdf, p. 35; La escritura academica en la fo - Maria Ines Corte Vitoria.pdf, p. 36; La escritura academica en la fo - Maria Ines Corte Vitoria.pdf, p. 44; La escritura academica en la fo - Maria Ines Corte Vitoria.pdf, p. 46; La escritura academica en la fo - Maria Ines Corte Vitoria.pdf, p. 48; La escritura academica en la fo - Maria Ines Corte Vitoria.pdf, p. 69; La escritura academica en la fo - Maria Ines Corte Vitoria.pdf, p. 71; Taller de lectura y redaccion_ - Leopoldo Ayala.pdf, p. 178; Taller de lectura y redaccion_ - Leopoldo Ayala.pdf, p. 185; Taller de lectura y redaccion_ - Leopoldo Ayala.pdf, p. 19; Taller de lectura y redaccion_ - Leopoldo Ayala.pdf, p. 298; Taller de lectura y redaccion_ - Leopoldo Ayala.pdf, p. 31; Taller de lectura y redaccion_ - Leopoldo Ayala.pdf, p. 80","La ficha presenta coincidencias útiles, pero conviene revisar la pertinencia de cada cita. Se agruparon referencias de múltiples fuentes para enriquecer el concepto. Hay 10 referencia(s) de baja similitud que podrían introducir ruido."
10,Receptor,media,0.1539,0.0894,Taller de lectura y redaccion_ - Leopoldo Ayala.pdf,pdf,p. 298,298,0.1209,tfidf=0.0509; bonus=0.0700,"Propone un plan científico para desintegrar un camello y hacerlo que pase en chorro de electrones por el ojo de una aguja. Un aparato receptor (muy semejante en principio a la pantalla de televisión) organizará los electrones en átomos, los áto- mos en moléculas y las moléculas en células, reconstruyendo inmediatamente el ca- mello según su esquema primitivo. La posibilidad del experimento está garantizada por los adelantos de la física moderna.",Taller_de_lectura_y_redaccion____Leopoldo_Ayala_c5996d4dd8_b0298_f002,D:\Documentos\LaTEX\Template-Informe\UnADM\redaccion-en-contextos-virtuales\referencias-redaccion-en-contextos-virtuales\libros-redaccion-en-contextos-virtuales\Taller de lectura y redaccion_ - Leopoldo Ayala.pdf,"Escritura academica. De la teor - Juan Antonio Nunez Cortes.pdf, p. 11; Escritura academica. De la teor - Juan Antonio Nunez Cortes.pdf, p. 18; Escritura academica. De la teor - Juan Antonio Nunez Cortes.pdf, p. 19; Escritura academica. De la teor - Juan Antonio Nunez Cortes.pdf, p. 20; Escritura academica. De la teor - Juan Antonio Nunez Cortes.pdf, p. 27; Escritura academica. De la teor - Juan Antonio Nunez Cortes.pdf, p. 89; La escritura academica en la fo - Maria Ines Corte Vitoria.pdf, p. 26; La escritura academica en la fo - Maria Ines Corte Vitoria.pdf, p. 35; La escritura academica en la fo - Maria Ines Corte Vitoria.pdf, p. 36; La escritura academica en la fo - Maria Ines Corte Vitoria.pdf, p. 44; La escritura academica en la fo - Maria Ines Corte Vitoria.pdf, p. 46; La escritura academica en la fo - Maria Ines Corte Vitoria.pdf, p. 48; La escritura academica en la fo - Maria Ines Corte Vitoria.pdf, p. 69; La escritura academica en la fo - Maria Ines Corte Vitoria.pdf, p. 71; Taller de lectura y redaccion_ - Leopoldo Ayala.pdf, p. 178; Taller de lectura y redaccion_ - Leopoldo Ayala.pdf, p. 185; Taller de lectura y redaccion_ - Leopoldo Ayala.pdf, p. 19; Taller de lectura y redaccion_ - Leopoldo Ayala.pdf, p. 298; Taller de lectura y redaccion_ - Leopoldo Ayala.pdf, p. 31; Taller de lectura y redaccion_ - Leopoldo Ayala.pdf, p. 80","La ficha presenta coincidencias útiles, pero conviene revisar la pertinencia de cada cita. Se agruparon referencias de múltiples fuentes para enriquecer el concepto. Hay 10 referencia(s) de baja similitud que podrían introducir ruido."
10,Receptor,media,0.1539,0.0894,La escritura academica en la fo - Maria Ines Corte Vitoria.pdf,pdf,p. 69,69,0.1028,tfidf=0.0928; bonus=0.0100,"prevalencia de la lengua hablada sobre la lengua escrita (Saussure, 1969). La escritura, ya lo hemos señalado en el capítulo 1, fija y objetiva el lenguaje hablado pero, al hacerlo, transforma ese lenguaje en un nuevo lenguaje que posee una existencia independiente del primero. El lenguaje escrito es menos móvil que el lenguaje oral, sus transformaciones son muy lentas y poco numerosas.",La_escritura_academica_en_la_fo___Maria_Ines_Corte_Vitoria_b72aa8e231_b0069_f001,D:\Documentos\LaTEX\Template-Informe\UnADM\redaccion-en-contextos-virtuales\referencias-redaccion-en-contextos-virtuales\libros-redaccion-en-contextos-virtuales\La escritura academica en la fo - Maria Ines Corte Vitoria.pdf,"Escritura academica. De la teor - Juan Antonio Nunez Cortes.pdf, p. 11; Escritura academica. De la teor - Juan Antonio Nunez Cortes.pdf, p. 18; Escritura academica. De la teor - Juan Antonio Nunez Cortes.pdf, p. 19; Escritura academica. De la teor - Juan Antonio Nunez Cortes.pdf, p. 20; Escritura academica. De la teor - Juan Antonio Nunez Cortes.pdf, p. 27; Escritura academica. De la teor - Juan Antonio Nunez Cortes.pdf, p. 89; La escritura academica en la fo - Maria Ines Corte Vitoria.pdf, p. 26; La escritura academica en la fo - Maria Ines Corte Vitoria.pdf, p. 35; La escritura academica en la fo - Maria Ines Corte Vitoria.pdf, p. 36; La escritura academica en la fo - Maria Ines Corte Vitoria.pdf, p. 44; La escritura academica en la fo - Maria Ines Corte Vitoria.pdf, p. 46; La escritura academica en la fo - Maria Ines Corte Vitoria.pdf, p. 48; La escritura academica en la fo - Maria Ines Corte Vitoria.pdf, p. 69; La escritura academica en la fo - Maria Ines Corte Vitoria.pdf, p. 71; Taller de lectura y redaccion_ - Leopoldo Ayala.pdf, p. 178; Taller de lectura y redaccion_ - Leopoldo Ayala.pdf, p. 185; Taller de lectura y redaccion_ - Leopoldo Ayala.pdf, p. 19; Taller de lectura y redaccion_ - Leopoldo Ayala.pdf, p. 298; Taller de lectura y redaccion_ - Leopoldo Ayala.pdf, p. 31; Taller de lectura y redaccion_ - Leopoldo Ayala.pdf, p. 80","La ficha presenta coincidencias útiles, pero conviene revisar la pertinencia de cada cita. Se agruparon referencias de múltiples fuentes para enriquecer el concepto. Hay 10 referencia(s) de baja similitud que podrían introducir ruido."
10,Receptor,media,0.1539,0.0894,La escritura academica en la fo - Maria Ines Corte Vitoria.pdf,pdf,p. 71,71,0.0907,tfidf=0.0707; bonus=0.0200,"Pero una constatación bastante generalizada es que nuestros estudiantes padecen escasez de vocabulario, lo que les lleva a emplear casi siempre las mismas palabras para expresar todo aquello que perciben y captan de la realidad. Tal vez por este motivo muchos estudiosos del lenguaje ven en el lenguaje coloquial una forma de manifestación cultural resultante de las vivencias de estos jóvenes, tan legítima cuanto pudiera serlo el más erudito verbo de la lengua. La cuestión es si ese lenguaje es el más apropiado para la comunicación en el contexto académico, una de cuyas características es, precisamente, el lenguaje propio y diferenciado de las 71",La_escritura_academica_en_la_fo___Maria_Ines_Corte_Vitoria_b72aa8e231_b0071_f003,D:\Documentos\LaTEX\Template-Informe\UnADM\redaccion-en-contextos-virtuales\referencias-redaccion-en-contextos-virtuales\libros-redaccion-en-contextos-virtuales\La escritura academica en la fo - Maria Ines Corte Vitoria.pdf,"Escritura academica. De la teor - Juan Antonio Nunez Cortes.pdf, p. 11; Escritura academica. De la teor - Juan Antonio Nunez Cortes.pdf, p. 18; Escritura academica. De la teor - Juan Antonio Nunez Cortes.pdf, p. 19; Escritura academica. De la teor - Juan Antonio Nunez Cortes.pdf, p. 20; Escritura academica. De la teor - Juan Antonio Nunez Cortes.pdf, p. 27; Escritura academica. De la teor - Juan Antonio Nunez Cortes.pdf, p. 89; La escritura academica en la fo - Maria Ines Corte Vitoria.pdf, p. 26; La escritura academica en la fo - Maria Ines Corte Vitoria.pdf, p. 35; La escritura academica en la fo - Maria Ines Corte Vitoria.pdf, p. 36; La escritura academica en la fo - Maria Ines Corte Vitoria.pdf, p. 44; La escritura academica en la fo - Maria Ines Corte Vitoria.pdf, p. 46; La escritura academica en la fo - Maria Ines Corte Vitoria.pdf, p. 48; La escritura academica en la fo - Maria Ines Corte Vitoria.pdf, p. 69; La escritura academica en la fo - Maria Ines Corte Vitoria.pdf, p. 71; Taller de lectura y redaccion_ - Leopoldo Ayala.pdf, p. 178; Taller de lectura y redaccion_ - Leopoldo Ayala.pdf, p. 185; Taller de lectura y redaccion_ - Leopoldo Ayala.pdf, p. 19; Taller de lectura y redaccion_ - Leopoldo Ayala.pdf, p. 298; Taller de lectura y redaccion_ - Leopoldo Ayala.pdf, p. 31; Taller de lectura y redaccion_ - Leopoldo Ayala.pdf, p. 80","La ficha presenta coincidencias útiles, pero conviene revisar la pertinencia de cada cita. Se agruparon referencias de múltiples fuentes para enriquecer el concepto. Hay 10 referencia(s) de baja similitud que podrían introducir ruido."
10,Receptor,media,0.1539,0.0894,Taller de lectura y redaccion_ - Leopoldo Ayala.pdf,pdf,p. 31,31,0.087,tfidf=0.0670; bonus=0.0200,"LIBRO DE CONSULTA 31 lenguaje y las palabras, en la misma forma en que un pintor necesita conocer los colores, los volúmenes y las formas. Se ha llegado a considerar tema de discu- sión si fue el lenguaje el que nació de la sociedad o fue la sociedad la que nació del lenguaje. Lograrán mejor comunicación todos aquellos que sean más preci- sos en hacerse entender mejor.",Taller_de_lectura_y_redaccion____Leopoldo_Ayala_c5996d4dd8_b0031_f001,D:\Documentos\LaTEX\Template-Informe\UnADM\redaccion-en-contextos-virtuales\referencias-redaccion-en-contextos-virtuales\libros-redaccion-en-contextos-virtuales\Taller de lectura y redaccion_ - Leopoldo Ayala.pdf,"Escritura academica. De la teor - Juan Antonio Nunez Cortes.pdf, p. 11; Escritura academica. De la teor - Juan Antonio Nunez Cortes.pdf, p. 18; Escritura academica. De la teor - Juan Antonio Nunez Cortes.pdf, p. 19; Escritura academica. De la teor - Juan Antonio Nunez Cortes.pdf, p. 20; Escritura academica. De la teor - Juan Antonio Nunez Cortes.pdf, p. 27; Escritura academica. De la teor - Juan Antonio Nunez Cortes.pdf, p. 89; La escritura academica en la fo - Maria Ines Corte Vitoria.pdf, p. 26; La escritura academica en la fo - Maria Ines Corte Vitoria.pdf, p. 35; La escritura academica en la fo - Maria Ines Corte Vitoria.pdf, p. 36; La escritura academica en la fo - Maria Ines Corte Vitoria.pdf, p. 44; La escritura academica en la fo - Maria Ines Corte Vitoria.pdf, p. 46; La escritura academica en la fo - Maria Ines Corte Vitoria.pdf, p. 48; La escritura academica en la fo - Maria Ines Corte Vitoria.pdf, p. 69; La escritura academica en la fo - Maria Ines Corte Vitoria.pdf, p. 71; Taller de lectura y redaccion_ - Leopoldo Ayala.pdf, p. 178; Taller de lectura y redaccion_ - Leopoldo Ayala.pdf, p. 185; Taller de lectura y redaccion_ - Leopoldo Ayala.pdf, p. 19; Taller de lectura y redaccion_ - Leopoldo Ayala.pdf, p. 298; Taller de lectura y redaccion_ - Leopoldo Ayala.pdf, p. 31; Taller de lectura y redaccion_ - Leopoldo Ayala.pdf, p. 80","La ficha presenta coincidencias útiles, pero conviene revisar la pertinencia de cada cita. Se agruparon referencias de múltiples fuentes para enriquecer el concepto. Hay 10 referencia(s) de baja similitud que podrían introducir ruido."
10,Receptor,media,0.1539,0.0894,Taller de lectura y redaccion_ - Leopoldo Ayala.pdf,pdf,p. 80,80,0.0829,tfidf=0.0729; bonus=0.0100,"Si queremos decir cómo deseamos que se eduquen nuestros niños, debemos decir sin vacilación: ¡Queremos que se eduquen en el espíritu del Che! Si queremos un modelo de hombre, un modelo de hombre que no pertenece a este tiempo, un modelo de hombre que pertenece a los tiempos futuros, de corazón digo que ese modelo, sin una sola mancha en su conducta, sin una sola mancha en su actitud, sin una sola mancha en su actuación: ¡Ese modelo es el Che! Si queremos saber cómo deseamos que sean nuestros hijos, debemos decir con todo el corazón de vehementes revolu- cionarios: ¡Queremos que sean como el Che!",Taller_de_lectura_y_redaccion____Leopoldo_Ayala_c5996d4dd8_b0080_f002,D:\Documentos\LaTEX\Template-Informe\UnADM\redaccion-en-contextos-virtuales\referencias-redaccion-en-contextos-virtuales\libros-redaccion-en-contextos-virtuales\Taller de lectura y redaccion_ - Leopoldo Ayala.pdf,"Escritura academica. De la teor - Juan Antonio Nunez Cortes.pdf, p. 11; Escritura academica. De la teor - Juan Antonio Nunez Cortes.pdf, p. 18; Escritura academica. De la teor - Juan Antonio Nunez Cortes.pdf, p. 19; Escritura academica. De la teor - Juan Antonio Nunez Cortes.pdf, p. 20; Escritura academica. De la teor - Juan Antonio Nunez Cortes.pdf, p. 27; Escritura academica. De la teor - Juan Antonio Nunez Cortes.pdf, p. 89; La escritura academica en la fo - Maria Ines Corte Vitoria.pdf, p. 26; La escritura academica en la fo - Maria Ines Corte Vitoria.pdf, p. 35; La escritura academica en la fo - Maria Ines Corte Vitoria.pdf, p. 36; La escritura academica en la fo - Maria Ines Corte Vitoria.pdf, p. 44; La escritura academica en la fo - Maria Ines Corte Vitoria.pdf, p. 46; La escritura academica en la fo - Maria Ines Corte Vitoria.pdf, p. 48; La escritura academica en la fo - Maria Ines Corte Vitoria.pdf, p. 69; La escritura academica en la fo - Maria Ines Corte Vitoria.pdf, p. 71; Taller de lectura y redaccion_ - Leopoldo Ayala.pdf, p. 178; Taller de lectura y redaccion_ - Leopoldo Ayala.pdf, p. 185; Taller de lectura y redaccion_ - Leopoldo Ayala.pdf, p. 19; Taller de lectura y redaccion_ - Leopoldo Ayala.pdf, p. 298; Taller de lectura y redaccion_ - Leopoldo Ayala.pdf, p. 31; Taller de lectura y redaccion_ - Leopoldo Ayala.pdf, p. 80","La ficha presenta coincidencias útiles, pero conviene revisar la pertinencia de cada cita. Se agruparon referencias de múltiples fuentes para enriquecer el concepto. Hay 10 referencia(s) de baja similitud que podrían introducir ruido."
10,Receptor,media,0.1539,0.0894,Escritura academica. De la teor - Juan Antonio Nunez Cortes.pdf,pdf,p. 19,19,0.0824,tfidf=0.0724; bonus=0.0100,"44). Ahora bien, entienden que pasar de un modelo a otro conlleva la reconstrucción de una estructura cognitiva y que no es un mero proceso de crecimiento. Pese a que parezca obvio, existe un gran desconocimiento por parte de los profesores, y también de las instituciones, del potencial epistémico que tiene la escritura (Carlino, 2003), aun cuando las materias se pueden y deben aprender leyendo y escribiendo textos relacionados con tales materias, entre otras actividades.",Escritura_academica__De_la_teor___Juan_Antonio_Nunez_Cortes_1a16d092a9_b0019_f002,D:\Documentos\LaTEX\Template-Informe\UnADM\redaccion-en-contextos-virtuales\referencias-redaccion-en-contextos-virtuales\libros-redaccion-en-contextos-virtuales\Escritura academica. De la teor - Juan Antonio Nunez Cortes.pdf,"Escritura academica. De la teor - Juan Antonio Nunez Cortes.pdf, p. 11; Escritura academica. De la teor - Juan Antonio Nunez Cortes.pdf, p. 18; Escritura academica. De la teor - Juan Antonio Nunez Cortes.pdf, p. 19; Escritura academica. De la teor - Juan Antonio Nunez Cortes.pdf, p. 20; Escritura academica. De la teor - Juan Antonio Nunez Cortes.pdf, p. 27; Escritura academica. De la teor - Juan Antonio Nunez Cortes.pdf, p. 89; La escritura academica en la fo - Maria Ines Corte Vitoria.pdf, p. 26; La escritura academica en la fo - Maria Ines Corte Vitoria.pdf, p. 35; La escritura academica en la fo - Maria Ines Corte Vitoria.pdf, p. 36; La escritura academica en la fo - Maria Ines Corte Vitoria.pdf, p. 44; La escritura academica en la fo - Maria Ines Corte Vitoria.pdf, p. 46; La escritura academica en la fo - Maria Ines Corte Vitoria.pdf, p. 48; La escritura academica en la fo - Maria Ines Corte Vitoria.pdf, p. 69; La escritura academica en la fo - Maria Ines Corte Vitoria.pdf, p. 71; Taller de lectura y redaccion_ - Leopoldo Ayala.pdf, p. 178; Taller de lectura y redaccion_ - Leopoldo Ayala.pdf, p. 185; Taller de lectura y redaccion_ - Leopoldo Ayala.pdf, p. 19; Taller de lectura y redaccion_ - Leopoldo Ayala.pdf, p. 298; Taller de lectura y redaccion_ - Leopoldo Ayala.pdf, p. 31; Taller de lectura y redaccion_ - Leopoldo Ayala.pdf, p. 80","La ficha presenta coincidencias útiles, pero conviene revisar la pertinencia de cada cita. Se agruparon referencias de múltiples fuentes para enriquecer el concepto. Hay 10 referencia(s) de baja similitud que podrían introducir ruido."
10,Receptor,media,0.1539,0.0894,Escritura academica. De la teor - Juan Antonio Nunez Cortes.pdf,pdf,p. 27,27,0.0778,tfidf=0.0478; bonus=0.0300,"Cassany, D. y Castellà, J. (2010). Aproximación a la literacidad crítica. Perspectiva, 28(2), 353-374.",Escritura_academica__De_la_teor___Juan_Antonio_Nunez_Cortes_1a16d092a9_b0027_f002,D:\Documentos\LaTEX\Template-Informe\UnADM\redaccion-en-contextos-virtuales\referencias-redaccion-en-contextos-virtuales\libros-redaccion-en-contextos-virtuales\Escritura academica. De la teor - Juan Antonio Nunez Cortes.pdf,"Escritura academica. De la teor - Juan Antonio Nunez Cortes.pdf, p. 11; Escritura academica. De la teor - Juan Antonio Nunez Cortes.pdf, p. 18; Escritura academica. De la teor - Juan Antonio Nunez Cortes.pdf, p. 19; Escritura academica. De la teor - Juan Antonio Nunez Cortes.pdf, p. 20; Escritura academica. De la teor - Juan Antonio Nunez Cortes.pdf, p. 27; Escritura academica. De la teor - Juan Antonio Nunez Cortes.pdf, p. 89; La escritura academica en la fo - Maria Ines Corte Vitoria.pdf, p. 26; La escritura academica en la fo - Maria Ines Corte Vitoria.pdf, p. 35; La escritura academica en la fo - Maria Ines Corte Vitoria.pdf, p. 36; La escritura academica en la fo - Maria Ines Corte Vitoria.pdf, p. 44; La escritura academica en la fo - Maria Ines Corte Vitoria.pdf, p. 46; La escritura academica en la fo - Maria Ines Corte Vitoria.pdf, p. 48; La escritura academica en la fo - Maria Ines Corte Vitoria.pdf, p. 69; La escritura academica en la fo - Maria Ines Corte Vitoria.pdf, p. 71; Taller de lectura y redaccion_ - Leopoldo Ayala.pdf, p. 178; Taller de lectura y redaccion_ - Leopoldo Ayala.pdf, p. 185; Taller de lectura y redaccion_ - Leopoldo Ayala.pdf, p. 19; Taller de lectura y redaccion_ - Leopoldo Ayala.pdf, p. 298; Taller de lectura y redaccion_ - Leopoldo Ayala.pdf, p. 31; Taller de lectura y redaccion_ - Leopoldo Ayala.pdf, p. 80","La ficha presenta coincidencias útiles, pero conviene revisar la pertinencia de cada cita. Se agruparon referencias de múltiples fuentes para enriquecer el concepto. Hay 10 referencia(s) de baja similitud que podrían introducir ruido."
10,Receptor,media,0.1539,0.0894,La escritura academica en la fo - Maria Ines Corte Vitoria.pdf,pdf,p. 46,46,0.074,tfidf=0.0540; bonus=0.0200,"Para mejorar estas dificultades, podrían incorporarse periodos de escritura, frecuentes y graduados en exigencia, en los que cada sujeto pudiera ir reforzando sus actitudes positivas hacia sí mismo y hacia los textos que elabore: tomar apuntes, recodificar textos ajenos, prestar apoyo en las revisiones y segundas versiones (ya que la escritura académica exige una sumisión adicional a reglas prescriptivas, además de las funcionales), etc. Una teoría integrada de la escritura Desde esta perspectiva, estos son los puntos recurrentes en una teoría integrada de la escritura; la escritura: • • Es un acto de comunicación cuyo interlocutor es virtual.",La_escritura_academica_en_la_fo___Maria_Ines_Corte_Vitoria_b72aa8e231_b0046_f001,D:\Documentos\LaTEX\Template-Informe\UnADM\redaccion-en-contextos-virtuales\referencias-redaccion-en-contextos-virtuales\libros-redaccion-en-contextos-virtuales\La escritura academica en la fo - Maria Ines Corte Vitoria.pdf,"Escritura academica. De la teor - Juan Antonio Nunez Cortes.pdf, p. 11; Escritura academica. De la teor - Juan Antonio Nunez Cortes.pdf, p. 18; Escritura academica. De la teor - Juan Antonio Nunez Cortes.pdf, p. 19; Escritura academica. De la teor - Juan Antonio Nunez Cortes.pdf, p. 20; Escritura academica. De la teor - Juan Antonio Nunez Cortes.pdf, p. 27; Escritura academica. De la teor - Juan Antonio Nunez Cortes.pdf, p. 89; La escritura academica en la fo - Maria Ines Corte Vitoria.pdf, p. 26; La escritura academica en la fo - Maria Ines Corte Vitoria.pdf, p. 35; La escritura academica en la fo - Maria Ines Corte Vitoria.pdf, p. 36; La escritura academica en la fo - Maria Ines Corte Vitoria.pdf, p. 44; La escritura academica en la fo - Maria Ines Corte Vitoria.pdf, p. 46; La escritura academica en la fo - Maria Ines Corte Vitoria.pdf, p. 48; La escritura academica en la fo - Maria Ines Corte Vitoria.pdf, p. 69; La escritura academica en la fo - Maria Ines Corte Vitoria.pdf, p. 71; Taller de lectura y redaccion_ - Leopoldo Ayala.pdf, p. 178; Taller de lectura y redaccion_ - Leopoldo Ayala.pdf, p. 185; Taller de lectura y redaccion_ - Leopoldo Ayala.pdf, p. 19; Taller de lectura y redaccion_ - Leopoldo Ayala.pdf, p. 298; Taller de lectura y redaccion_ - Leopoldo Ayala.pdf, p. 31; Taller de lectura y redaccion_ - Leopoldo Ayala.pdf, p. 80","La ficha presenta coincidencias útiles, pero conviene revisar la pertinencia de cada cita. Se agruparon referencias de múltiples fuentes para enriquecer el concepto. Hay 10 referencia(s) de baja similitud que podrían introducir ruido."
10,Receptor,media,0.1539,0.0894,Escritura academica. De la teor - Juan Antonio Nunez Cortes.pdf,pdf,p. 11,11,0.0734,tfidf=0.0434; bonus=0.0300,"El libro está dividido en cinco capítulos. Cada uno de los capítulos, excepto el primero, alterna la teoría con la práctica a través de actividades sobre los contenidos expuestos. Al final del libro se presenta un solucionario con todas las actividades.",Escritura_academica__De_la_teor___Juan_Antonio_Nunez_Cortes_1a16d092a9_b0011_f002,D:\Documentos\LaTEX\Template-Informe\UnADM\redaccion-en-contextos-virtuales\referencias-redaccion-en-contextos-virtuales\libros-redaccion-en-contextos-virtuales\Escritura academica. De la teor - Juan Antonio Nunez Cortes.pdf,"Escritura academica. De la teor - Juan Antonio Nunez Cortes.pdf, p. 11; Escritura academica. De la teor - Juan Antonio Nunez Cortes.pdf, p. 18; Escritura academica. De la teor - Juan Antonio Nunez Cortes.pdf, p. 19; Escritura academica. De la teor - Juan Antonio Nunez Cortes.pdf, p. 20; Escritura academica. De la teor - Juan Antonio Nunez Cortes.pdf, p. 27; Escritura academica. De la teor - Juan Antonio Nunez Cortes.pdf, p. 89; La escritura academica en la fo - Maria Ines Corte Vitoria.pdf, p. 26; La escritura academica en la fo - Maria Ines Corte Vitoria.pdf, p. 35; La escritura academica en la fo - Maria Ines Corte Vitoria.pdf, p. 36; La escritura academica en la fo - Maria Ines Corte Vitoria.pdf, p. 44; La escritura academica en la fo - Maria Ines Corte Vitoria.pdf, p. 46; La escritura academica en la fo - Maria Ines Corte Vitoria.pdf, p. 48; La escritura academica en la fo - Maria Ines Corte Vitoria.pdf, p. 69; La escritura academica en la fo - Maria Ines Corte Vitoria.pdf, p. 71; Taller de lectura y redaccion_ - Leopoldo Ayala.pdf, p. 178; Taller de lectura y redaccion_ - Leopoldo Ayala.pdf, p. 185; Taller de lectura y redaccion_ - Leopoldo Ayala.pdf, p. 19; Taller de lectura y redaccion_ - Leopoldo Ayala.pdf, p. 298; Taller de lectura y redaccion_ - Leopoldo Ayala.pdf, p. 31; Taller de lectura y redaccion_ - Leopoldo Ayala.pdf, p. 80","La ficha presenta coincidencias útiles, pero conviene revisar la pertinencia de cada cita. Se agruparon referencias de múltiples fuentes para enriquecer el concepto. Hay 10 referencia(s) de baja similitud que podrían introducir ruido."
10,Receptor,media,0.1539,0.0894,La escritura academica en la fo - Maria Ines Corte Vitoria.pdf,pdf,p. 35,35,0.0717,tfidf=0.0517; bonus=0.0200,"Ya no se entiende alfabetizar como una simple decodificación de signos lingüísticos, y mucho menos se limita a «enseñar» códigos. Más que eso, la alfabetización tiene que ver con la capacidad para leer el mundo, para traducir en palabras nuestro contexto y nuestras condiciones de vida.",La_escritura_academica_en_la_fo___Maria_Ines_Corte_Vitoria_b72aa8e231_b0035_f002,D:\Documentos\LaTEX\Template-Informe\UnADM\redaccion-en-contextos-virtuales\referencias-redaccion-en-contextos-virtuales\libros-redaccion-en-contextos-virtuales\La escritura academica en la fo - Maria Ines Corte Vitoria.pdf,"Escritura academica. De la teor - Juan Antonio Nunez Cortes.pdf, p. 11; Escritura academica. De la teor - Juan Antonio Nunez Cortes.pdf, p. 18; Escritura academica. De la teor - Juan Antonio Nunez Cortes.pdf, p. 19; Escritura academica. De la teor - Juan Antonio Nunez Cortes.pdf, p. 20; Escritura academica. De la teor - Juan Antonio Nunez Cortes.pdf, p. 27; Escritura academica. De la teor - Juan Antonio Nunez Cortes.pdf, p. 89; La escritura academica en la fo - Maria Ines Corte Vitoria.pdf, p. 26; La escritura academica en la fo - Maria Ines Corte Vitoria.pdf, p. 35; La escritura academica en la fo - Maria Ines Corte Vitoria.pdf, p. 36; La escritura academica en la fo - Maria Ines Corte Vitoria.pdf, p. 44; La escritura academica en la fo - Maria Ines Corte Vitoria.pdf, p. 46; La escritura academica en la fo - Maria Ines Corte Vitoria.pdf, p. 48; La escritura academica en la fo - Maria Ines Corte Vitoria.pdf, p. 69; La escritura academica en la fo - Maria Ines Corte Vitoria.pdf, p. 71; Taller de lectura y redaccion_ - Leopoldo Ayala.pdf, p. 178; Taller de lectura y redaccion_ - Leopoldo Ayala.pdf, p. 185; Taller de lectura y redaccion_ - Leopoldo Ayala.pdf, p. 19; Taller de lectura y redaccion_ - Leopoldo Ayala.pdf, p. 298; Taller de lectura y redaccion_ - Leopoldo Ayala.pdf, p. 31; Taller de lectura y redaccion_ - Leopoldo Ayala.pdf, p. 80","La ficha presenta coincidencias útiles, pero conviene revisar la pertinencia de cada cita. Se agruparon referencias de múltiples fuentes para enriquecer el concepto. Hay 10 referencia(s) de baja similitud que podrían introducir ruido."
10,Receptor,media,0.1539,0.0894,Escritura academica. De la teor - Juan Antonio Nunez Cortes.pdf,pdf,p. 18,18,0.07,tfidf=0.0000; bonus=0.0700,"Como escritores noveles dentro de la comunidad académica, los estudiantes universitarios tienen que tener también esto en cuenta, de tal manera que se sepa que al escribir muestran sus opciones y el grado en que han puesto en diálogo el conocimiento previo. Además, a través de nuestros discursos no solo nos retratamos al mostrar o presuponer nuestros conocimientos, también damos cuenta del conocimiento que tienen o creemos que tienen nuestros receptores y otras personas (Van Dijk, 2002). Cuanta más experiencia tiene un escritor, más presente está en su proceso de escritura su destinatario y más se adecua el texto a las necesidades concretas de los receptores.",Escritura_academica__De_la_teor___Juan_Antonio_Nunez_Cortes_1a16d092a9_b0018_f001,D:\Documentos\LaTEX\Template-Informe\UnADM\redaccion-en-contextos-virtuales\referencias-redaccion-en-contextos-virtuales\libros-redaccion-en-contextos-virtuales\Escritura academica. De la teor - Juan Antonio Nunez Cortes.pdf,"Escritura academica. De la teor - Juan Antonio Nunez Cortes.pdf, p. 11; Escritura academica. De la teor - Juan Antonio Nunez Cortes.pdf, p. 18; Escritura academica. De la teor - Juan Antonio Nunez Cortes.pdf, p. 19; Escritura academica. De la teor - Juan Antonio Nunez Cortes.pdf, p. 20; Escritura academica. De la teor - Juan Antonio Nunez Cortes.pdf, p. 27; Escritura academica. De la teor - Juan Antonio Nunez Cortes.pdf, p. 89; La escritura academica en la fo - Maria Ines Corte Vitoria.pdf, p. 26; La escritura academica en la fo - Maria Ines Corte Vitoria.pdf, p. 35; La escritura academica en la fo - Maria Ines Corte Vitoria.pdf, p. 36; La escritura academica en la fo - Maria Ines Corte Vitoria.pdf, p. 44; La escritura academica en la fo - Maria Ines Corte Vitoria.pdf, p. 46; La escritura academica en la fo - Maria Ines Corte Vitoria.pdf, p. 48; La escritura academica en la fo - Maria Ines Corte Vitoria.pdf, p. 69; La escritura academica en la fo - Maria Ines Corte Vitoria.pdf, p. 71; Taller de lectura y redaccion_ - Leopoldo Ayala.pdf, p. 178; Taller de lectura y redaccion_ - Leopoldo Ayala.pdf, p. 185; Taller de lectura y redaccion_ - Leopoldo Ayala.pdf, p. 19; Taller de lectura y redaccion_ - Leopoldo Ayala.pdf, p. 298; Taller de lectura y redaccion_ - Leopoldo Ayala.pdf, p. 31; Taller de lectura y redaccion_ - Leopoldo Ayala.pdf, p. 80","La ficha presenta coincidencias útiles, pero conviene revisar la pertinencia de cada cita. Se agruparon referencias de múltiples fuentes para enriquecer el concepto. Hay 10 referencia(s) de baja similitud que podrían introducir ruido."
10,Receptor,media,0.1539,0.0894,La escritura academica en la fo - Maria Ines Corte Vitoria.pdf,pdf,p. 26,26,0.0677,tfidf=0.0477; bonus=0.0200,"provisional que luego sus colegas han ido ampliando. Lo que nos interesa en este apartado es la inteligencia lingüística, entendida como la capacidad de dominar el lenguaje como medio de construcción y representación de nuestras propias ideas y como herramienta de comunicación con los otros. Para Gardner, la inteligencia lingüística no hace solamente referencia a la habilidad de comunicación oral, sino que incluye a todas las formas de transmitir mensajes como la escritura y la gestualidad.",La_escritura_academica_en_la_fo___Maria_Ines_Corte_Vitoria_b72aa8e231_b0026_f001,D:\Documentos\LaTEX\Template-Informe\UnADM\redaccion-en-contextos-virtuales\referencias-redaccion-en-contextos-virtuales\libros-redaccion-en-contextos-virtuales\La escritura academica en la fo - Maria Ines Corte Vitoria.pdf,"Escritura academica. De la teor - Juan Antonio Nunez Cortes.pdf, p. 11; Escritura academica. De la teor - Juan Antonio Nunez Cortes.pdf, p. 18; Escritura academica. De la teor - Juan Antonio Nunez Cortes.pdf, p. 19; Escritura academica. De la teor - Juan Antonio Nunez Cortes.pdf, p. 20; Escritura academica. De la teor - Juan Antonio Nunez Cortes.pdf, p. 27; Escritura academica. De la teor - Juan Antonio Nunez Cortes.pdf, p. 89; La escritura academica en la fo - Maria Ines Corte Vitoria.pdf, p. 26; La escritura academica en la fo - Maria Ines Corte Vitoria.pdf, p. 35; La escritura academica en la fo - Maria Ines Corte Vitoria.pdf, p. 36; La escritura academica en la fo - Maria Ines Corte Vitoria.pdf, p. 44; La escritura academica en la fo - Maria Ines Corte Vitoria.pdf, p. 46; La escritura academica en la fo - Maria Ines Corte Vitoria.pdf, p. 48; La escritura academica en la fo - Maria Ines Corte Vitoria.pdf, p. 69; La escritura academica en la fo - Maria Ines Corte Vitoria.pdf, p. 71; Taller de lectura y redaccion_ - Leopoldo Ayala.pdf, p. 178; Taller de lectura y redaccion_ - Leopoldo Ayala.pdf, p. 185; Taller de lectura y redaccion_ - Leopoldo Ayala.pdf, p. 19; Taller de lectura y redaccion_ - Leopoldo Ayala.pdf, p. 298; Taller de lectura y redaccion_ - Leopoldo Ayala.pdf, p. 31; Taller de lectura y redaccion_ - Leopoldo Ayala.pdf, p. 80","La ficha presenta coincidencias útiles, pero conviene revisar la pertinencia de cada cita. Se agruparon referencias de múltiples fuentes para enriquecer el concepto. Hay 10 referencia(s) de baja similitud que podrían introducir ruido."
10,Receptor,media,0.1539,0.0894,Taller de lectura y redaccion_ - Leopoldo Ayala.pdf,pdf,p. 178,178,0.0578,tfidf=0.0378; bonus=0.0200,"Todo esto y su estilo han conformado la obra literaria. Es el momento de que el lector interprete la obra como un elemento que le aporta una nueva enseñanza o la reafirma. El lector, hasta el momento de ter- minar la obra, ha sido un testigo que ha observado lo que ocurre en la nueva realidad que le ha presentado el autor.",Taller_de_lectura_y_redaccion____Leopoldo_Ayala_c5996d4dd8_b0178_f002,D:\Documentos\LaTEX\Template-Informe\UnADM\redaccion-en-contextos-virtuales\referencias-redaccion-en-contextos-virtuales\libros-redaccion-en-contextos-virtuales\Taller de lectura y redaccion_ - Leopoldo Ayala.pdf,"Escritura academica. De la teor - Juan Antonio Nunez Cortes.pdf, p. 11; Escritura academica. De la teor - Juan Antonio Nunez Cortes.pdf, p. 18; Escritura academica. De la teor - Juan Antonio Nunez Cortes.pdf, p. 19; Escritura academica. De la teor - Juan Antonio Nunez Cortes.pdf, p. 20; Escritura academica. De la teor - Juan Antonio Nunez Cortes.pdf, p. 27; Escritura academica. De la teor - Juan Antonio Nunez Cortes.pdf, p. 89; La escritura academica en la fo - Maria Ines Corte Vitoria.pdf, p. 26; La escritura academica en la fo - Maria Ines Corte Vitoria.pdf, p. 35; La escritura academica en la fo - Maria Ines Corte Vitoria.pdf, p. 36; La escritura academica en la fo - Maria Ines Corte Vitoria.pdf, p. 44; La escritura academica en la fo - Maria Ines Corte Vitoria.pdf, p. 46; La escritura academica en la fo - Maria Ines Corte Vitoria.pdf, p. 48; La escritura academica en la fo - Maria Ines Corte Vitoria.pdf, p. 69; La escritura academica en la fo - Maria Ines Corte Vitoria.pdf, p. 71; Taller de lectura y redaccion_ - Leopoldo Ayala.pdf, p. 178; Taller de lectura y redaccion_ - Leopoldo Ayala.pdf, p. 185; Taller de lectura y redaccion_ - Leopoldo Ayala.pdf, p. 19; Taller de lectura y redaccion_ - Leopoldo Ayala.pdf, p. 298; Taller de lectura y redaccion_ - Leopoldo Ayala.pdf, p. 31; Taller de lectura y redaccion_ - Leopoldo Ayala.pdf, p. 80","La ficha presenta coincidencias útiles, pero conviene revisar la pertinencia de cada cita. Se agruparon referencias de múltiples fuentes para enriquecer el concepto. Hay 10 referencia(s) de baja similitud que podrían introducir ruido."
10,Receptor,media,0.1539,0.0894,Escritura academica. De la teor - Juan Antonio Nunez Cortes.pdf,pdf,p. 20,20,0.0546,tfidf=0.0346; bonus=0.0200,"Estas se pueden incluir, en general, en cuatro grandes estrategias: análisis de la situación de comunicación, planificación, redacción o textualización y revisión. En cuanto al análisis de la situación de comunicación, o problema retórico para Flower y Hayes, algunas de las habilidades consideradas son: poder formular con pocas palabras el objetivo de una comunicación escrita, tener en cuenta que el lector del texto tiene unas características concretas y reflexionar sobre lo que se quiere decir.",Escritura_academica__De_la_teor___Juan_Antonio_Nunez_Cortes_1a16d092a9_b0020_f001,D:\Documentos\LaTEX\Template-Informe\UnADM\redaccion-en-contextos-virtuales\referencias-redaccion-en-contextos-virtuales\libros-redaccion-en-contextos-virtuales\Escritura academica. De la teor - Juan Antonio Nunez Cortes.pdf,"Escritura academica. De la teor - Juan Antonio Nunez Cortes.pdf, p. 11; Escritura academica. De la teor - Juan Antonio Nunez Cortes.pdf, p. 18; Escritura academica. De la teor - Juan Antonio Nunez Cortes.pdf, p. 19; Escritura academica. De la teor - Juan Antonio Nunez Cortes.pdf, p. 20; Escritura academica. De la teor - Juan Antonio Nunez Cortes.pdf, p. 27; Escritura academica. De la teor - Juan Antonio Nunez Cortes.pdf, p. 89; La escritura academica en la fo - Maria Ines Corte Vitoria.pdf, p. 26; La escritura academica en la fo - Maria Ines Corte Vitoria.pdf, p. 35; La escritura academica en la fo - Maria Ines Corte Vitoria.pdf, p. 36; La escritura academica en la fo - Maria Ines Corte Vitoria.pdf, p. 44; La escritura academica en la fo - Maria Ines Corte Vitoria.pdf, p. 46; La escritura academica en la fo - Maria Ines Corte Vitoria.pdf, p. 48; La escritura academica en la fo - Maria Ines Corte Vitoria.pdf, p. 69; La escritura academica en la fo - Maria Ines Corte Vitoria.pdf, p. 71; Taller de lectura y redaccion_ - Leopoldo Ayala.pdf, p. 178; Taller de lectura y redaccion_ - Leopoldo Ayala.pdf, p. 185; Taller de lectura y redaccion_ - Leopoldo Ayala.pdf, p. 19; Taller de lectura y redaccion_ - Leopoldo Ayala.pdf, p. 298; Taller de lectura y redaccion_ - Leopoldo Ayala.pdf, p. 31; Taller de lectura y redaccion_ - Leopoldo Ayala.pdf, p. 80","La ficha presenta coincidencias útiles, pero conviene revisar la pertinencia de cada cita. Se agruparon referencias de múltiples fuentes para enriquecer el concepto. Hay 10 referencia(s) de baja similitud que podrían introducir ruido."
10,Receptor,media,0.1539,0.0894,Escritura academica. De la teor - Juan Antonio Nunez Cortes.pdf,pdf,p. 89,89,0.0492,tfidf=0.0492; bonus=0.0000,"contexto en que se encuentra el enunciado. En este sentido, en los intercambios comunicativos en los que se hace uso del lenguaje, los interlocutores asumen un lugar, un rol social, cuya adopción persigue un objetivo. Estas posiciones se denominan enunciador (para el escritor) y enunciatario (para el lector).",Escritura_academica__De_la_teor___Juan_Antonio_Nunez_Cortes_1a16d092a9_b0089_f001,D:\Documentos\LaTEX\Template-Informe\UnADM\redaccion-en-contextos-virtuales\referencias-redaccion-en-contextos-virtuales\libros-redaccion-en-contextos-virtuales\Escritura academica. De la teor - Juan Antonio Nunez Cortes.pdf,"Escritura academica. De la teor - Juan Antonio Nunez Cortes.pdf, p. 11; Escritura academica. De la teor - Juan Antonio Nunez Cortes.pdf, p. 18; Escritura academica. De la teor - Juan Antonio Nunez Cortes.pdf, p. 19; Escritura academica. De la teor - Juan Antonio Nunez Cortes.pdf, p. 20; Escritura academica. De la teor - Juan Antonio Nunez Cortes.pdf, p. 27; Escritura academica. De la teor - Juan Antonio Nunez Cortes.pdf, p. 89; La escritura academica en la fo - Maria Ines Corte Vitoria.pdf, p. 26; La escritura academica en la fo - Maria Ines Corte Vitoria.pdf, p. 35; La escritura academica en la fo - Maria Ines Corte Vitoria.pdf, p. 36; La escritura academica en la fo - Maria Ines Corte Vitoria.pdf, p. 44; La escritura academica en la fo - Maria Ines Corte Vitoria.pdf, p. 46; La escritura academica en la fo - Maria Ines Corte Vitoria.pdf, p. 48; La escritura academica en la fo - Maria Ines Corte Vitoria.pdf, p. 69; La escritura academica en la fo - Maria Ines Corte Vitoria.pdf, p. 71; Taller de lectura y redaccion_ - Leopoldo Ayala.pdf, p. 178; Taller de lectura y redaccion_ - Leopoldo Ayala.pdf, p. 185; Taller de lectura y redaccion_ - Leopoldo Ayala.pdf, p. 19; Taller de lectura y redaccion_ - Leopoldo Ayala.pdf, p. 298; Taller de lectura y redaccion_ - Leopoldo Ayala.pdf, p. 31; Taller de lectura y redaccion_ - Leopoldo Ayala.pdf, p. 80","La ficha presenta coincidencias útiles, pero conviene revisar la pertinencia de cada cita. Se agruparon referencias de múltiples fuentes para enriquecer el concepto. Hay 10 referencia(s) de baja similitud que podrían introducir ruido."
10,Receptor,media,0.1539,0.0894,La escritura academica en la fo - Maria Ines Corte Vitoria.pdf,pdf,p. 36,36,0.0485,tfidf=0.0485; bonus=0.0000,"Entendemos, pues, que la escritura en la formación universitaria cumple un rol fundamental en el desarrollo del estudiante porque potencia mecanismos de aprendizaje a partir de los que se van generando y consolidando competencias fundamentales para la supervivencia académica del estudiante a lo largo de su itinerario formativo en la 36",La_escritura_academica_en_la_fo___Maria_Ines_Corte_Vitoria_b72aa8e231_b0036_f004,D:\Documentos\LaTEX\Template-Informe\UnADM\redaccion-en-contextos-virtuales\referencias-redaccion-en-contextos-virtuales\libros-redaccion-en-contextos-virtuales\La escritura academica en la fo - Maria Ines Corte Vitoria.pdf,"Escritura academica. De la teor - Juan Antonio Nunez Cortes.pdf, p. 11; Escritura academica. De la teor - Juan Antonio Nunez Cortes.pdf, p. 18; Escritura academica. De la teor - Juan Antonio Nunez Cortes.pdf, p. 19; Escritura academica. De la teor - Juan Antonio Nunez Cortes.pdf, p. 20; Escritura academica. De la teor - Juan Antonio Nunez Cortes.pdf, p. 27; Escritura academica. De la teor - Juan Antonio Nunez Cortes.pdf, p. 89; La escritura academica en la fo - Maria Ines Corte Vitoria.pdf, p. 26; La escritura academica en la fo - Maria Ines Corte Vitoria.pdf, p. 35; La escritura academica en la fo - Maria Ines Corte Vitoria.pdf, p. 36; La escritura academica en la fo - Maria Ines Corte Vitoria.pdf, p. 44; La escritura academica en la fo - Maria Ines Corte Vitoria.pdf, p. 46; La escritura academica en la fo - Maria Ines Corte Vitoria.pdf, p. 48; La escritura academica en la fo - Maria Ines Corte Vitoria.pdf, p. 69; La escritura academica en la fo - Maria Ines Corte Vitoria.pdf, p. 71; Taller de lectura y redaccion_ - Leopoldo Ayala.pdf, p. 178; Taller de lectura y redaccion_ - Leopoldo Ayala.pdf, p. 185; Taller de lectura y redaccion_ - Leopoldo Ayala.pdf, p. 19; Taller de lectura y redaccion_ - Leopoldo Ayala.pdf, p. 298; Taller de lectura y redaccion_ - Leopoldo Ayala.pdf, p. 31; Taller de lectura y redaccion_ - Leopoldo Ayala.pdf, p. 80","La ficha presenta coincidencias útiles, pero conviene revisar la pertinencia de cada cita. Se agruparon referencias de múltiples fuentes para enriquecer el concepto. Hay 10 referencia(s) de baja similitud que podrían introducir ruido."
