This is pdfTeX, Version 3.141592653-2.6-1.40.27 (MiKTeX 25.4) (preloaded format=pdflatex 2026.3.11)  15 MAR 2026 15:21
entering extended mode
 restricted \write18 enabled.
 %&-line parsing enabled.
**./main.tex
(main.tex
LaTeX2e <2025-06-01> patch level 1
L3 programming layer <2025-07-20>
(C:\Users\Asus TUF505\AppData\Roaming\MiKTeX\tex/latex/beamer\beamer.cls
Document Class: beamer 2026/01/22 v3.77 A class for typesetting presentations

(C:\Users\Asus TUF505\AppData\Roaming\MiKTeX\tex/latex/beamer\beamerbasemodes.s
ty (C:\Program Files\MiKTeX\tex/latex/etoolbox\etoolbox.sty
Package: etoolbox 2025/02/11 v2.5l e-TeX tools for LaTeX (JAW)
\etb@tempcnta=\count275
)
\beamer@tempbox=\box53
\beamer@tempcount=\count276
\c@beamerpauses=\count277

(C:\Users\Asus TUF505\AppData\Roaming\MiKTeX\tex/latex/beamer\beamerbasedecode.
sty
\beamer@slideinframe=\count278
\beamer@minimum=\count279
\beamer@decode@box=\box54
)
\beamer@commentbox=\box55
\beamer@modecount=\count280
) (C:\Program Files\MiKTeX\tex/generic/iftex\iftex.sty
Package: iftex 2024/12/12 v1.0g TeX engine tests
)
\headdp=\dimen148
\footheight=\dimen149
\sidebarheight=\dimen150
\beamer@tempdim=\dimen151
\beamer@finalheight=\dimen152
\beamer@animht=\dimen153
\beamer@animdp=\dimen154
\beamer@animwd=\dimen155
\beamer@leftmargin=\dimen156
\beamer@rightmargin=\dimen157
\beamer@leftsidebar=\dimen158
\beamer@rightsidebar=\dimen159
\beamer@boxsize=\dimen160
\beamer@vboxoffset=\dimen161
\beamer@descdefault=\dimen162
\beamer@descriptionwidth=\dimen163
\beamer@lastskip=\skip49
\beamer@areabox=\box56
\beamer@animcurrent=\box57
\beamer@animshowbox=\box58
\beamer@sectionbox=\box59
\beamer@logobox=\box60
\beamer@linebox=\box61
\beamer@sectioncount=\count281
\beamer@subsubsectionmax=\count282
\beamer@subsectionmax=\count283
\beamer@sectionmax=\count284
\beamer@totalheads=\count285
\beamer@headcounter=\count286
\beamer@partstartpage=\count287
\beamer@sectionstartpage=\count288
\beamer@subsectionstartpage=\count289
\beamer@animationtempa=\count290
\beamer@animationtempb=\count291
\beamer@xpos=\count292
\beamer@ypos=\count293
\beamer@ypos@offset=\count294
\beamer@showpartnumber=\count295
\beamer@currentsubsection=\count296
\beamer@coveringdepth=\count297
\beamer@sectionadjust=\count298
\beamer@toclastsection=\count299
\beamer@tocsectionnumber=\count300

(C:\Users\Asus TUF505\AppData\Roaming\MiKTeX\tex/latex/beamer\beamerbaseoptions
.sty (C:\Program Files\MiKTeX\tex/latex/graphics\keyval.sty
Package: keyval 2022/05/29 v1.15 key=value parser (DPC)
\KV@toks@=\toks17
))
\beamer@paperwidth=\skip50
\beamer@paperheight=\skip51

(C:\Users\Asus TUF505\AppData\Roaming\MiKTeX\tex/latex/geometry\geometry.sty
Package: geometry 2020/01/02 v5.9 Page Geometry

(C:\Program Files\MiKTeX\tex/generic/iftex\ifvtex.sty
Package: ifvtex 2019/10/25 v1.7 ifvtex legacy package. Use iftex instead.
)
\Gm@cnth=\count301
\Gm@cntv=\count302
\c@Gm@tempcnt=\count303
\Gm@bindingoffset=\dimen164
\Gm@wd@mp=\dimen165
\Gm@odd@mp=\dimen166
\Gm@even@mp=\dimen167
\Gm@layoutwidth=\dimen168
\Gm@layoutheight=\dimen169
\Gm@layouthoffset=\dimen170
\Gm@layoutvoffset=\dimen171
\Gm@dimlist=\toks18

(C:\Users\Asus TUF505\AppData\Roaming\MiKTeX\tex/latex/geometry\geometry.cfg))
(C:\Program Files\MiKTeX\tex/latex/pgf/math\pgfmath.sty
(C:\Program Files\MiKTeX\tex/latex/pgf/utilities\pgfrcs.sty
(C:\Program Files\MiKTeX\tex/generic/pgf/utilities\pgfutil-common.tex
\pgfutil@everybye=\toks19
\pgfutil@tempdima=\dimen172
\pgfutil@tempdimb=\dimen173
)
(C:\Program Files\MiKTeX\tex/generic/pgf/utilities\pgfutil-latex.def
\pgfutil@abb=\box62
)
(C:\Program Files\MiKTeX\tex/generic/pgf/utilities\pgfrcs.code.tex
(C:\Program Files\MiKTeX\tex/generic/pgf\pgf.revision.tex)
Package: pgfrcs 2023-01-15 v3.1.10 (3.1.10)
))
(C:\Program Files\MiKTeX\tex/latex/pgf/utilities\pgfkeys.sty
(C:\Program Files\MiKTeX\tex/generic/pgf/utilities\pgfkeys.code.tex
\pgfkeys@pathtoks=\toks20
\pgfkeys@temptoks=\toks21

(C:\Program Files\MiKTeX\tex/generic/pgf/utilities\pgfkeyslibraryfiltered.code.
tex
\pgfkeys@tmptoks=\toks22
))) (C:\Program Files\MiKTeX\tex/generic/pgf/math\pgfmath.code.tex
(C:\Program Files\MiKTeX\tex/generic/pgf/math\pgfmathutil.code.tex
\pgf@x=\dimen174
\pgf@xa=\dimen175
\pgf@xb=\dimen176
\pgf@xc=\dimen177
\pgf@y=\dimen178
\pgf@ya=\dimen179
\pgf@yb=\dimen180
\pgf@yc=\dimen181
\c@pgf@counta=\count304
\c@pgf@countb=\count305
\c@pgf@countc=\count306
\c@pgf@countd=\count307
)
(C:\Program Files\MiKTeX\tex/generic/pgf/math\pgfmathparser.code.tex
\pgfmath@dimen=\dimen182
\pgfmath@count=\count308
\pgfmath@box=\box63
\pgfmath@toks=\toks23
\pgfmath@stack@operand=\toks24
\pgfmath@stack@operation=\toks25
)
(C:\Program Files\MiKTeX\tex/generic/pgf/math\pgfmathfunctions.code.tex)
(C:\Program Files\MiKTeX\tex/generic/pgf/math\pgfmathfunctions.basic.code.tex)
(C:\Program Files\MiKTeX\tex/generic/pgf/math\pgfmathfunctions.trigonometric.co
de.tex)
(C:\Program Files\MiKTeX\tex/generic/pgf/math\pgfmathfunctions.random.code.tex)

(C:\Program Files\MiKTeX\tex/generic/pgf/math\pgfmathfunctions.comparison.code.
tex)
(C:\Program Files\MiKTeX\tex/generic/pgf/math\pgfmathfunctions.base.code.tex)
(C:\Program Files\MiKTeX\tex/generic/pgf/math\pgfmathfunctions.round.code.tex)
(C:\Program Files\MiKTeX\tex/generic/pgf/math\pgfmathfunctions.misc.code.tex)
(C:\Program Files\MiKTeX\tex/generic/pgf/math\pgfmathfunctions.integerarithmeti
cs.code.tex) (C:\Program Files\MiKTeX\tex/generic/pgf/math\pgfmathcalc.code.tex
) (C:\Program Files\MiKTeX\tex/generic/pgf/math\pgfmathfloat.code.tex
\c@pgfmathroundto@lastzeros=\count309
)))
(C:\Program Files\MiKTeX\tex/latex/base\size11.clo
File: size11.clo 2025/01/22 v1.4n Standard LaTeX file (size option)
)
(C:\Program Files\MiKTeX\tex/latex/pgf/basiclayer\pgfcore.sty
(C:\Program Files\MiKTeX\tex/latex/graphics\graphicx.sty
Package: graphicx 2024/12/31 v1.2e Enhanced LaTeX Graphics (DPC,SPQR)

(C:\Program Files\MiKTeX\tex/latex/graphics\graphics.sty
Package: graphics 2024/08/06 v1.4g Standard LaTeX Graphics (DPC,SPQR)

(C:\Program Files\MiKTeX\tex/latex/graphics\trig.sty
Package: trig 2023/12/02 v1.11 sin cos tan (DPC)
)
(C:\Program Files\MiKTeX\tex/latex/graphics-cfg\graphics.cfg
File: graphics.cfg 2016/06/04 v1.11 sample graphics configuration
)
Package graphics Info: Driver file: pdftex.def on input line 106.

(C:\Program Files\MiKTeX\tex/latex/graphics-def\pdftex.def
File: pdftex.def 2024/04/13 v1.2c Graphics/color driver for pdftex
))
\Gin@req@height=\dimen183
\Gin@req@width=\dimen184
)
(C:\Program Files\MiKTeX\tex/latex/pgf/systemlayer\pgfsys.sty
(C:\Program Files\MiKTeX\tex/generic/pgf/systemlayer\pgfsys.code.tex
Package: pgfsys 2023-01-15 v3.1.10 (3.1.10)
\pgf@x=\dimen185
\pgf@y=\dimen186
\pgf@xa=\dimen187
\pgf@ya=\dimen188
\pgf@xb=\dimen189
\pgf@yb=\dimen190
\pgf@xc=\dimen191
\pgf@yc=\dimen192
\pgf@xd=\dimen193
\pgf@yd=\dimen194
\w@pgf@writea=\write3
\r@pgf@reada=\read2
\c@pgf@counta=\count310
\c@pgf@countb=\count311
\c@pgf@countc=\count312
\c@pgf@countd=\count313
\t@pgf@toka=\toks26
\t@pgf@tokb=\toks27
\t@pgf@tokc=\toks28
\pgf@sys@id@count=\count314

(C:\Program Files\MiKTeX\tex/generic/pgf/systemlayer\pgf.cfg
File: pgf.cfg 2023-01-15 v3.1.10 (3.1.10)
)
Driver file for pgf: pgfsys-pdftex.def

(C:\Program Files\MiKTeX\tex/generic/pgf/systemlayer\pgfsys-pdftex.def
File: pgfsys-pdftex.def 2023-01-15 v3.1.10 (3.1.10)

(C:\Program Files\MiKTeX\tex/generic/pgf/systemlayer\pgfsys-common-pdf.def
File: pgfsys-common-pdf.def 2023-01-15 v3.1.10 (3.1.10)
)))
(C:\Program Files\MiKTeX\tex/generic/pgf/systemlayer\pgfsyssoftpath.code.tex
File: pgfsyssoftpath.code.tex 2023-01-15 v3.1.10 (3.1.10)
\pgfsyssoftpath@smallbuffer@items=\count315
\pgfsyssoftpath@bigbuffer@items=\count316
)
(C:\Program Files\MiKTeX\tex/generic/pgf/systemlayer\pgfsysprotocol.code.tex
File: pgfsysprotocol.code.tex 2023-01-15 v3.1.10 (3.1.10)
))
(C:\Program Files\MiKTeX\tex/latex/xcolor\xcolor.sty
Package: xcolor 2024/09/29 v3.02 LaTeX color extensions (UK)

(C:\Program Files\MiKTeX\tex/latex/graphics-cfg\color.cfg
File: color.cfg 2016/01/02 v1.6 sample color configuration
)
Package xcolor Info: Driver file: pdftex.def on input line 274.

(C:\Program Files\MiKTeX\tex/latex/graphics\mathcolor.ltx)
Package xcolor Info: Model `cmy' substituted by `cmy0' on input line 1349.
Package xcolor Info: Model `hsb' substituted by `rgb' on input line 1353.
Package xcolor Info: Model `RGB' extended on input line 1365.
Package xcolor Info: Model `HTML' substituted by `rgb' on input line 1367.
Package xcolor Info: Model `Hsb' substituted by `hsb' on input line 1368.
Package xcolor Info: Model `tHsb' substituted by `hsb' on input line 1369.
Package xcolor Info: Model `HSB' substituted by `hsb' on input line 1370.
Package xcolor Info: Model `Gray' substituted by `gray' on input line 1371.
Package xcolor Info: Model `wave' substituted by `hsb' on input line 1372.
)
(C:\Program Files\MiKTeX\tex/latex/graphics\dvipsnam.def
File: dvipsnam.def 2016/06/17 v3.0m Driver-dependent file (DPC,SPQR)
)
(C:\Users\Asus TUF505\AppData\Roaming\MiKTeX\tex/latex/colortbl\colortbl.sty
Package: colortbl 2024/10/29 v1.0k Color table columns (DPC)

(C:\Program Files\MiKTeX\tex/latex/tools\array.sty
Package: array 2025/06/08 v2.6j Tabular extension package (FMi)
\col@sep=\dimen195
\ar@mcellbox=\box64
\extrarowheight=\dimen196
\NC@list=\toks29
\extratabsurround=\skip52
\backup@length=\skip53
\ar@cellbox=\box65
)
\everycr=\toks30
\minrowclearance=\skip54
\rownum=\count317
)
(C:\Program Files\MiKTeX\tex/generic/pgf/basiclayer\pgfcore.code.tex
Package: pgfcore 2023-01-15 v3.1.10 (3.1.10)

(C:\Program Files\MiKTeX\tex/generic/pgf/math\pgfint.code.tex)
(C:\Program Files\MiKTeX\tex/generic/pgf/basiclayer\pgfcorepoints.code.tex
File: pgfcorepoints.code.tex 2023-01-15 v3.1.10 (3.1.10)
\pgf@picminx=\dimen197
\pgf@picmaxx=\dimen198
\pgf@picminy=\dimen199
\pgf@picmaxy=\dimen256
\pgf@pathminx=\dimen257
\pgf@pathmaxx=\dimen258
\pgf@pathminy=\dimen259
\pgf@pathmaxy=\dimen260
\pgf@xx=\dimen261
\pgf@xy=\dimen262
\pgf@yx=\dimen263
\pgf@yy=\dimen264
\pgf@zx=\dimen265
\pgf@zy=\dimen266
)
(C:\Program Files\MiKTeX\tex/generic/pgf/basiclayer\pgfcorepathconstruct.code.t
ex
File: pgfcorepathconstruct.code.tex 2023-01-15 v3.1.10 (3.1.10)
\pgf@path@lastx=\dimen267
\pgf@path@lasty=\dimen268
)
(C:\Program Files\MiKTeX\tex/generic/pgf/basiclayer\pgfcorepathusage.code.tex
File: pgfcorepathusage.code.tex 2023-01-15 v3.1.10 (3.1.10)
\pgf@shorten@end@additional=\dimen269
\pgf@shorten@start@additional=\dimen270
)
(C:\Program Files\MiKTeX\tex/generic/pgf/basiclayer\pgfcorescopes.code.tex
File: pgfcorescopes.code.tex 2023-01-15 v3.1.10 (3.1.10)
\pgfpic=\box66
\pgf@hbox=\box67
\pgf@layerbox@main=\box68
\pgf@picture@serial@count=\count318
)
(C:\Program Files\MiKTeX\tex/generic/pgf/basiclayer\pgfcoregraphicstate.code.te
x
File: pgfcoregraphicstate.code.tex 2023-01-15 v3.1.10 (3.1.10)
\pgflinewidth=\dimen271
)
(C:\Program Files\MiKTeX\tex/generic/pgf/basiclayer\pgfcoretransformations.code
.tex
File: pgfcoretransformations.code.tex 2023-01-15 v3.1.10 (3.1.10)
\pgf@pt@x=\dimen272
\pgf@pt@y=\dimen273
\pgf@pt@temp=\dimen274
) (C:\Program Files\MiKTeX\tex/generic/pgf/basiclayer\pgfcorequick.code.tex
File: pgfcorequick.code.tex 2023-01-15 v3.1.10 (3.1.10)
) (C:\Program Files\MiKTeX\tex/generic/pgf/basiclayer\pgfcoreobjects.code.tex
File: pgfcoreobjects.code.tex 2023-01-15 v3.1.10 (3.1.10)
)
(C:\Program Files\MiKTeX\tex/generic/pgf/basiclayer\pgfcorepathprocessing.code.
tex
File: pgfcorepathprocessing.code.tex 2023-01-15 v3.1.10 (3.1.10)
) (C:\Program Files\MiKTeX\tex/generic/pgf/basiclayer\pgfcorearrows.code.tex
File: pgfcorearrows.code.tex 2023-01-15 v3.1.10 (3.1.10)
\pgfarrowsep=\dimen275
) (C:\Program Files\MiKTeX\tex/generic/pgf/basiclayer\pgfcoreshade.code.tex
File: pgfcoreshade.code.tex 2023-01-15 v3.1.10 (3.1.10)
\pgf@max=\dimen276
\pgf@sys@shading@range@num=\count319
\pgf@shadingcount=\count320
)
(C:\Program Files\MiKTeX\tex/generic/pgf/basiclayer\pgfcoreimage.code.tex
File: pgfcoreimage.code.tex 2023-01-15 v3.1.10 (3.1.10)
)
(C:\Program Files\MiKTeX\tex/generic/pgf/basiclayer\pgfcoreexternal.code.tex
File: pgfcoreexternal.code.tex 2023-01-15 v3.1.10 (3.1.10)
\pgfexternal@startupbox=\box69
)
(C:\Program Files\MiKTeX\tex/generic/pgf/basiclayer\pgfcorelayers.code.tex
File: pgfcorelayers.code.tex 2023-01-15 v3.1.10 (3.1.10)
)
(C:\Program Files\MiKTeX\tex/generic/pgf/basiclayer\pgfcoretransparency.code.te
x
File: pgfcoretransparency.code.tex 2023-01-15 v3.1.10 (3.1.10)
) (C:\Program Files\MiKTeX\tex/generic/pgf/basiclayer\pgfcorepatterns.code.tex
File: pgfcorepatterns.code.tex 2023-01-15 v3.1.10 (3.1.10)
) (C:\Program Files\MiKTeX\tex/generic/pgf/basiclayer\pgfcorerdf.code.tex
File: pgfcorerdf.code.tex 2023-01-15 v3.1.10 (3.1.10)
)))
(C:\Program Files\MiKTeX\tex/latex/pgf/utilities\xxcolor.sty
Package: xxcolor 2003/10/24 ver 0.1
\XC@nummixins=\count321
\XC@countmixins=\count322
)
(C:\Program Files\MiKTeX\tex/latex/base\atbegshi-ltx.sty
Package: atbegshi-ltx 2021/01/10 v1.0c Emulation of the original atbegshi
package with kernel methods
)
(C:\Program Files\MiKTeX\tex/latex/hyperref\hyperref.sty
Package: hyperref 2025-07-12 v7.01o Hypertext links for LaTeX

(C:\Users\Asus TUF505\AppData\Roaming\MiKTeX\tex/latex/kvsetkeys\kvsetkeys.sty
Package: kvsetkeys 2022-10-05 v1.19 Key value parser (HO)
)
(C:\Users\Asus TUF505\AppData\Roaming\MiKTeX\tex/generic/kvdefinekeys\kvdefinek
eys.sty
Package: kvdefinekeys 2019-12-19 v1.6 Define keys (HO)
)
(C:\Users\Asus TUF505\AppData\Roaming\MiKTeX\tex/generic/pdfescape\pdfescape.st
y
Package: pdfescape 2019/12/09 v1.15 Implements pdfTeX's escape features (HO)
 (C:\Users\Asus TUF505\AppData\Roaming\MiKTeX\tex/generic/ltxcmds\ltxcmds.sty
Package: ltxcmds 2023-12-04 v1.26 LaTeX kernel commands for general use (HO)
) (C:\Program Files\MiKTeX\tex/generic/pdftexcmds\pdftexcmds.sty
Package: pdftexcmds 2020-06-27 v0.33 Utility functions of pdfTeX for LuaTeX (HO
)

(C:\Users\Asus TUF505\AppData\Roaming\MiKTeX\tex/generic/infwarerr\infwarerr.st
y
Package: infwarerr 2019/12/03 v1.5 Providing info/warning/error messages (HO)
)
Package pdftexcmds Info: \pdf@primitive is available.
Package pdftexcmds Info: \pdf@ifprimitive is available.
Package pdftexcmds Info: \pdfdraftmode found.
)) (C:\Users\Asus TUF505\AppData\Roaming\MiKTeX\tex/latex/hycolor\hycolor.sty
Package: hycolor 2020-01-27 v1.10 Color options for hyperref/bookmark (HO)
) (C:\Program Files\MiKTeX\tex/latex/hyperref\nameref.sty
Package: nameref 2025-06-21 v2.57 Cross-referencing by name of section

(C:\Users\Asus TUF505\AppData\Roaming\MiKTeX\tex/latex/refcount\refcount.sty
Package: refcount 2019/12/15 v3.6 Data extraction from label references (HO)
)
(C:\Users\Asus TUF505\AppData\Roaming\MiKTeX\tex/generic/gettitlestring\gettitl
estring.sty
Package: gettitlestring 2019/12/15 v1.6 Cleanup title references (HO)

(C:\Users\Asus TUF505\AppData\Roaming\MiKTeX\tex/latex/kvoptions\kvoptions.sty
Package: kvoptions 2022-06-15 v3.15 Key value format for package options (HO)
))
\c@section@level=\count323
)
(C:\Users\Asus TUF505\AppData\Roaming\MiKTeX\tex/generic/stringenc\stringenc.st
y
Package: stringenc 2019/11/29 v1.12 Convert strings between diff. encodings (HO
)
)
\@linkdim=\dimen277
\Hy@linkcounter=\count324
\Hy@pagecounter=\count325
 (C:\Program Files\MiKTeX\tex/latex/hyperref\pd1enc.def
File: pd1enc.def 2025-07-12 v7.01o Hyperref: PDFDocEncoding definition (HO)
Now handling font encoding PD1 ...
... no UTF-8 mapping file for font encoding PD1
)
(C:\Users\Asus TUF505\AppData\Roaming\MiKTeX\tex/generic/intcalc\intcalc.sty
Package: intcalc 2019/12/15 v1.3 Expandable calculations with integers (HO)
)
\Hy@SavedSpaceFactor=\count326

(C:\Program Files\MiKTeX\tex/latex/hyperref\puenc.def
File: puenc.def 2025-07-12 v7.01o Hyperref: PDF Unicode definition (HO)
Now handling font encoding PU ...
... no UTF-8 mapping file for font encoding PU
)
Package hyperref Info: Option `bookmarks' set `true' on input line 4066.
Package hyperref Info: Option `bookmarksopen' set `true' on input line 4066.
Package hyperref Info: Option `implicit' set `false' on input line 4066.
Package hyperref Info: Hyper figures OFF on input line 4195.
Package hyperref Info: Link nesting OFF on input line 4200.
Package hyperref Info: Hyper index ON on input line 4203.
Package hyperref Info: Plain pages OFF on input line 4210.
Package hyperref Info: Backreferencing OFF on input line 4215.
Package hyperref Info: Implicit mode OFF; no redefinition of LaTeX internals.
Package hyperref Info: Bookmarks ON on input line 4462.
\c@Hy@tempcnt=\count327

(C:\Program Files\MiKTeX\tex/latex/url\url.sty
\Urlmuskip=\muskip17
Package: url 2013/09/16  ver 3.4  Verb mode for urls, etc.
)
LaTeX Info: Redefining \url on input line 4801.
\XeTeXLinkMargin=\dimen278

(C:\Users\Asus TUF505\AppData\Roaming\MiKTeX\tex/generic/bitset\bitset.sty
Package: bitset 2019/12/09 v1.3 Handle bit-vector datatype (HO)

(C:\Users\Asus TUF505\AppData\Roaming\MiKTeX\tex/generic/bigintcalc\bigintcalc.
sty
Package: bigintcalc 2019/12/15 v1.5 Expandable calculations on big integers (HO
)
))
\Fld@menulength=\count328
\Field@Width=\dimen279
\Fld@charsize=\dimen280
Package hyperref Info: Hyper figures OFF on input line 6078.
Package hyperref Info: Link nesting OFF on input line 6083.
Package hyperref Info: Hyper index ON on input line 6086.
Package hyperref Info: backreferencing OFF on input line 6093.
Package hyperref Info: Link coloring OFF on input line 6098.
Package hyperref Info: Link coloring with OCG OFF on input line 6103.
Package hyperref Info: PDF/A mode OFF on input line 6108.
\Hy@abspage=\count329


Package hyperref Message: Stopped early.

)
Package hyperref Info: Driver (autodetected): hpdftex.
 (C:\Program Files\MiKTeX\tex/latex/hyperref\hpdftex.def
File: hpdftex.def 2025-07-12 v7.01o Hyperref driver for pdfTeX
\Fld@listcount=\count330
\c@bookmark@seq@number=\count331

(C:\Users\Asus TUF505\AppData\Roaming\MiKTeX\tex/latex/rerunfilecheck\rerunfile
check.sty
Package: rerunfilecheck 2025-06-21 v1.11 Rerun checks for auxiliary files (HO)

(C:\Users\Asus TUF505\AppData\Roaming\MiKTeX\tex/generic/uniquecounter\uniqueco
unter.sty
Package: uniquecounter 2019/12/15 v1.4 Provide unlimited unique counter (HO)
)
Package uniquecounter Info: New unique counter `rerunfilecheck' on input line 2
84.
))
(C:\Users\Asus TUF505\AppData\Roaming\MiKTeX\tex/latex/beamer\beamerbaserequire
s.sty
(C:\Users\Asus TUF505\AppData\Roaming\MiKTeX\tex/latex/beamer\beamerbasecompati
bility.sty)
(C:\Users\Asus TUF505\AppData\Roaming\MiKTeX\tex/latex/beamer\beamerbasefont.st
y (C:\Program Files\MiKTeX\tex/latex/amsfonts\amssymb.sty
Package: amssymb 2013/01/14 v3.01 AMS font symbols

(C:\Program Files\MiKTeX\tex/latex/amsfonts\amsfonts.sty
Package: amsfonts 2013/01/14 v3.01 Basic AMSFonts support
\@emptytoks=\toks31
\symAMSa=\mathgroup4
\symAMSb=\mathgroup5
LaTeX Font Info:    Redeclaring math symbol \hbar on input line 98.
LaTeX Font Info:    Overwriting math alphabet `\mathfrak' in version `bold'
(Font)                  U/euf/m/n --> U/euf/b/n on input line 106.
))
(C:\Users\Asus TUF505\AppData\Roaming\MiKTeX\tex/latex/sansmathaccent\sansmatha
ccent.sty
Package: sansmathaccent 2020/01/31

(C:\Users\Asus TUF505\AppData\Roaming\MiKTeX\tex/latex/koma-script\scrlfile.sty
Package: scrlfile 2026/02/02 v3.49.2 KOMA-Script package (file load hooks)

(C:\Users\Asus TUF505\AppData\Roaming\MiKTeX\tex/latex/koma-script\scrlfile-hoo
k.sty
Package: scrlfile-hook 2026/02/02 v3.49.2 KOMA-Script package (using LaTeX hook
s)

(C:\Users\Asus TUF505\AppData\Roaming\MiKTeX\tex/latex/koma-script\scrlogo.sty
Package: scrlogo 2026/02/02 v3.49.2 KOMA-Script package (logo)
)))))
(C:\Users\Asus TUF505\AppData\Roaming\MiKTeX\tex/latex/beamer\beamerbasetransla
tor.sty
(C:\Users\Asus TUF505\AppData\Roaming\MiKTeX\tex/latex/translator\translator.st
y
Package: translator 2021-05-31 v1.12d Easy translation of strings in LaTeX
))
(C:\Users\Asus TUF505\AppData\Roaming\MiKTeX\tex/latex/beamer\beamerbasemisc.st
y)
(C:\Users\Asus TUF505\AppData\Roaming\MiKTeX\tex/latex/beamer\beamerbasetwoscre
ens.sty)
(C:\Users\Asus TUF505\AppData\Roaming\MiKTeX\tex/latex/beamer\beamerbaseoverlay
.sty
\beamer@argscount=\count332
\beamer@lastskipcover=\skip55
\beamer@trivlistdepth=\count333
)
(C:\Users\Asus TUF505\AppData\Roaming\MiKTeX\tex/latex/beamer\beamerbasetitle.s
ty)
(C:\Users\Asus TUF505\AppData\Roaming\MiKTeX\tex/latex/beamer\beamerbasesection
.sty
\c@lecture=\count334
\c@part=\count335
\c@section=\count336
\c@subsection=\count337
\c@subsubsection=\count338
)
(C:\Users\Asus TUF505\AppData\Roaming\MiKTeX\tex/latex/beamer\beamerbaseframe.s
ty
\beamer@framebox=\box70
\beamer@frametitlebox=\box71
\beamer@zoombox=\box72
\beamer@zoomcount=\count339
\beamer@zoomframecount=\count340
\beamer@frametextheight=\dimen281
\c@subsectionslide=\count341
\beamer@frametopskip=\skip56
\beamer@framebottomskip=\skip57
\beamer@frametopskipautobreak=\skip58
\beamer@framebottomskipautobreak=\skip59
\beamer@envbody=\toks32
\framewidth=\dimen282
\c@framenumber=\count342
)
(C:\Users\Asus TUF505\AppData\Roaming\MiKTeX\tex/latex/beamer\beamerbaseverbati
m.sty
\beamer@verbatimfileout=\write4
)
(C:\Users\Asus TUF505\AppData\Roaming\MiKTeX\tex/latex/beamer\beamerbaseframesi
ze.sty
\beamer@splitbox=\box73
\beamer@autobreakcount=\count343
\beamer@autobreaklastheight=\dimen283
\beamer@frametitletoks=\toks33
\beamer@framesubtitletoks=\toks34
)
(C:\Users\Asus TUF505\AppData\Roaming\MiKTeX\tex/latex/beamer\beamerbaseframeco
mponents.sty
\beamer@colheight=\skip60
\beamer@footins=\box74
)
(C:\Users\Asus TUF505\AppData\Roaming\MiKTeX\tex/latex/beamer\beamerbasecolor.s
ty)
(C:\Users\Asus TUF505\AppData\Roaming\MiKTeX\tex/latex/beamer\beamerbasenotes.s
ty
\beamer@frameboxcopy=\box75
)
(C:\Users\Asus TUF505\AppData\Roaming\MiKTeX\tex/latex/beamer\beamerbasetoc.sty
)
(C:\Users\Asus TUF505\AppData\Roaming\MiKTeX\tex/latex/beamer\beamerbasetemplat
es.sty
\beamer@sbttoks=\toks35

(C:\Users\Asus TUF505\AppData\Roaming\MiKTeX\tex/latex/beamer\beamerbaseauxtemp
lates.sty
(C:\Users\Asus TUF505\AppData\Roaming\MiKTeX\tex/latex/beamer\beamerbaseboxes.s
ty
\bmb@box=\box76
\bmb@colorbox=\box77
\bmb@boxwidth=\dimen284
\bmb@boxheight=\dimen285
\bmb@prevheight=\dimen286
\bmb@temp=\dimen287
\bmb@dima=\dimen288
\bmb@dimb=\dimen289
\bmb@prevheight=\dimen290
)
\beamer@blockheadheight=\dimen291
))
(C:\Users\Asus TUF505\AppData\Roaming\MiKTeX\tex/latex/beamer\beamerbaselocalst
ructure.sty (C:\Program Files\MiKTeX\tex/latex/tools\enumerate.sty
Package: enumerate 2023/07/04 v3.00 enumerate extensions (DPC)
\@enLab=\toks36
)
\beamer@bibiconwidth=\skip61
\c@figure=\count344
\c@table=\count345
\abovecaptionskip=\skip62
\belowcaptionskip=\skip63
)
(C:\Users\Asus TUF505\AppData\Roaming\MiKTeX\tex/latex/beamer\beamerbasenavigat
ion.sty
(C:\Users\Asus TUF505\AppData\Roaming\MiKTeX\tex/latex/beamer\beamerbasenavigat
ionsymbols.tex)
\beamer@section@min@dim=\dimen292
)
(C:\Users\Asus TUF505\AppData\Roaming\MiKTeX\tex/latex/beamer\beamerbasetheorem
s.sty (C:\Program Files\MiKTeX\tex/latex/amsmath\amsmath.sty
Package: amsmath 2025/06/16 v2.17y AMS math features
\@mathmargin=\skip64

For additional information on amsmath, use the `?' option.
(C:\Program Files\MiKTeX\tex/latex/amsmath\amstext.sty
Package: amstext 2024/11/17 v2.01 AMS text

(C:\Program Files\MiKTeX\tex/latex/amsmath\amsgen.sty
File: amsgen.sty 1999/11/30 v2.0 generic functions
\@emptytoks=\toks37
\ex@=\dimen293
))
(C:\Program Files\MiKTeX\tex/latex/amsmath\amsbsy.sty
Package: amsbsy 1999/11/29 v1.2d Bold Symbols
\pmbraise@=\dimen294
)
(C:\Program Files\MiKTeX\tex/latex/amsmath\amsopn.sty
Package: amsopn 2022/04/08 v2.04 operator names
)
\inf@bad=\count346
LaTeX Info: Redefining \frac on input line 233.
\uproot@=\count347
\leftroot@=\count348
LaTeX Info: Redefining \overline on input line 398.
LaTeX Info: Redefining \colon on input line 409.
\classnum@=\count349
\DOTSCASE@=\count350
LaTeX Info: Redefining \ldots on input line 495.
LaTeX Info: Redefining \dots on input line 498.
LaTeX Info: Redefining \cdots on input line 619.
\Mathstrutbox@=\box78
\strutbox@=\box79
LaTeX Info: Redefining \big on input line 721.
LaTeX Info: Redefining \Big on input line 722.
LaTeX Info: Redefining \bigg on input line 723.
LaTeX Info: Redefining \Bigg on input line 724.
\big@size=\dimen295
LaTeX Font Info:    Redeclaring font encoding OML on input line 742.
LaTeX Font Info:    Redeclaring font encoding OMS on input line 743.
\macc@depth=\count351
LaTeX Info: Redefining \bmod on input line 904.
LaTeX Info: Redefining \pmod on input line 909.
LaTeX Info: Redefining \smash on input line 939.
LaTeX Info: Redefining \relbar on input line 969.
LaTeX Info: Redefining \Relbar on input line 970.
\c@MaxMatrixCols=\count352
\dotsspace@=\muskip18
\c@parentequation=\count353
\dspbrk@lvl=\count354
\tag@help=\toks38
\row@=\count355
\column@=\count356
\maxfields@=\count357
\andhelp@=\toks39
\eqnshift@=\dimen296
\alignsep@=\dimen297
\tagshift@=\dimen298
\tagwidth@=\dimen299
\totwidth@=\dimen300
\lineht@=\dimen301
\@envbody=\toks40
\multlinegap=\skip65
\multlinetaggap=\skip66
\mathdisplay@stack=\toks41
LaTeX Info: Redefining \[ on input line 2949.
LaTeX Info: Redefining \] on input line 2950.
)
(C:\Users\Asus TUF505\AppData\Roaming\MiKTeX\tex/latex/amscls\amsthm.sty
Package: amsthm 2020/05/29 v2.20.6
\thm@style=\toks42
\thm@bodyfont=\toks43
\thm@headfont=\toks44
\thm@notefont=\toks45
\thm@headpunct=\toks46
\thm@preskip=\skip67
\thm@postskip=\skip68
\thm@headsep=\skip69
\dth@everypar=\toks47
)
\c@theorem=\count358
)
(C:\Users\Asus TUF505\AppData\Roaming\MiKTeX\tex/latex/beamer\beamerbasethemes.
sty))
(C:\Users\Asus TUF505\AppData\Roaming\MiKTeX\tex/latex/beamer\beamerthemedefaul
t.sty
(C:\Users\Asus TUF505\AppData\Roaming\MiKTeX\tex/latex/beamer\beamerfontthemede
fault.sty)
(C:\Users\Asus TUF505\AppData\Roaming\MiKTeX\tex/latex/beamer\beamercolorthemed
efault.sty)
(C:\Users\Asus TUF505\AppData\Roaming\MiKTeX\tex/latex/beamer\beamerinnerthemed
efault.sty
\beamer@dima=\dimen302
\beamer@dimb=\dimen303
)
(C:\Users\Asus TUF505\AppData\Roaming\MiKTeX\tex/latex/beamer\beamerouterthemed
efault.sty))) (template.tex (template_config.tex
(C:\Users\Asus TUF505\AppData\Roaming\MiKTeX\tex/latex/beamer\beamerthemeMadrid
.sty
(C:\Users\Asus TUF505\AppData\Roaming\MiKTeX\tex/latex/beamer\beamercolorthemew
hale.sty)
(C:\Users\Asus TUF505\AppData\Roaming\MiKTeX\tex/latex/beamer\beamercolorthemeo
rchid.sty)
(C:\Users\Asus TUF505\AppData\Roaming\MiKTeX\tex/latex/beamer\beamerinnerthemer
ounded.sty)
(C:\Users\Asus TUF505\AppData\Roaming\MiKTeX\tex/latex/beamer\beamerouterthemei
nfolines.sty))) (C:\Program Files\MiKTeX\tex/latex/base\ifthen.sty
Package: ifthen 2024/03/16 v1.1e Standard LaTeX ifthen package (DPC)
)
(C:\Users\Asus TUF505\AppData\Roaming\MiKTeX\tex/latex/tracklang\tracklang.sty
Package: tracklang 2025/03/11 v1.6.6 (NLCT) Track Languages

(C:\Users\Asus TUF505\AppData\Roaming\MiKTeX\tex/generic/tracklang\tracklang.te
x)
Package tracklang Info: Tracking dialect `spanish' (language `spanish') on inpu
t line 53.
) (C:\Program Files\MiKTeX\tex/generic/babel\babel.sty
Package: babel 2025/08/03 v25.12 The multilingual framework for LuaLaTeX, pdfLa
TeX and XeLaTeX
\babel@savecnt=\count359
LaTeX Encoding Info:    Redeclaring text command \ij (encoding OT1) on input li
ne 2045.
LaTeX Encoding Info:    Redeclaring text command \IJ (encoding OT1) on input li
ne 2047.
LaTeX Encoding Info:    Redeclaring text command \ij (encoding T1) on input lin
e 2049.
LaTeX Encoding Info:    Redeclaring text command \IJ (encoding T1) on input lin
e 2050.
LaTeX Encoding Info:    Ignoring declaration for text command \ij (encoding ?) 
on input line 2051.
LaTeX Encoding Info:    Ignoring declaration for text command \IJ (encoding ?) 
on input line 2053.
LaTeX Encoding Info:    Ignoring declaration for text command \SS (encoding ?) 
on input line 2078.
\U@D=\dimen304
\l@unhyphenated=\language79

(C:\Program Files\MiKTeX\tex/generic/babel\txtbabel.def)
\bbl@readstream=\read3
LaTeX Info: Redefining \textlatin on input line 3930.
\bbl@dirlevel=\count360

(C:\Users\Asus TUF505\AppData\Roaming\MiKTeX\tex/latex/babel-spanish\spanish.ld
f
Language: spanish.ldf 2021/05/27 v5.0q Spanish support from the babel system
 (C:\Program Files\MiKTeX\tex/generic/babel/locale/es\babel-spanish.tex
Package babel Info: Importing font and identification data for spanish
(babel)             from babel-es.ini. Reported on input line 12.
)
\es@quottoks=\toks48
\es@quotdepth=\count361
Package babel Info: Making " an active character on input line 570.
Package babel Info: Making . an active character on input line 675.
))
LaTeX Encoding Info:    Redeclaring text command \guillemotleft (encoding OT1) 
on input line 92.
LaTeX Encoding Info:    Redeclaring text command \guillemotright (encoding OT1)
 on input line 92.

(C:\Program Files\MiKTeX\tex/latex/base\inputenc.sty
Package: inputenc 2024/02/08 v1.3d Input encoding file
\inpenc@prehook=\toks49
\inpenc@posthook=\toks50
)
(C:\Users\Asus TUF505\AppData\Roaming\MiKTeX\tex/latex/koma-script\scrextend.st
y
Package: scrextend 2026/02/02 v3.49.2 KOMA-Script package (extend other classes
 with features of KOMA-Script classes)

(C:\Users\Asus TUF505\AppData\Roaming\MiKTeX\tex/latex/koma-script\scrkbase.sty
Package: scrkbase 2026/02/02 v3.49.2 KOMA-Script package (KOMA-Script-dependent
 basics and keyval usage)
(C:\Users\Asus TUF505\AppData\Roaming\MiKTeX\tex/latex/koma-script\scrbase.sty
Package: scrbase 2026/02/02 v3.49.2 KOMA-Script package (KOMA-Script-independen
t basics and keyval usage)
Applying: [2021/05/01] Usage of raw or classic option list on input line 254.
Already applied: [0000/00/00] Usage of raw or classic option list on input line
 370.
))
Package scrextend Info: unexpected definition of `\@makefnmark'.
(scrextend)             Trying to patch it on input line 1791.
 (C:\Users\Asus TUF505\AppData\Roaming\MiKTeX\tex/latex/xpatch\xpatch.sty
(C:\Program Files\MiKTeX\tex/latex/l3kernel\expl3.sty
Package: expl3 2025-07-20 L3 programming layer (loader) 

(C:\Program Files\MiKTeX\tex/latex/l3backend\l3backend-pdftex.def
File: l3backend-pdftex.def 2025-06-09 L3 backend support: PDF output (pdfTeX)
\l__color_backend_stack_int=\count362
))
Package: xpatch 2020/03/25 v0.3a Extending etoolbox patching commands

(C:\Program Files\MiKTeX\tex/latex/l3packages/xparse\xparse.sty
Package: xparse 2024-08-16 L3 Experimental document command parser
))
Package scrextend Info: patch seems to be successfull on input line 1791.
)
(C:\Users\Asus TUF505\AppData\Roaming\MiKTeX\tex/latex/anyfontsize\anyfontsize.
sty
Package: anyfontsize 2007/11/22 anyfontsize.sty by pts
) (C:\Users\Asus TUF505\AppData\Roaming\MiKTeX\tex/latex/animate\animate.sty
Package: animate 2024/10/14 PDF & SVG animations from files and inline graphics

(C:\Program Files\MiKTeX\tex/latex/oberdiek\ifdraft.sty
Package: ifdraft 2016/05/16 v1.4 Detect class options draft and final (HO)
)
(C:\Program Files\MiKTeX\tex/latex/tools\calc.sty
Package: calc 2025/03/01 v4.3b Infix arithmetic (KKT,FJ)
\calc@Acount=\count363
\calc@Bcount=\count364
\calc@Adimen=\dimen305
\calc@Bdimen=\dimen306
\calc@Askip=\skip70
\calc@Bskip=\skip71
LaTeX Info: Redefining \setlength on input line 86.
LaTeX Info: Redefining \addtolength on input line 87.
\calc@Ccount=\count365
\calc@Cskip=\skip72
)
(C:\Users\Asus TUF505\AppData\Roaming\MiKTeX\tex/latex/media9\pdfbase.sty
Package: pdfbase 2024/09/16 v0.59 driver independent access to low-level PDF fe
atures
\g_pbs_page_int=\count366
\g_pbs_oc_int=\count367
)
(C:\Users\Asus TUF505\AppData\Roaming\MiKTeX\tex/latex/zref\zref-abspage.sty
Package: zref-abspage 2025-06-08 v2.36 Module abspage for zref (HO)

(C:\Users\Asus TUF505\AppData\Roaming\MiKTeX\tex/latex/zref\zref-base.sty
Package: zref-base 2025-06-08 v2.36 Module base for zref (HO)

(C:\Users\Asus TUF505\AppData\Roaming\MiKTeX\tex/generic/etexcmds\etexcmds.sty
Package: etexcmds 2019/12/15 v1.7 Avoid name clashes with e-TeX commands (HO)
) (C:\Users\Asus TUF505\AppData\Roaming\MiKTeX\tex/latex/auxhook\auxhook.sty
Package: auxhook 2019-12-17 v1.6 Hooks for auxiliary files (HO)
)
Package zref Info: New property list: main on input line 767.
Package zref Info: New property: default on input line 768.
Package zref Info: New property: page on input line 769.
)
\c@abspage=\count368
Package zref Info: New property: abspage on input line 67.
)
(C:\Users\Asus TUF505\AppData\Roaming\MiKTeX\tex/latex/ocgx2\ocgbase.sty
Package: ocgbase 2024/09/15 v0.24 support package for ocgx2.sty
)
\@anim@box=\box80
\@anim@measbox=\box81
\@anim@tmpdima=\dimen307
\@anim@tmpdimb=\dimen308
\@anim@num=\count369
\@anim@curframe=\count370
\@anim@curframe@zb=\count371
\@anim@resizeflags=\count372
\@anim@skipfram=\count373
\@anim@mulframecnt=\count374
\@anim@@tmlnfile=\read4
\@anim@tmpcnt=\count375
\c@@anim@ltxcnt=\count376
\@anim@curlayer=\count377
\@anim@lineno=\count378
\@anim@curfield=\count379
\@anim@@resizeflags=\count380
)
(C:\Users\Asus TUF505\AppData\Roaming\MiKTeX\tex/latex/multirow\bigstrut.sty
Package: bigstrut 2024/11/12 v2.9 Provide larger struts in tabulars
\bigstrutjot=\dimen309
)
\sympureletters=\mathgroup6
LaTeX Font Info:    Overwriting symbol font `pureletters' in version `bold'
(Font)                  OT1/mathkerncmss/m/sl --> OT1/mathkerncmss/bx/sl on inp
ut line 148.

(C:\Program Files\MiKTeX\tex/latex/tools\bm.sty
Package: bm 2023/12/19 v1.2f Bold Symbol Support (DPC/FMi)
Package bm Info: No bold for \OMX/cmex/m/n, using \pmb.
Package bm Info: No bold for \U/msa/m/n, using \pmb.
Package bm Info: No bold for \U/msb/m/n, using \pmb.
)
(C:\Users\Asus TUF505\AppData\Roaming\MiKTeX\tex/latex/booktabs\booktabs.sty
Package: booktabs 2020/01/12 v1.61803398 Publication quality tables
\heavyrulewidth=\dimen310
\lightrulewidth=\dimen311
\cmidrulewidth=\dimen312
\belowrulesep=\dimen313
\belowbottomsep=\dimen314
\aboverulesep=\dimen315
\abovetopsep=\dimen316
\cmidrulesep=\dimen317
\cmidrulekern=\dimen318
\defaultaddspace=\dimen319
\@cmidla=\count381
\@cmidlb=\count382
\@aboverulesep=\dimen320
\@belowrulesep=\dimen321
\@thisruleclass=\count383
\@lastruleclass=\count384
\@thisrulewidth=\dimen322
)
(C:\Users\Asus TUF505\AppData\Roaming\MiKTeX\tex/latex/caption\caption.sty
Package: caption 2023/08/05 v3.6o Customizing captions (AR)

(C:\Users\Asus TUF505\AppData\Roaming\MiKTeX\tex/latex/caption\caption3.sty
Package: caption3 2023/07/31 v2.4d caption3 kernel (AR)
\caption@tempdima=\dimen323
\captionmargin=\dimen324
\caption@leftmargin=\dimen325
\caption@rightmargin=\dimen326
\caption@width=\dimen327
\caption@indent=\dimen328
\caption@parindent=\dimen329
\caption@hangindent=\dimen330
Package caption Info: beamer document class detected.

(C:\Users\Asus TUF505\AppData\Roaming\MiKTeX\tex/latex/caption\caption-beamer.s
to
File: caption-beamer.sto 2022/01/06 v2.0c Adaption of the caption package to th
e beamer document classes (AR)
))
\c@caption@flags=\count385
\c@continuedfloat=\count386
Package caption Info: hyperref package is loaded.
Package caption Info: Hyperref support is turned off
(caption)             because hyperref has stopped early.
Package caption Info: scrextend package is loaded.
\caption@addmargin@hsize=\dimen331
\caption@addmargin@linewidth=\dimen332
)
(C:\Users\Asus TUF505\AppData\Roaming\MiKTeX\tex/latex/chngcntr\chngcntr.sty
Package: chngcntr 2018/04/09 v1.1a change counter resetting
)
(C:\Users\Asus TUF505\AppData\Roaming\MiKTeX\tex/latex/datetime\datetime.sty
Package: datetime 2015/03/20 v2.60 Date Time Package

(C:\Users\Asus TUF505\AppData\Roaming\MiKTeX\tex/latex/fmtcount\fmtcount.sty
Package: fmtcount 2025/12/02 v3.12 Displaying the values of LaTeX counters (NT,
VB,NE)

(C:\Program Files\MiKTeX\tex/latex/xkeyval\xkeyval.sty
Package: xkeyval 2022/06/16 v2.9 package option processing (HA)

(C:\Program Files\MiKTeX\tex/generic/xkeyval\xkeyval.tex
(C:\Program Files\MiKTeX\tex/generic/xkeyval\xkvutils.tex
\XKV@toks=\toks51
\XKV@tempa@toks=\toks52
)
\XKV@depth=\count387
File: xkeyval.tex 2014/12/03 v2.7a key=value parser (HA)
))
(C:\Users\Asus TUF505\AppData\Roaming\MiKTeX\tex/latex/fmtcount\fcprefix.sty
Package: fcprefix 2012/09/28

(C:\Users\Asus TUF505\AppData\Roaming\MiKTeX\tex/latex/fmtcount\fcnumparser.sty
Package: fcnumparser 2017/06/15
\fc@digit@counter=\count388
))
\c@padzeroesN=\count389
\fc@tmpcatcode=\count390

(C:\Users\Asus TUF505\AppData\Roaming\MiKTeX\tex/latex/fmtcount\fc-spanish.def
File: fc-spanish.def 2016/01/12
)
\@DT@modctr=\count391
\@ordinalctr=\count392
\@orgargctr=\count393
\@strctr=\count394
\@tmpstrctr=\count395
\@DT@loopN=\count396
\@DT@X=\count397
)
(C:\Users\Asus TUF505\AppData\Roaming\MiKTeX\tex/latex/datetime\datetime-defaul
ts.sty
Package: datetime-defaults 2013/09/10
)
\@day=\count398
\@month=\count399
\@year=\count400
\c@HOUR=\count401
\c@HOURXII=\count402
\c@MINUTE=\count403
\c@TOHOUR=\count404
\c@TOMINUTE=\count405
\c@SECOND=\count406
\currenthour=\count407
\currentminute=\count408
\currentsecond=\count409
Package datetime Info: No datetime.cfg file found, using default settings on in
put line 308.

(C:\Users\Asus TUF505\AppData\Roaming\MiKTeX\tex/latex/datetime\dt-spanish.def
File: dt-spanish.def 2013/09/10
LaTeX Info: Redefining \datespanish on input line 85.
)
\@dtctr=\count410
\dayofyear=\count411
\dayofweek=\count412
LaTeX Info: Redefining \today on input line 736.
\dt@a=\toks53
\dt@b=\toks54
) (C:\Users\Asus TUF505\AppData\Roaming\MiKTeX\tex/latex/floatrow\floatrow.sty
Package: floatrow 2008/08/02 v0.3b floatrow: float package extension
\c@float@type=\count413
\float@exts=\toks55
\float@box=\box82
\@floatcapt=\box83
Package floatrow Info: Modified float package code loaded on input line 455.
Package floatrow Info: Modified rotfloat package code loaded on input line 473.

\FR@everyfloat=\toks56
\flrow@foot=\insert252
\FB@wd=\dimen333
\FBo@wd=\dimen334
\FBc@wd=\dimen335
\FBo@ht=\skip73
\FBc@ht=\skip74
\FBf@ht=\skip75
\FBo@max=\skip76
\FBc@max=\skip77
\FBf@max=\skip78
\c@FBl@b=\count414
\floatbox@depth=\count415
\c@FRobj=\count416
\c@FRsobj=\count417
\Xhsize=\skip79
\sXhsize=\skip80
\Zhsize=\skip81
\sZhsize=\skip82
\flrow@rowbox=\box84
\FR@Zunitlength=\dimen336
\c@FBcnt=\count418
\FPOScnt=\count419
\LTleft=\skip83
\LTright=\skip84
\LTleft=\skip85
\LTright=\skip86
\flrow@types=\toks57
) (C:\Users\Asus TUF505\AppData\Roaming\MiKTeX\tex/latex/framed\framed.sty
Package: framed 2011/10/22 v 0.96: framed or shaded text with page breaks
\OuterFrameSep=\skip87
\fb@frw=\dimen337
\fb@frh=\dimen338
\FrameRule=\dimen339
\FrameSep=\dimen340
)
(C:\Users\Asus TUF505\AppData\Roaming\MiKTeX\tex/latex/gensymb\gensymb.sty
Package: gensymb 2022/10/17 v1.0.2 (KJH)
)
(C:\Users\Asus TUF505\AppData\Roaming\MiKTeX\tex/latex/lipsum\lipsum.sty
(C:\Program Files\MiKTeX\tex/latex/l3packages/l3keys2e\l3keys2e.sty
Package: l3keys2e 2024-08-16 LaTeX2e option processing using LaTeX3 keys
)
Package: lipsum 2021-09-20 v2.7 150 paragraphs of Lorem Ipsum dummy text
\g__lipsum_par_int=\count420
\l__lipsum_a_int=\count421
\l__lipsum_b_int=\count422

(C:\Users\Asus TUF505\AppData\Roaming\MiKTeX\tex/latex/lipsum\lipsum.ltd.tex))
(C:\Program Files\MiKTeX\tex/latex/listings\listings.sty
\lst@mode=\count423
\lst@gtempboxa=\box85
\lst@token=\toks58
\lst@length=\count424
\lst@currlwidth=\dimen341
\lst@column=\count425
\lst@pos=\count426
\lst@lostspace=\dimen342
\lst@width=\dimen343
\lst@newlines=\count427
\lst@lineno=\count428
\lst@maxwidth=\dimen344

(C:\Program Files\MiKTeX\tex/latex/listings\lstpatch.sty
File: lstpatch.sty 2024/09/23 1.10c (Carsten Heinz)
)
(C:\Program Files\MiKTeX\tex/latex/listings\lstmisc.sty
File: lstmisc.sty 2024/09/23 1.10c (Carsten Heinz)
\c@lstnumber=\count429
\lst@skipnumbers=\count430
\lst@framebox=\box86
)
(C:\Program Files\MiKTeX\tex/latex/listings\listings.cfg
File: listings.cfg 2024/09/23 1.10c listings configuration
))
Package: listings 2024/09/23 1.10c (Carsten Heinz)

(C:\Program Files\MiKTeX\tex/latex/tools\longtable.sty
Package: longtable 2024-12-18 v4.23 Multi-page Table package (DPC)
\LTleft=\skip88
\LTright=\skip89
\LTpre=\skip90
\LTpost=\skip91
\LTchunksize=\count431
\LTcapwidth=\dimen345
\LT@head=\box87
\LT@firsthead=\box88
\LT@foot=\box89
\LT@lastfoot=\box90
\LT@gbox=\box91
\LT@cols=\count432
\LT@rows=\count433
\c@LT@tables=\count434
\c@LT@chunks=\count435
\LT@p@ftn=\toks59
)
(C:\Users\Asus TUF505\AppData\Roaming\MiKTeX\tex/latex/jknappen\mathrsfs.sty
Package: mathrsfs 1996/01/01 Math RSFS package v1.0 (jk)
\symrsfs=\mathgroup7
)
(C:\Users\Asus TUF505\AppData\Roaming\MiKTeX\tex/latex/mathtools\mathtools.sty
Package: mathtools 2024/10/04 v1.31 mathematical typesetting tools

(C:\Users\Asus TUF505\AppData\Roaming\MiKTeX\tex/latex/mathtools\mhsetup.sty
Package: mhsetup 2021/03/18 v1.4 programming setup (MH)
)
\g_MT_multlinerow_int=\count436
\l_MT_multwidth_dim=\dimen346
\origjot=\skip92
\l_MT_shortvdotswithinadjustabove_dim=\dimen347
\l_MT_shortvdotswithinadjustbelow_dim=\dimen348
\l_MT_above_intertext_sep=\dimen349
\l_MT_below_intertext_sep=\dimen350
\l_MT_above_shortintertext_sep=\dimen351
\l_MT_below_shortintertext_sep=\dimen352
\xmathstrut@box=\box92
\xmathstrut@dim=\dimen353
)
(C:\Program Files\MiKTeX\tex/latex/tools\multicol.sty
Package: multicol 2025/05/25 v2.0a multicolumn formatting (FMi)
\c@tracingmulticols=\count437
\mult@box=\box93
\multicol@leftmargin=\dimen354
\c@unbalance=\count438
\c@collectmore=\count439
\doublecol@number=\count440
\multicoltolerance=\count441
\multicolpretolerance=\count442
\full@width=\dimen355
\page@free=\dimen356
\premulticols=\dimen357
\postmulticols=\dimen358
\multicolsep=\skip93
\multicolbaselineskip=\skip94
\partial@page=\box94
\last@line=\box95
\mc@boxedresult=\box96
\maxbalancingoverflow=\dimen359
\mult@rightbox=\box97
\mult@grightbox=\box98
\mult@firstbox=\box99
\mult@gfirstbox=\box100
\@tempa=\box101
\@tempa=\box102
\@tempa=\box103
\@tempa=\box104
\@tempa=\box105
\@tempa=\box106
\@tempa=\box107
\@tempa=\box108
\@tempa=\box109
\@tempa=\box110
\@tempa=\box111
\@tempa=\box112
\@tempa=\box113
\@tempa=\box114
\@tempa=\box115
\@tempa=\box116
\@tempa=\box117
\@tempa=\box118
\@tempa=\box119
\@tempa=\box120
\@tempa=\box121
\@tempa=\box122
\@tempa=\box123
\@tempa=\box124
\@tempa=\box125
\@tempa=\box126
\@tempa=\box127
\@tempa=\box128
\@tempa=\box129
\@tempa=\box130
\@tempa=\box131
\@tempa=\box132
\@tempa=\box133
\@tempa=\box134
\@tempa=\box135
\@tempa=\box136
\c@minrows=\count443
\c@columnbadness=\count444
\c@finalcolumnbadness=\count445
\last@try=\dimen360
\multicolovershoot=\dimen361
\multicolundershoot=\dimen362
\mult@nat@firstbox=\box137
\colbreak@box=\box138
\mc@col@check@num=\count446
\g__mc_curr_col_int=\count447
)
(C:\Users\Asus TUF505\AppData\Roaming\MiKTeX\tex/latex/needspace\needspace.sty
Package: needspace 2025/03/13 v1.3e reserve vertical space
) (C:\Users\Asus TUF505\AppData\Roaming\MiKTeX\tex/latex/pdflscape\pdflscape.st
y
Package: pdflscape 2022-10-27 v0.13 Display of landscape pages in PDF

(C:\Users\Asus TUF505\AppData\Roaming\MiKTeX\tex/latex/pdflscape\pdflscape-nome
tadata.sty
Package: pdflscape-nometadata 2022-10-28 v0.13 Display of landscape pages in PD
F (HO)
 (C:\Program Files\MiKTeX\tex/latex/graphics\lscape.sty
Package: lscape 2020/05/28 v3.02 Landscape Pages (DPC)
)
Package pdflscape Info: Auto-detected driver: pdftex on input line 81.
))
(C:\Users\Asus TUF505\AppData\Roaming\MiKTeX\tex/latex/pdfpages\pdfpages.sty
Package: pdfpages 2025/07/23 v0.6g Insert pages of external PDF documents (AM)

(C:\Users\Asus TUF505\AppData\Roaming\MiKTeX\tex/latex/eso-pic\eso-pic.sty
Package: eso-pic 2025/12/10 v3.0d eso-pic (RN)
\ESO@tempdima=\dimen363
\ESO@tempdimb=\dimen364
)
\AM@pagewidth=\dimen365
\AM@pageheight=\dimen366
\AM@fboxrule=\dimen367

(C:\Users\Asus TUF505\AppData\Roaming\MiKTeX\tex/latex/pdfpages\pppdftex.def
File: pppdftex.def 2025/07/23 v0.6g Pdfpages driver for pdfTeX (AM)
)
\pdfpages@includegraphics@status=\count448
\AM@pagebox=\box139
\AM@global@opts=\toks60
\AM@pagecnt=\count449
\AM@toc@title=\toks61
\AM@lof@heading=\toks62
\c@AM@survey=\count450
\AM@templatesizebox=\box140
)
(C:\Users\Asus TUF505\AppData\Roaming\MiKTeX\tex/latex/physics\physics.sty
Package: physics 
)
(C:\Program Files\MiKTeX\tex/latex/ragged2e\ragged2e.sty
Package: ragged2e 2023/06/22 v3.6 ragged2e Package
\CenteringLeftskip=\skip95
\RaggedLeftLeftskip=\skip96
\RaggedRightLeftskip=\skip97
\CenteringRightskip=\skip98
\RaggedLeftRightskip=\skip99
\RaggedRightRightskip=\skip100
\CenteringParfillskip=\skip101
\RaggedLeftParfillskip=\skip102
\RaggedRightParfillskip=\skip103
\JustifyingParfillskip=\skip104
\CenteringParindent=\skip105
\RaggedLeftParindent=\skip106
\RaggedRightParindent=\skip107
\JustifyingParindent=\skip108
)
(C:\Users\Asus TUF505\AppData\Roaming\MiKTeX\tex/latex/realboxes\realboxes.sty
Package: realboxes 2011/08/08 v0.2 Change box commands to read there content as
 real boxes

(C:\Users\Asus TUF505\AppData\Roaming\MiKTeX\tex/latex/collectbox\collectbox.st
y
Package: collectbox 2022/10/17 v0.4c Collect macro arguments as boxes
\collectedbox=\box141
) (C:\Users\Asus TUF505\AppData\Roaming\MiKTeX\tex/latex/adjustbox\adjcalc.sty
Package: adjcalc 2012/05/16 v1.1 Provides advanced setlength with multiple back
-ends (calc, etex, pgfmath)
)) (C:\Program Files\MiKTeX\tex/latex/graphics\rotating.sty
Package: rotating 2025/01/14 v2.16e rotated objects in LaTeX
\c@r@tfl@t=\count451
\rotFPtop=\skip109
\rotFPbot=\skip110
\rot@float@box=\box142
\rot@mess@toks=\toks63
)
(C:\Users\Asus TUF505\AppData\Roaming\MiKTeX\tex/latex/selinput\selinput.sty
Package: selinput 2019-12-10 v1.6 Semi-automatic input encoding detection (HO)
)
(C:\Users\Asus TUF505\AppData\Roaming\MiKTeX\tex/latex/setspace\setspace.sty
Package: setspace 2022/12/04 v6.7b set line spacing
)
(C:\Users\Asus TUF505\AppData\Roaming\MiKTeX\tex/generic/soul\soul.sty
Package: soul 2023-06-14 v3.1 Permit use of UTF-8 characters in soul (HO)

(C:\Users\Asus TUF505\AppData\Roaming\MiKTeX\tex/generic/soul\soul-ori.sty
Package: soul-ori 2023-06-14 v3.1 letterspacing/underlining (mf)
\SOUL@word=\toks64
\SOUL@lasttoken=\toks65
\SOUL@syllable=\toks66
\SOUL@cmds=\toks67
\SOUL@buffer=\toks68
\SOUL@token=\toks69
\SOUL@syllgoal=\dimen368
\SOUL@syllwidth=\dimen369
\SOUL@charkern=\dimen370
\SOUL@hyphkern=\dimen371
\SOUL@dimen=\dimen372
\SOUL@dimeni=\dimen373
\SOUL@minus=\count452
\SOUL@comma=\count453
\SOUL@apo=\count454
\SOUL@grave=\count455
\SOUL@spaceskip=\skip111
\SOUL@ttwidth=\dimen374
\SOUL@uldp=\dimen375
\SOUL@ulht=\dimen376
))
(C:\Users\Asus TUF505\AppData\Roaming\MiKTeX\tex/latex/caption\subcaption.sty
Package: subcaption 2023/07/28 v1.6b Sub-captions (AR)
Package caption Info: New subtype `subfigure' on input line 238.
\c@subfigure=\count456
Package caption Info: New subtype `subtable' on input line 238.
\c@subtable=\count457
)
(C:\Program Files\MiKTeX\tex/latex/base\textcomp.sty
Package: textcomp 2024/04/24 v2.1b Standard LaTeX package
)
(C:\Users\Asus TUF505\AppData\Roaming\MiKTeX\tex/latex/wrapfig\wrapfig.sty
\wrapoverhang=\dimen377
\WF@size=\dimen378
\c@WF@wrappedlines=\count458
\WF@box=\box143
\WF@everypar=\toks70
Package: wrapfig 2003/01/31  v 3.6
)
(C:\Program Files\MiKTeX\tex/latex/tools\xspace.sty
Package: xspace 2014/10/28 v1.13 Space after command names (DPC,MH)
)
(C:\Users\Asus TUF505\AppData\Roaming\MiKTeX\tex/latex/xurl\xurl.sty
Package: xurl 2022/01/09 v 0.10 modify URL breaks
)
(C:\Users\Asus TUF505\AppData\Roaming\MiKTeX\tex/latex/adjustbox\adjustbox.sty
Package: adjustbox 2025/02/26 v1.3c Adjusting TeX boxes (trim, clip, ...)

(C:\Users\Asus TUF505\AppData\Roaming\MiKTeX\tex/latex/adjustbox\trimclip.sty
Package: trimclip 2025/02/21 v1.2a Trim and clip general TeX material
\tc@llx=\dimen379
\tc@lly=\dimen380
\tc@urx=\dimen381
\tc@ury=\dimen382
Package trimclip Info: Using driver 'tc-pdftex.def'.

(C:\Users\Asus TUF505\AppData\Roaming\MiKTeX\tex/latex/adjustbox\tc-pdftex.def
File: tc-pdftex.def 2025/02/26 v2.3 Clipping driver for pdftex
))
\adjbox@Width=\dimen383
\adjbox@Height=\dimen384
\adjbox@Depth=\dimen385
\adjbox@Totalheight=\dimen386
\adjbox@pwidth=\dimen387
\adjbox@pheight=\dimen388
\adjbox@pdepth=\dimen389
\adjbox@ptotalheight=\dimen390

(C:\Users\Asus TUF505\AppData\Roaming\MiKTeX\tex/latex/ifoddpage\ifoddpage.sty
Package: ifoddpage 2022/10/18 v1.2 Conditionals for odd/even page detection
\c@checkoddpage=\count459
) (C:\Users\Asus TUF505\AppData\Roaming\MiKTeX\tex/latex/varwidth\varwidth.sty
Package: varwidth 2009/03/30 ver 0.92;  Variable-width minipages
\@vwid@box=\box144
\sift@deathcycles=\count460
\@vwid@loff=\dimen391
\@vwid@roff=\dimen392
)
==> First Aid for varwidth.sty applied!
) (C:\Users\Asus TUF505\AppData\Roaming\MiKTeX\tex/latex/cancel\cancel.sty
Package: cancel 2013/04/12 v2.2 Cancel math terms
)
(C:\Users\Asus TUF505\AppData\Roaming\MiKTeX\tex/latex/enumitem\enumitem.sty
Package: enumitem 2025/02/06 v3.11 Customized lists
\labelindent=\skip112
\enit@outerparindent=\dimen393
\enit@toks=\toks71
\enit@inbox=\box145
\enit@count@id=\count461
\enitdp@description=\count462
)
(C:\Users\Asus TUF505\AppData\Roaming\MiKTeX\tex/latex/totalcount\totalcount.st
y
Package: totalcount 2018/01/21 v1.0a Total values of counters (AR)
\c@totalcount@figure=\count463
\c@totalcount@table=\count464
\c@totalcount@lstlisting=\count465
) (C:\Users\Asus TUF505\AppData\Roaming\MiKTeX\tex/latex/ulem\ulem.sty
\UL@box=\box146
\UL@hyphenbox=\box147
\UL@skip=\skip113
\UL@hook=\toks72
\UL@height=\dimen394
\UL@pe=\count466
\UL@pixel=\dimen395
\ULC@box=\box148
Package: ulem 2019/11/18
\ULdepth=\dimen396
)
(C:\Users\Asus TUF505\AppData\Roaming\MiKTeX\tex/latex/wasysym\wasysym.sty
Package: wasysym 2020/01/19 v2.4 Wasy-2 symbol support package
\symwasy=\mathgroup8
LaTeX Font Info:    Overwriting symbol font `wasy' in version `bold'
(Font)                  U/wasy/m/n --> U/wasy/b/n on input line 93.
)
(C:\Users\Asus TUF505\AppData\Roaming\MiKTeX\tex/latex/listingsutf8\listingsutf
8.sty
Package: listingsutf8 2019-12-10 v1.5 Allow UTF-8 in listings input (HO)
)
(C:\Users\Asus TUF505\AppData\Roaming\MiKTeX\tex/latex/footmisc\footmisc.sty
Package: footmisc 2025/05/09 v7.0b a miscellany of footnote facilities
\FN@temptoken=\toks73
\footnotemargin=\dimen397
Package footmisc Info: Declaring symbol style bringhurst on input line 549.
Package footmisc Info: Declaring symbol style chicago on input line 557.
Package footmisc Info: Declaring symbol style wiley on input line 566.
Package footmisc Info: Declaring symbol style lamport-robust on input line 577.

Package footmisc Info: Declaring symbol style lamport* on input line 597.
Package footmisc Info: Declaring symbol style lamport*-robust on input line 618
.
)
(C:\Users\Asus TUF505\AppData\Roaming\MiKTeX\tex/latex/appendix\appendix.sty
Package: appendix 2020/02/08 v1.2c extra appendix facilities
\c@@pps=\count467
\c@@ppsavesec=\count468
\c@@ppsaveapp=\count469
)
(C:\Users\Asus TUF505\AppData\Roaming\MiKTeX\tex/latex/threeparttable\threepart
table.sty
Package: threeparttable 2003/06/13  v 3.0
\@tempboxb=\box149
)
(C:\Users\Asus TUF505\AppData\Roaming\MiKTeX\tex/latex/bookmark\bookmark.sty
Package: bookmark 2023-12-10 v1.31 PDF bookmarks (HO)

(C:\Users\Asus TUF505\AppData\Roaming\MiKTeX\tex/latex/bookmark\bkm-pdftex.def
File: bkm-pdftex.def 2023-12-10 v1.31 bookmark driver for pdfTeX and luaTeX (HO
)
\BKM@id=\count470
)) (C:\Users\Asus TUF505\AppData\Roaming\MiKTeX\tex/latex/fancyhdr\fancyhdr.sty
Package: fancyhdr 2025/02/07 v5.2 Extensive control of page headers and footers

\f@nch@headwidth=\skip114
\f@nch@offset@elh=\skip115
\f@nch@offset@erh=\skip116
\f@nch@offset@olh=\skip117
\f@nch@offset@orh=\skip118
\f@nch@offset@elf=\skip119
\f@nch@offset@erf=\skip120
\f@nch@offset@olf=\skip121
\f@nch@offset@orf=\skip122
\f@nch@height=\skip123
\f@nch@footalignment=\skip124
\f@nch@widthL=\skip125
\f@nch@widthC=\skip126
\f@nch@widthR=\skip127
\@temptokenb=\toks74
) (C:\Users\Asus TUF505\AppData\Roaming\MiKTeX\tex/latex/hyperxmp\hyperxmp.sty
Package: hyperxmp 2024/03/17 v5.13 Store hyperref metadata in XMP format
\hyxmp@aep@toks=\toks75

(C:\Users\Asus TUF505\AppData\Roaming\MiKTeX\tex/latex/ifmtarg\ifmtarg.sty
Package: ifmtarg 2018/04/16 v1.2b check for an empty argument
)
\@hyxmp@count=\count471

(C:\Program Files\MiKTeX\tex/generic/iftex\ifluatex.sty
Package: ifluatex 2019/10/25 v1.5 ifluatex legacy package. Use iftex instead.
))
(C:\Users\Asus TUF505\AppData\Roaming\MiKTeX\tex/latex/multirow\multirow.sty
Package: multirow 2024/11/12 v2.9 Span multiple rows of a table
\multirow@colwidth=\skip128
\multirow@cntb=\count472
\multirow@dima=\skip129
)
(C:\Users\Asus TUF505\AppData\Roaming\MiKTeX\tex/latex/roboto\roboto.sty
Package: roboto 2022/09/10 (Bob Tennent) Supports Roboto fonts for all LaTeX en
gines.

(C:\Program Files\MiKTeX\tex/generic/iftex\ifxetex.sty
Package: ifxetex 2019/10/25 v0.7 ifxetex legacy package. Use iftex instead.
)
(C:\Program Files\MiKTeX\tex/latex/base\fontenc.sty
Package: fontenc 2024/12/21 v2.1c Standard LaTeX package
)
(C:\Users\Asus TUF505\AppData\Roaming\MiKTeX\tex/latex/fontaxes\fontaxes.sty
Package: fontaxes 2026-01-02 v2.0.2 Font selection axes (deprecated)
Applying: [2024-11-01] Use figureversions if present on input line 74.

(C:\Users\Asus TUF505\AppData\Roaming\MiKTeX\tex/latex/figureversions\figurever
sions.sty
Package: figureversions 2025-04-29 v1.0.1 Figure versions
)
Already applied: [0000-00-00] Fall back to v1 on input line 76.
)) (C:\Program Files\MiKTeX\tex/latex/base\fontenc.sty
Package: fontenc 2024/12/21 v2.1c Standard LaTeX package
LaTeX Font Info:    Trying to load font information for T1+Roboto-LF on input l
ine 116.

(C:\Users\Asus TUF505\AppData\Roaming\MiKTeX\tex/latex/roboto\t1roboto-lf.fd
File: T1Roboto-LF.fd 2019/12/11 (autoinst) Font definitions for T1/Roboto-LF.
)
LaTeX Font Info:    Font shape `T1/Roboto-LF/m/n' aliased to
(Font)              `T1/Roboto-LF/regular/n' on input line 116.
LaTeX Font Info:    Font shape `T1/Roboto-LF/regular/n' will be
(Font)              scaled to size 9.5pt on input line 116.
)
(C:\Users\Asus TUF505\AppData\Roaming\MiKTeX\tex/latex/lineno\lineno.sty
Package: lineno 2026/02/16 line numbers on paragraphs v5.7
\linenopenalty=\count473
\output=\toks76
\linenoprevgraf=\count474
\linenumbersep=\dimen398
\linenumberwidth=\dimen399
\c@linenumber=\count475
\c@pagewiselinenumber=\count476
\c@LN@truepage=\count477
\c@internallinenumber=\count478
\c@internallinenumbers=\count479
\quotelinenumbersep=\dimen400
\bframerule=\dimen401
\bframesep=\dimen402
\bframebox=\box150
\@LN@amsmath@ams@eqpen=\count480
)
(C:\Users\Asus TUF505\AppData\Roaming\MiKTeX\tex/latex/commonunicode\commonunic
ode.sty
Package: commonunicode 2022/04/03 v1.0.0

(C:\Users\Asus TUF505\AppData\Roaming\MiKTeX\tex/latex/stmaryrd\stmaryrd.sty
Package: stmaryrd 1994/03/03 St Mary's Road symbol package
\symstmry=\mathgroup9
LaTeX Font Info:    Overwriting symbol font `stmry' in version `bold'
(Font)                  U/stmry/m/n --> U/stmry/b/n on input line 89.
)
\@brxanglelr=\box151
   defining Unicode char U+000B (decimal 11)
   defining Unicode char U+00A0 (decimal 160)
   defining Unicode char U+00A1 (decimal 161)
   defining Unicode char U+00A2 (decimal 162)
   defining Unicode char U+00A3 (decimal 163)
   defining Unicode char U+00A4 (decimal 164)
   defining Unicode char U+00A5 (decimal 165)
   defining Unicode char U+00A6 (decimal 166)
   defining Unicode char U+00A7 (decimal 167)
   defining Unicode char U+00A8 (decimal 168)
   defining Unicode char U+00A9 (decimal 169)
   defining Unicode char U+00AA (decimal 170)
   defining Unicode char U+00AB (decimal 171)
   defining Unicode char U+00AC (decimal 172)
   defining Unicode char U+00AE (decimal 174)
   defining Unicode char U+00AF (decimal 175)
   defining Unicode char U+00B0 (decimal 176)
   defining Unicode char U+00B1 (decimal 177)
   defining Unicode char U+00B2 (decimal 178)
   defining Unicode char U+00B3 (decimal 179)
   defining Unicode char U+00B5 (decimal 181)
   defining Unicode char U+00B6 (decimal 182)
   defining Unicode char U+00B7 (decimal 183)
   defining Unicode char U+00B9 (decimal 185)
   defining Unicode char U+00BA (decimal 186)
   defining Unicode char U+00BB (decimal 187)
   defining Unicode char U+00BC (decimal 188)
   defining Unicode char U+00BD (decimal 189)
   defining Unicode char U+00BE (decimal 190)
   defining Unicode char U+00BF (decimal 191)
   defining Unicode char U+00D7 (decimal 215)
   defining Unicode char U+00F7 (decimal 247)
   defining Unicode char U+0131 (decimal 305)
   defining Unicode char U+02102 (decimal 8450)
   defining Unicode char U+0210D (decimal 8461)
   defining Unicode char U+02115 (decimal 8469)
   defining Unicode char U+02119 (decimal 8473)
   defining Unicode char U+0211A (decimal 8474)
   defining Unicode char U+0211D (decimal 8477)
   defining Unicode char U+02124 (decimal 8484)
   defining Unicode char U+0237 (decimal 567)
   defining Unicode char U+02B0 (decimal 688)
   defining Unicode char U+02B2 (decimal 690)
   defining Unicode char U+02B3 (decimal 691)
   defining Unicode char U+02B7 (decimal 695)
   defining Unicode char U+02B8 (decimal 696)
   defining Unicode char U+02E1 (decimal 737)
   defining Unicode char U+02E2 (decimal 738)
   defining Unicode char U+02E3 (decimal 739)
   defining Unicode char U+0302 (decimal 770)
   defining Unicode char U+0308 (decimal 776)
   defining Unicode char U+0332 (decimal 818)
   defining Unicode char U+0391 (decimal 913)
   defining Unicode char U+0392 (decimal 914)
   defining Unicode char U+0393 (decimal 915)
   defining Unicode char U+0394 (decimal 916)
   defining Unicode char U+0395 (decimal 917)
   defining Unicode char U+0396 (decimal 918)
   defining Unicode char U+0397 (decimal 919)
   defining Unicode char U+0398 (decimal 920)
   defining Unicode char U+0399 (decimal 921)
   defining Unicode char U+039A (decimal 922)
   defining Unicode char U+039B (decimal 923)
   defining Unicode char U+039C (decimal 924)
   defining Unicode char U+039D (decimal 925)
   defining Unicode char U+039E (decimal 926)
   defining Unicode char U+039F (decimal 927)
   defining Unicode char U+03A0 (decimal 928)
   defining Unicode char U+03A1 (decimal 929)
   defining Unicode char U+03A3 (decimal 931)
   defining Unicode char U+03A4 (decimal 932)
   defining Unicode char U+03A5 (decimal 933)
   defining Unicode char U+03A6 (decimal 934)
   defining Unicode char U+03A7 (decimal 935)
   defining Unicode char U+03A8 (decimal 936)
   defining Unicode char U+03A9 (decimal 937)
   defining Unicode char U+03B1 (decimal 945)
   defining Unicode char U+03B2 (decimal 946)
   defining Unicode char U+03B3 (decimal 947)
   defining Unicode char U+03B4 (decimal 948)
   defining Unicode char U+03B5 (decimal 949)
   defining Unicode char U+03B6 (decimal 950)
   defining Unicode char U+03B7 (decimal 951)
   defining Unicode char U+03B8 (decimal 952)
   defining Unicode char U+03B9 (decimal 953)
   defining Unicode char U+03BA (decimal 954)
   defining Unicode char U+03BB (decimal 955)
   defining Unicode char U+03BC (decimal 956)
   defining Unicode char U+03BD (decimal 957)
   defining Unicode char U+03BE (decimal 958)
   defining Unicode char U+03BF (decimal 959)
   defining Unicode char U+03C0 (decimal 960)
   defining Unicode char U+03C1 (decimal 961)
   defining Unicode char U+03C2 (decimal 962)
   defining Unicode char U+03C3 (decimal 963)
   defining Unicode char U+03C4 (decimal 964)
   defining Unicode char U+03C5 (decimal 965)
   defining Unicode char U+03C6 (decimal 966)
   defining Unicode char U+03C7 (decimal 967)
   defining Unicode char U+03C8 (decimal 968)
   defining Unicode char U+03C9 (decimal 969)
   defining Unicode char U+03D0 (decimal 976)
   defining Unicode char U+03D1 (decimal 977)
   defining Unicode char U+03D5 (decimal 981)
   defining Unicode char U+03D6 (decimal 982)
   defining Unicode char U+03D8 (decimal 984)
   defining Unicode char U+03D9 (decimal 985)
   defining Unicode char U+03DA (decimal 986)
   defining Unicode char U+03DB (decimal 987)
   defining Unicode char U+03DC (decimal 988)
   defining Unicode char U+03DD (decimal 989)
   defining Unicode char U+03DE (decimal 990)
   defining Unicode char U+03DF (decimal 991)
   defining Unicode char U+03E0 (decimal 992)
   defining Unicode char U+03E1 (decimal 993)
   defining Unicode char U+03F0 (decimal 1008)
   defining Unicode char U+03F1 (decimal 1009)
   defining Unicode char U+03F5 (decimal 1013)
   defining Unicode char U+03F6 (decimal 1014)
   defining Unicode char U+041F (decimal 1055)
   defining Unicode char U+0432 (decimal 1074)
   defining Unicode char U+0435 (decimal 1077)
   defining Unicode char U+0438 (decimal 1080)
   defining Unicode char U+043C (decimal 1084)
   defining Unicode char U+0440 (decimal 1088)
   defining Unicode char U+0442 (decimal 1090)
   defining Unicode char U+0BA8 (decimal 2984)
   defining Unicode char U+0BBF (decimal 3007)
   defining Unicode char U+1100 (decimal 4352)
   defining Unicode char U+11F9 (decimal 4601)
   defining Unicode char U+1D2C (decimal 7468)
   defining Unicode char U+1D2E (decimal 7470)
   defining Unicode char U+1D30 (decimal 7472)
   defining Unicode char U+1D31 (decimal 7473)
   defining Unicode char U+1D33 (decimal 7475)
   defining Unicode char U+1D34 (decimal 7476)
   defining Unicode char U+1D35 (decimal 7477)
   defining Unicode char U+1D36 (decimal 7478)
   defining Unicode char U+1D37 (decimal 7479)
   defining Unicode char U+1D38 (decimal 7480)
   defining Unicode char U+1D39 (decimal 7481)
   defining Unicode char U+1D3A (decimal 7482)
   defining Unicode char U+1D3C (decimal 7484)
   defining Unicode char U+1D3E (decimal 7486)
   defining Unicode char U+1D3F (decimal 7487)
   defining Unicode char U+1D40 (decimal 7488)
   defining Unicode char U+1D400 (decimal 119808)
   defining Unicode char U+1D401 (decimal 119809)
   defining Unicode char U+1D402 (decimal 119810)
   defining Unicode char U+1D403 (decimal 119811)
   defining Unicode char U+1D404 (decimal 119812)
   defining Unicode char U+1D405 (decimal 119813)
   defining Unicode char U+1D406 (decimal 119814)
   defining Unicode char U+1D407 (decimal 119815)
   defining Unicode char U+1D408 (decimal 119816)
   defining Unicode char U+1D409 (decimal 119817)
   defining Unicode char U+1D40A (decimal 119818)
   defining Unicode char U+1D40B (decimal 119819)
   defining Unicode char U+1D40C (decimal 119820)
   defining Unicode char U+1D40D (decimal 119821)
   defining Unicode char U+1D40E (decimal 119822)
   defining Unicode char U+1D40F (decimal 119823)
   defining Unicode char U+1D41 (decimal 7489)
   defining Unicode char U+1D410 (decimal 119824)
   defining Unicode char U+1D411 (decimal 119825)
   defining Unicode char U+1D412 (decimal 119826)
   defining Unicode char U+1D413 (decimal 119827)
   defining Unicode char U+1D414 (decimal 119828)
   defining Unicode char U+1D415 (decimal 119829)
   defining Unicode char U+1D416 (decimal 119830)
   defining Unicode char U+1D417 (decimal 119831)
   defining Unicode char U+1D418 (decimal 119832)
   defining Unicode char U+1D419 (decimal 119833)
   defining Unicode char U+1D41A (decimal 119834)
   defining Unicode char U+1D41B (decimal 119835)
   defining Unicode char U+1D41C (decimal 119836)
   defining Unicode char U+1D41D (decimal 119837)
   defining Unicode char U+1D41E (decimal 119838)
   defining Unicode char U+1D41F (decimal 119839)
   defining Unicode char U+1D42 (decimal 7490)
   defining Unicode char U+1D420 (decimal 119840)
   defining Unicode char U+1D421 (decimal 119841)
   defining Unicode char U+1D422 (decimal 119842)
   defining Unicode char U+1D423 (decimal 119843)
   defining Unicode char U+1D424 (decimal 119844)
   defining Unicode char U+1D425 (decimal 119845)
   defining Unicode char U+1D426 (decimal 119846)
   defining Unicode char U+1D427 (decimal 119847)
   defining Unicode char U+1D428 (decimal 119848)
   defining Unicode char U+1D429 (decimal 119849)
   defining Unicode char U+1D42A (decimal 119850)
   defining Unicode char U+1D42B (decimal 119851)
   defining Unicode char U+1D42C (decimal 119852)
   defining Unicode char U+1D42D (decimal 119853)
   defining Unicode char U+1D42E (decimal 119854)
   defining Unicode char U+1D42F (decimal 119855)
   defining Unicode char U+1D43 (decimal 7491)
   defining Unicode char U+1D430 (decimal 119856)
   defining Unicode char U+1D431 (decimal 119857)
   defining Unicode char U+1D432 (decimal 119858)
   defining Unicode char U+1D433 (decimal 119859)
   defining Unicode char U+1D434 (decimal 119860)
   defining Unicode char U+1D435 (decimal 119861)
   defining Unicode char U+1D436 (decimal 119862)
   defining Unicode char U+1D437 (decimal 119863)
   defining Unicode char U+1D438 (decimal 119864)
   defining Unicode char U+1D439 (decimal 119865)
   defining Unicode char U+1D43A (decimal 119866)
   defining Unicode char U+1D43B (decimal 119867)
   defining Unicode char U+1D43C (decimal 119868)
   defining Unicode char U+1D43D (decimal 119869)
   defining Unicode char U+1D43E (decimal 119870)
   defining Unicode char U+1D43F (decimal 119871)
   defining Unicode char U+1D440 (decimal 119872)
   defining Unicode char U+1D441 (decimal 119873)
   defining Unicode char U+1D442 (decimal 119874)
   defining Unicode char U+1D443 (decimal 119875)
   defining Unicode char U+1D444 (decimal 119876)
   defining Unicode char U+1D445 (decimal 119877)
   defining Unicode char U+1D446 (decimal 119878)
   defining Unicode char U+1D447 (decimal 119879)
   defining Unicode char U+1D448 (decimal 119880)
   defining Unicode char U+1D449 (decimal 119881)
   defining Unicode char U+1D44A (decimal 119882)
   defining Unicode char U+1D44B (decimal 119883)
   defining Unicode char U+1D44C (decimal 119884)
   defining Unicode char U+1D44D (decimal 119885)
   defining Unicode char U+1D44E (decimal 119886)
   defining Unicode char U+1D44F (decimal 119887)
   defining Unicode char U+1D450 (decimal 119888)
   defining Unicode char U+1D451 (decimal 119889)
   defining Unicode char U+1D452 (decimal 119890)
   defining Unicode char U+1D453 (decimal 119891)
   defining Unicode char U+1D454 (decimal 119892)
   defining Unicode char U+1D456 (decimal 119894)
   defining Unicode char U+1D457 (decimal 119895)
   defining Unicode char U+1D458 (decimal 119896)
   defining Unicode char U+1D459 (decimal 119897)
   defining Unicode char U+1D45A (decimal 119898)
   defining Unicode char U+1D45B (decimal 119899)
   defining Unicode char U+1D45C (decimal 119900)
   defining Unicode char U+1D45D (decimal 119901)
   defining Unicode char U+1D45E (decimal 119902)
   defining Unicode char U+1D45F (decimal 119903)
   defining Unicode char U+1D460 (decimal 119904)
   defining Unicode char U+1D461 (decimal 119905)
   defining Unicode char U+1D462 (decimal 119906)
   defining Unicode char U+1D463 (decimal 119907)
   defining Unicode char U+1D464 (decimal 119908)
   defining Unicode char U+1D465 (decimal 119909)
   defining Unicode char U+1D466 (decimal 119910)
   defining Unicode char U+1D467 (decimal 119911)
   defining Unicode char U+1D47 (decimal 7495)
   defining Unicode char U+1D48 (decimal 7496)
   defining Unicode char U+1D49 (decimal 7497)
   defining Unicode char U+1D49C (decimal 119964)
   defining Unicode char U+1D49E (decimal 119966)
   defining Unicode char U+1D49F (decimal 119967)
   defining Unicode char U+1D4A2 (decimal 119970)
   defining Unicode char U+1D4A5 (decimal 119973)
   defining Unicode char U+1D4A6 (decimal 119974)
   defining Unicode char U+1D4A9 (decimal 119977)
   defining Unicode char U+1D4AA (decimal 119978)
   defining Unicode char U+1D4AB (decimal 119979)
   defining Unicode char U+1D4AC (decimal 119980)
   defining Unicode char U+1D4AE (decimal 119982)
   defining Unicode char U+1D4AF (decimal 119983)
   defining Unicode char U+1D4B0 (decimal 119984)
   defining Unicode char U+1D4B1 (decimal 119985)
   defining Unicode char U+1D4B2 (decimal 119986)
   defining Unicode char U+1D4B3 (decimal 119987)
   defining Unicode char U+1D4B4 (decimal 119988)
   defining Unicode char U+1D4B5 (decimal 119989)
   defining Unicode char U+1D4D (decimal 7501)
   defining Unicode char U+1D4D0 (decimal 120016)
   defining Unicode char U+1D4D1 (decimal 120017)
   defining Unicode char U+1D4D2 (decimal 120018)
   defining Unicode char U+1D4D3 (decimal 120019)
   defining Unicode char U+1D4D4 (decimal 120020)
   defining Unicode char U+1D4D5 (decimal 120021)
   defining Unicode char U+1D4D6 (decimal 120022)
   defining Unicode char U+1D4D7 (decimal 120023)
   defining Unicode char U+1D4D8 (decimal 120024)
   defining Unicode char U+1D4D9 (decimal 120025)
   defining Unicode char U+1D4DA (decimal 120026)
   defining Unicode char U+1D4DB (decimal 120027)
   defining Unicode char U+1D4DC (decimal 120028)
   defining Unicode char U+1D4DD (decimal 120029)
   defining Unicode char U+1D4DE (decimal 120030)
   defining Unicode char U+1D4DF (decimal 120031)
   defining Unicode char U+1D4E0 (decimal 120032)
   defining Unicode char U+1D4E1 (decimal 120033)
   defining Unicode char U+1D4E2 (decimal 120034)
   defining Unicode char U+1D4E3 (decimal 120035)
   defining Unicode char U+1D4E4 (decimal 120036)
   defining Unicode char U+1D4E5 (decimal 120037)
   defining Unicode char U+1D4E6 (decimal 120038)
   defining Unicode char U+1D4E7 (decimal 120039)
   defining Unicode char U+1D4E8 (decimal 120040)
   defining Unicode char U+1D4E9 (decimal 120041)
   defining Unicode char U+1D4F (decimal 7503)
   defining Unicode char U+1D50 (decimal 7504)
   defining Unicode char U+1D504 (decimal 120068)
   defining Unicode char U+1D505 (decimal 120069)
   defining Unicode char U+1D507 (decimal 120071)
   defining Unicode char U+1D508 (decimal 120072)
   defining Unicode char U+1D509 (decimal 120073)
   defining Unicode char U+1D50A (decimal 120074)
   defining Unicode char U+1D50D (decimal 120077)
   defining Unicode char U+1D50E (decimal 120078)
   defining Unicode char U+1D50F (decimal 120079)
   defining Unicode char U+1D510 (decimal 120080)
   defining Unicode char U+1D511 (decimal 120081)
   defining Unicode char U+1D512 (decimal 120082)
   defining Unicode char U+1D513 (decimal 120083)
   defining Unicode char U+1D514 (decimal 120084)
   defining Unicode char U+1D516 (decimal 120086)
   defining Unicode char U+1D517 (decimal 120087)
   defining Unicode char U+1D518 (decimal 120088)
   defining Unicode char U+1D519 (decimal 120089)
   defining Unicode char U+1D51A (decimal 120090)
   defining Unicode char U+1D51B (decimal 120091)
   defining Unicode char U+1D51C (decimal 120092)
   defining Unicode char U+1D51E (decimal 120094)
   defining Unicode char U+1D51F (decimal 120095)
   defining Unicode char U+1D52 (decimal 7506)
   defining Unicode char U+1D520 (decimal 120096)
   defining Unicode char U+1D521 (decimal 120097)
   defining Unicode char U+1D522 (decimal 120098)
   defining Unicode char U+1D523 (decimal 120099)
   defining Unicode char U+1D524 (decimal 120100)
   defining Unicode char U+1D525 (decimal 120101)
   defining Unicode char U+1D526 (decimal 120102)
   defining Unicode char U+1D527 (decimal 120103)
   defining Unicode char U+1D528 (decimal 120104)
   defining Unicode char U+1D529 (decimal 120105)
   defining Unicode char U+1D52A (decimal 120106)
   defining Unicode char U+1D52B (decimal 120107)
   defining Unicode char U+1D52C (decimal 120108)
   defining Unicode char U+1D52D (decimal 120109)
   defining Unicode char U+1D52E (decimal 120110)
   defining Unicode char U+1D52F (decimal 120111)
   defining Unicode char U+1D530 (decimal 120112)
   defining Unicode char U+1D531 (decimal 120113)
   defining Unicode char U+1D532 (decimal 120114)
   defining Unicode char U+1D533 (decimal 120115)
   defining Unicode char U+1D534 (decimal 120116)
   defining Unicode char U+1D535 (decimal 120117)
   defining Unicode char U+1D536 (decimal 120118)
   defining Unicode char U+1D537 (decimal 120119)
   defining Unicode char U+1D538 (decimal 120120)
   defining Unicode char U+1D539 (decimal 120121)
   defining Unicode char U+1D53B (decimal 120123)
   defining Unicode char U+1D53C (decimal 120124)
   defining Unicode char U+1D53D (decimal 120125)
   defining Unicode char U+1D53E (decimal 120126)
   defining Unicode char U+1D540 (decimal 120128)
   defining Unicode char U+1D541 (decimal 120129)
   defining Unicode char U+1D542 (decimal 120130)
   defining Unicode char U+1D543 (decimal 120131)
   defining Unicode char U+1D544 (decimal 120132)
   defining Unicode char U+1D546 (decimal 120134)
   defining Unicode char U+1D54A (decimal 120138)
   defining Unicode char U+1D54B (decimal 120139)
   defining Unicode char U+1D54C (decimal 120140)
   defining Unicode char U+1D54D (decimal 120141)
   defining Unicode char U+1D54E (decimal 120142)
   defining Unicode char U+1D54F (decimal 120143)
   defining Unicode char U+1D550 (decimal 120144)
   defining Unicode char U+1D552 (decimal 120146)
   defining Unicode char U+1D553 (decimal 120147)
   defining Unicode char U+1D554 (decimal 120148)
   defining Unicode char U+1D555 (decimal 120149)
   defining Unicode char U+1D556 (decimal 120150)
   defining Unicode char U+1D557 (decimal 120151)
   defining Unicode char U+1D558 (decimal 120152)
   defining Unicode char U+1D559 (decimal 120153)
   defining Unicode char U+1D55A (decimal 120154)
   defining Unicode char U+1D55B (decimal 120155)
   defining Unicode char U+1D55C (decimal 120156)
   defining Unicode char U+1D55D (decimal 120157)
   defining Unicode char U+1D55E (decimal 120158)
   defining Unicode char U+1D55F (decimal 120159)
   defining Unicode char U+1D56 (decimal 7510)
   defining Unicode char U+1D560 (decimal 120160)
   defining Unicode char U+1D561 (decimal 120161)
   defining Unicode char U+1D562 (decimal 120162)
   defining Unicode char U+1D563 (decimal 120163)
   defining Unicode char U+1D564 (decimal 120164)
   defining Unicode char U+1D565 (decimal 120165)
   defining Unicode char U+1D566 (decimal 120166)
   defining Unicode char U+1D567 (decimal 120167)
   defining Unicode char U+1D568 (decimal 120168)
   defining Unicode char U+1D569 (decimal 120169)
   defining Unicode char U+1D56A (decimal 120170)
   defining Unicode char U+1D56B (decimal 120171)
   defining Unicode char U+1D57 (decimal 7511)
   defining Unicode char U+1D58 (decimal 7512)
   defining Unicode char U+1D5B (decimal 7515)
   defining Unicode char U+1D62 (decimal 7522)
   defining Unicode char U+1D629 (decimal 120361)
   defining Unicode char U+1D63 (decimal 7523)
   defining Unicode char U+1D64 (decimal 7524)
   defining Unicode char U+1D65 (decimal 7525)
   defining Unicode char U+1D6E4 (decimal 120548)
   defining Unicode char U+1D6E5 (decimal 120549)
   defining Unicode char U+1D6F1 (decimal 120561)
   defining Unicode char U+1D6F4 (decimal 120564)
   defining Unicode char U+1D6FA (decimal 120570)
   defining Unicode char U+1D6FC (decimal 120572)
   defining Unicode char U+1D6FD (decimal 120573)
   defining Unicode char U+1D6FE (decimal 120574)
   defining Unicode char U+1D6FF (decimal 120575)
   defining Unicode char U+1D700 (decimal 120576)
   defining Unicode char U+1D701 (decimal 120577)
   defining Unicode char U+1D702 (decimal 120578)
   defining Unicode char U+1D703 (decimal 120579)
   defining Unicode char U+1D704 (decimal 120580)
   defining Unicode char U+1D705 (decimal 120581)
   defining Unicode char U+1D706 (decimal 120582)
   defining Unicode char U+1D707 (decimal 120583)
   defining Unicode char U+1D708 (decimal 120584)
   defining Unicode char U+1D709 (decimal 120585)
   defining Unicode char U+1D70A (decimal 120586)
   defining Unicode char U+1D70B (decimal 120587)
   defining Unicode char U+1D70C (decimal 120588)
   defining Unicode char U+1D70D (decimal 120589)
   defining Unicode char U+1D70E (decimal 120590)
   defining Unicode char U+1D70F (decimal 120591)
   defining Unicode char U+1D710 (decimal 120592)
   defining Unicode char U+1D711 (decimal 120593)
   defining Unicode char U+1D712 (decimal 120594)
   defining Unicode char U+1D713 (decimal 120595)
   defining Unicode char U+1D714 (decimal 120596)
   defining Unicode char U+1D716 (decimal 120598)
   defining Unicode char U+1D717 (decimal 120599)
   defining Unicode char U+1D719 (decimal 120601)
   defining Unicode char U+1D71A (decimal 120602)
   defining Unicode char U+1D71B (decimal 120603)
   defining Unicode char U+1D7D8 (decimal 120792)
   defining Unicode char U+1D7D9 (decimal 120793)
   defining Unicode char U+1D7DA (decimal 120794)
   defining Unicode char U+1D7DB (decimal 120795)
   defining Unicode char U+1D7DC (decimal 120796)
   defining Unicode char U+1D7DD (decimal 120797)
   defining Unicode char U+1D7DE (decimal 120798)
   defining Unicode char U+1D7DF (decimal 120799)
   defining Unicode char U+1D7E0 (decimal 120800)
   defining Unicode char U+1D7E1 (decimal 120801)
   defining Unicode char U+1D9C (decimal 7580)
   defining Unicode char U+1DA0 (decimal 7584)
   defining Unicode char U+1DBB (decimal 7611)
   defining Unicode char U+1F329 (decimal 127785)
   defining Unicode char U+2013 (decimal 8211)
   defining Unicode char U+2014 (decimal 8212)
   defining Unicode char U+2016 (decimal 8214)
   defining Unicode char U+2018 (decimal 8216)
   defining Unicode char U+2019 (decimal 8217)
   defining Unicode char U+201A (decimal 8218)
   defining Unicode char U+201C (decimal 8220)
   defining Unicode char U+201D (decimal 8221)
   defining Unicode char U+201E (decimal 8222)
   defining Unicode char U+2020 (decimal 8224)
   defining Unicode char U+2021 (decimal 8225)
   defining Unicode char U+2022 (decimal 8226)
   defining Unicode char U+2023 (decimal 8227)
   defining Unicode char U+2026 (decimal 8230)
   defining Unicode char U+202F (decimal 8239)
   defining Unicode char U+2030 (decimal 8240)
   defining Unicode char U+2031 (decimal 8241)
   defining Unicode char U+2032 (decimal 8242)
   defining Unicode char U+2033 (decimal 8243)
   defining Unicode char U+2034 (decimal 8244)
   defining Unicode char U+2035 (decimal 8245)
   defining Unicode char U+2038 (decimal 8248)
   defining Unicode char U+2039 (decimal 8249)
   defining Unicode char U+203A (decimal 8250)
   defining Unicode char U+203B (decimal 8251)
   defining Unicode char U+203C (decimal 8252)
   defining Unicode char U+203D (decimal 8253)
   defining Unicode char U+203E (decimal 8254)
   defining Unicode char U+2042 (decimal 8258)
   defining Unicode char U+2045 (decimal 8261)
   defining Unicode char U+2046 (decimal 8262)
   defining Unicode char U+2047 (decimal 8263)
   defining Unicode char U+2048 (decimal 8264)
   defining Unicode char U+2049 (decimal 8265)
   defining Unicode char U+2052 (decimal 8274)
   defining Unicode char U+2062 (decimal 8290)
   defining Unicode char U+2070 (decimal 8304)
   defining Unicode char U+2071 (decimal 8305)
   defining Unicode char U+2074 (decimal 8308)
   defining Unicode char U+2075 (decimal 8309)
   defining Unicode char U+2076 (decimal 8310)
   defining Unicode char U+2077 (decimal 8311)
   defining Unicode char U+2078 (decimal 8312)
   defining Unicode char U+2079 (decimal 8313)
   defining Unicode char U+207A (decimal 8314)
   defining Unicode char U+207B (decimal 8315)
   defining Unicode char U+207C (decimal 8316)
   defining Unicode char U+207D (decimal 8317)
   defining Unicode char U+207E (decimal 8318)
   defining Unicode char U+207F (decimal 8319)
   defining Unicode char U+2080 (decimal 8320)
   defining Unicode char U+2081 (decimal 8321)
   defining Unicode char U+2082 (decimal 8322)
   defining Unicode char U+2083 (decimal 8323)
   defining Unicode char U+2084 (decimal 8324)
   defining Unicode char U+2085 (decimal 8325)
   defining Unicode char U+2086 (decimal 8326)
   defining Unicode char U+2087 (decimal 8327)
   defining Unicode char U+2088 (decimal 8328)
   defining Unicode char U+2089 (decimal 8329)
   defining Unicode char U+208A (decimal 8330)
   defining Unicode char U+208B (decimal 8331)
   defining Unicode char U+208C (decimal 8332)
   defining Unicode char U+208D (decimal 8333)
   defining Unicode char U+208E (decimal 8334)
   defining Unicode char U+2090 (decimal 8336)
   defining Unicode char U+2091 (decimal 8337)
   defining Unicode char U+2092 (decimal 8338)
   defining Unicode char U+2093 (decimal 8339)
   defining Unicode char U+2095 (decimal 8341)
   defining Unicode char U+2096 (decimal 8342)
   defining Unicode char U+2097 (decimal 8343)
   defining Unicode char U+2098 (decimal 8344)
   defining Unicode char U+2099 (decimal 8345)
   defining Unicode char U+209A (decimal 8346)
   defining Unicode char U+209B (decimal 8347)
   defining Unicode char U+209C (decimal 8348)
   defining Unicode char U+20AC (decimal 8364)
   defining Unicode char U+2102 (decimal 8450)
   defining Unicode char U+2107 (decimal 8455)
   defining Unicode char U+210A (decimal 8458)
   defining Unicode char U+210B (decimal 8459)
   defining Unicode char U+210C (decimal 8460)
   defining Unicode char U+210D (decimal 8461)
   defining Unicode char U+210E (decimal 8462)
   defining Unicode char U+210F (decimal 8463)
   defining Unicode char U+2110 (decimal 8464)
   defining Unicode char U+2111 (decimal 8465)
   defining Unicode char U+2112 (decimal 8466)
   defining Unicode char U+2113 (decimal 8467)
   defining Unicode char U+2115 (decimal 8469)
   defining Unicode char U+2118 (decimal 8472)
   defining Unicode char U+2119 (decimal 8473)
   defining Unicode char U+211A (decimal 8474)
   defining Unicode char U+211B (decimal 8475)
   defining Unicode char U+211C (decimal 8476)
   defining Unicode char U+211D (decimal 8477)
   defining Unicode char U+2122 (decimal 8482)
   defining Unicode char U+2124 (decimal 8484)
   defining Unicode char U+2126 (decimal 8486)
   defining Unicode char U+2127 (decimal 8487)
   defining Unicode char U+2128 (decimal 8488)
   defining Unicode char U+212A (decimal 8490)
   defining Unicode char U+212B (decimal 8491)
   defining Unicode char U+212C (decimal 8492)
   defining Unicode char U+212D (decimal 8493)
   defining Unicode char U+212E (decimal 8494)
   defining Unicode char U+212F (decimal 8495)
   defining Unicode char U+2130 (decimal 8496)
   defining Unicode char U+2131 (decimal 8497)
   defining Unicode char U+2132 (decimal 8498)
   defining Unicode char U+2133 (decimal 8499)
   defining Unicode char U+2135 (decimal 8501)
   defining Unicode char U+2136 (decimal 8502)
   defining Unicode char U+2137 (decimal 8503)
   defining Unicode char U+2138 (decimal 8504)
   defining Unicode char U+213C (decimal 8508)
   defining Unicode char U+213D (decimal 8509)
   defining Unicode char U+213E (decimal 8510)
   defining Unicode char U+213F (decimal 8511)
   defining Unicode char U+2140 (decimal 8512)
   defining Unicode char U+2141 (decimal 8513)
   defining Unicode char U+2144 (decimal 8516)
   defining Unicode char U+2146 (decimal 8518)
   defining Unicode char U+2148 (decimal 8520)
   defining Unicode char U+2149 (decimal 8521)
   defining Unicode char U+214B (decimal 8523)
   defining Unicode char U+2153 (decimal 8531)
   defining Unicode char U+2154 (decimal 8532)
   defining Unicode char U+2155 (decimal 8533)
   defining Unicode char U+2156 (decimal 8534)
   defining Unicode char U+2157 (decimal 8535)
   defining Unicode char U+2158 (decimal 8536)
   defining Unicode char U+2159 (decimal 8537)
   defining Unicode char U+215A (decimal 8538)
   defining Unicode char U+215B (decimal 8539)
   defining Unicode char U+215D (decimal 8541)
   defining Unicode char U+215E (decimal 8542)
   defining Unicode char U+2190 (decimal 8592)
   defining Unicode char U+2191 (decimal 8593)
   defining Unicode char U+2192 (decimal 8594)
   defining Unicode char U+2193 (decimal 8595)
   defining Unicode char U+2194 (decimal 8596)
   defining Unicode char U+2195 (decimal 8597)
   defining Unicode char U+2196 (decimal 8598)
   defining Unicode char U+2197 (decimal 8599)
   defining Unicode char U+2198 (decimal 8600)
   defining Unicode char U+2199 (decimal 8601)
   defining Unicode char U+219A (decimal 8602)
   defining Unicode char U+219B (decimal 8603)
   defining Unicode char U+219E (decimal 8606)
   defining Unicode char U+21A0 (decimal 8608)
   defining Unicode char U+21A2 (decimal 8610)
   defining Unicode char U+21A3 (decimal 8611)
   defining Unicode char U+21A4 (decimal 8612)
   defining Unicode char U+21A6 (decimal 8614)
   defining Unicode char U+21A9 (decimal 8617)
   defining Unicode char U+21AA (decimal 8618)
   defining Unicode char U+21AB (decimal 8619)
   defining Unicode char U+21AC (decimal 8620)
   defining Unicode char U+21AD (decimal 8621)
   defining Unicode char U+21AE (decimal 8622)
   defining Unicode char U+21AF (decimal 8623)
   defining Unicode char U+21B0 (decimal 8624)
   defining Unicode char U+21B1 (decimal 8625)
   defining Unicode char U+21B6 (decimal 8630)
   defining Unicode char U+21B7 (decimal 8631)
   defining Unicode char U+21BA (decimal 8634)
   defining Unicode char U+21BB (decimal 8635)
   defining Unicode char U+21BC (decimal 8636)
   defining Unicode char U+21BD (decimal 8637)
   defining Unicode char U+21BE (decimal 8638)
   defining Unicode char U+21BF (decimal 8639)
   defining Unicode char U+21C0 (decimal 8640)
   defining Unicode char U+21C1 (decimal 8641)
   defining Unicode char U+21C2 (decimal 8642)
   defining Unicode char U+21C3 (decimal 8643)
   defining Unicode char U+21C4 (decimal 8644)
   defining Unicode char U+21C5 (decimal 8645)
   defining Unicode char U+21C6 (decimal 8646)
   defining Unicode char U+21C7 (decimal 8647)
   defining Unicode char U+21C8 (decimal 8648)
   defining Unicode char U+21C9 (decimal 8649)
   defining Unicode char U+21CA (decimal 8650)
   defining Unicode char U+21CB (decimal 8651)
   defining Unicode char U+21CC (decimal 8652)
   defining Unicode char U+21CD (decimal 8653)
   defining Unicode char U+21CE (decimal 8654)
   defining Unicode char U+21CF (decimal 8655)
   defining Unicode char U+21D0 (decimal 8656)
   defining Unicode char U+21D1 (decimal 8657)
   defining Unicode char U+21D2 (decimal 8658)
   defining Unicode char U+21D3 (decimal 8659)
   defining Unicode char U+21D4 (decimal 8660)
   defining Unicode char U+21D5 (decimal 8661)
   defining Unicode char U+21D6 (decimal 8662)
   defining Unicode char U+21D7 (decimal 8663)
   defining Unicode char U+21D8 (decimal 8664)
   defining Unicode char U+21D9 (decimal 8665)
   defining Unicode char U+21DA (decimal 8666)
   defining Unicode char U+21DB (decimal 8667)
   defining Unicode char U+21DC (decimal 8668)
   defining Unicode char U+21DD (decimal 8669)
   defining Unicode char U+21E0 (decimal 8672)
   defining Unicode char U+21E2 (decimal 8674)
   defining Unicode char U+21E4 (decimal 8676)
   defining Unicode char U+21E5 (decimal 8677)
   defining Unicode char U+21F0 (decimal 8688)
   defining Unicode char U+21FD (decimal 8701)
   defining Unicode char U+21FE (decimal 8702)
   defining Unicode char U+21FF (decimal 8703)
   defining Unicode char U+2200 (decimal 8704)
   defining Unicode char U+2201 (decimal 8705)
   defining Unicode char U+2202 (decimal 8706)
   defining Unicode char U+2203 (decimal 8707)
   defining Unicode char U+2204 (decimal 8708)
   defining Unicode char U+2205 (decimal 8709)
   defining Unicode char U+2207 (decimal 8711)
   defining Unicode char U+2208 (decimal 8712)
   defining Unicode char U+2209 (decimal 8713)
   defining Unicode char U+220B (decimal 8715)
   defining Unicode char U+220C (decimal 8716)
   defining Unicode char U+220D (decimal 8717)
   defining Unicode char U+220E (decimal 8718)
   defining Unicode char U+220F (decimal 8719)
   defining Unicode char U+2210 (decimal 8720)
   defining Unicode char U+2211 (decimal 8721)
   defining Unicode char U+2212 (decimal 8722)
   defining Unicode char U+2213 (decimal 8723)
   defining Unicode char U+2214 (decimal 8724)
   defining Unicode char U+2215 (decimal 8725)
   defining Unicode char U+2216 (decimal 8726)
   defining Unicode char U+2217 (decimal 8727)
   defining Unicode char U+2218 (decimal 8728)
   defining Unicode char U+2219 (decimal 8729)
   defining Unicode char U+221A (decimal 8730)
   defining Unicode char U+221B (decimal 8731)
   defining Unicode char U+221C (decimal 8732)
   defining Unicode char U+221D (decimal 8733)
   defining Unicode char U+221E (decimal 8734)
   defining Unicode char U+2220 (decimal 8736)
   defining Unicode char U+2221 (decimal 8737)
   defining Unicode char U+2222 (decimal 8738)
   defining Unicode char U+2223 (decimal 8739)
   defining Unicode char U+2224 (decimal 8740)
   defining Unicode char U+2225 (decimal 8741)
   defining Unicode char U+2226 (decimal 8742)
   defining Unicode char U+2227 (decimal 8743)
   defining Unicode char U+2228 (decimal 8744)
   defining Unicode char U+2229 (decimal 8745)
   defining Unicode char U+222A (decimal 8746)
   defining Unicode char U+222B (decimal 8747)
   defining Unicode char U+222C (decimal 8748)
   defining Unicode char U+222D (decimal 8749)
   defining Unicode char U+222E (decimal 8750)
   defining Unicode char U+222F (decimal 8751)
   defining Unicode char U+2230 (decimal 8752)
   defining Unicode char U+2232 (decimal 8754)
   defining Unicode char U+2233 (decimal 8755)
   defining Unicode char U+2234 (decimal 8756)
   defining Unicode char U+2235 (decimal 8757)
   defining Unicode char U+2236 (decimal 8758)
   defining Unicode char U+2237 (decimal 8759)
   defining Unicode char U+2238 (decimal 8760)
   defining Unicode char U+2239 (decimal 8761)
   defining Unicode char U+223C (decimal 8764)
   defining Unicode char U+223D (decimal 8765)
   defining Unicode char U+223F (decimal 8767)
   defining Unicode char U+2240 (decimal 8768)
   defining Unicode char U+2241 (decimal 8769)
   defining Unicode char U+2243 (decimal 8771)
   defining Unicode char U+2244 (decimal 8772)
   defining Unicode char U+2245 (decimal 8773)
   defining Unicode char U+2247 (decimal 8775)
   defining Unicode char U+2248 (decimal 8776)
   defining Unicode char U+2249 (decimal 8777)
   defining Unicode char U+224A (decimal 8778)
   defining Unicode char U+224D (decimal 8781)
   defining Unicode char U+224E (decimal 8782)
   defining Unicode char U+224F (decimal 8783)
   defining Unicode char U+2250 (decimal 8784)
   defining Unicode char U+2251 (decimal 8785)
   defining Unicode char U+2252 (decimal 8786)
   defining Unicode char U+2253 (decimal 8787)
   defining Unicode char U+2254 (decimal 8788)
   defining Unicode char U+2255 (decimal 8789)
   defining Unicode char U+2256 (decimal 8790)
   defining Unicode char U+2257 (decimal 8791)
   defining Unicode char U+2258 (decimal 8792)
   defining Unicode char U+2259 (decimal 8793)
   defining Unicode char U+225A (decimal 8794)
   defining Unicode char U+225B (decimal 8795)
   defining Unicode char U+225C (decimal 8796)
   defining Unicode char U+225D (decimal 8797)
   defining Unicode char U+225F (decimal 8799)
   defining Unicode char U+2260 (decimal 8800)
   defining Unicode char U+2261 (decimal 8801)
   defining Unicode char U+2262 (decimal 8802)
   defining Unicode char U+2263 (decimal 8803)
   defining Unicode char U+2264 (decimal 8804)
   defining Unicode char U+2265 (decimal 8805)
   defining Unicode char U+2266 (decimal 8806)
   defining Unicode char U+2267 (decimal 8807)
   defining Unicode char U+2268 (decimal 8808)
   defining Unicode char U+2269 (decimal 8809)
   defining Unicode char U+226A (decimal 8810)
   defining Unicode char U+226B (decimal 8811)
   defining Unicode char U+226C (decimal 8812)
   defining Unicode char U+226D (decimal 8813)
   defining Unicode char U+226E (decimal 8814)
   defining Unicode char U+226F (decimal 8815)
   defining Unicode char U+2270 (decimal 8816)
   defining Unicode char U+2271 (decimal 8817)
   defining Unicode char U+2272 (decimal 8818)
   defining Unicode char U+2273 (decimal 8819)
   defining Unicode char U+2274 (decimal 8820)
   defining Unicode char U+2275 (decimal 8821)
   defining Unicode char U+2276 (decimal 8822)
   defining Unicode char U+2277 (decimal 8823)
   defining Unicode char U+2278 (decimal 8824)
   defining Unicode char U+2279 (decimal 8825)
   defining Unicode char U+227A (decimal 8826)
   defining Unicode char U+227B (decimal 8827)
   defining Unicode char U+227C (decimal 8828)
   defining Unicode char U+227D (decimal 8829)
   defining Unicode char U+227E (decimal 8830)
   defining Unicode char U+227F (decimal 8831)
   defining Unicode char U+2280 (decimal 8832)
   defining Unicode char U+2281 (decimal 8833)
   defining Unicode char U+2282 (decimal 8834)
   defining Unicode char U+2283 (decimal 8835)
   defining Unicode char U+2284 (decimal 8836)
   defining Unicode char U+2285 (decimal 8837)
   defining Unicode char U+2286 (decimal 8838)
   defining Unicode char U+2287 (decimal 8839)
   defining Unicode char U+2288 (decimal 8840)
   defining Unicode char U+2289 (decimal 8841)
   defining Unicode char U+228A (decimal 8842)
   defining Unicode char U+228B (decimal 8843)
   defining Unicode char U+228E (decimal 8846)
   defining Unicode char U+228F (decimal 8847)
   defining Unicode char U+2290 (decimal 8848)
   defining Unicode char U+2291 (decimal 8849)
   defining Unicode char U+2292 (decimal 8850)
   defining Unicode char U+2293 (decimal 8851)
   defining Unicode char U+2294 (decimal 8852)
   defining Unicode char U+2295 (decimal 8853)
   defining Unicode char U+2296 (decimal 8854)
   defining Unicode char U+2297 (decimal 8855)
   defining Unicode char U+2298 (decimal 8856)
   defining Unicode char U+2299 (decimal 8857)
   defining Unicode char U+229A (decimal 8858)
   defining Unicode char U+229B (decimal 8859)
   defining Unicode char U+229D (decimal 8861)
   defining Unicode char U+229E (decimal 8862)
   defining Unicode char U+229F (decimal 8863)
   defining Unicode char U+22A0 (decimal 8864)
   defining Unicode char U+22A1 (decimal 8865)
   defining Unicode char U+22A2 (decimal 8866)
   defining Unicode char U+22A3 (decimal 8867)
   defining Unicode char U+22A4 (decimal 8868)
   defining Unicode char U+22A5 (decimal 8869)
   defining Unicode char U+22A6 (decimal 8870)
   defining Unicode char U+22A7 (decimal 8871)
   defining Unicode char U+22A9 (decimal 8873)
   defining Unicode char U+22AA (decimal 8874)
   defining Unicode char U+22AB (decimal 8875)
   defining Unicode char U+22AC (decimal 8876)
   defining Unicode char U+22AD (decimal 8877)
   defining Unicode char U+22AE (decimal 8878)
   defining Unicode char U+22AF (decimal 8879)
   defining Unicode char U+22B2 (decimal 8882)
   defining Unicode char U+22B3 (decimal 8883)
   defining Unicode char U+22B4 (decimal 8884)
   defining Unicode char U+22B5 (decimal 8885)
   defining Unicode char U+22B8 (decimal 8888)
   defining Unicode char U+22BA (decimal 8890)
   defining Unicode char U+22BB (decimal 8891)
   defining Unicode char U+22BC (decimal 8892)
   defining Unicode char U+22C0 (decimal 8896)
   defining Unicode char U+22C1 (decimal 8897)
   defining Unicode char U+22C2 (decimal 8898)
   defining Unicode char U+22C3 (decimal 8899)
   defining Unicode char U+22C4 (decimal 8900)
   defining Unicode char U+22C5 (decimal 8901)
   defining Unicode char U+22C6 (decimal 8902)
   defining Unicode char U+22C7 (decimal 8903)
   defining Unicode char U+22C8 (decimal 8904)
   defining Unicode char U+22C9 (decimal 8905)
   defining Unicode char U+22CA (decimal 8906)
   defining Unicode char U+22CB (decimal 8907)
   defining Unicode char U+22CC (decimal 8908)
   defining Unicode char U+22CD (decimal 8909)
   defining Unicode char U+22CE (decimal 8910)
   defining Unicode char U+22CF (decimal 8911)
   defining Unicode char U+22D0 (decimal 8912)
   defining Unicode char U+22D1 (decimal 8913)
   defining Unicode char U+22D2 (decimal 8914)
   defining Unicode char U+22D3 (decimal 8915)
   defining Unicode char U+22D4 (decimal 8916)
   defining Unicode char U+22D6 (decimal 8918)
   defining Unicode char U+22D7 (decimal 8919)
   defining Unicode char U+22D8 (decimal 8920)
   defining Unicode char U+22D9 (decimal 8921)
   defining Unicode char U+22DA (decimal 8922)
   defining Unicode char U+22DB (decimal 8923)
   defining Unicode char U+22DE (decimal 8926)
   defining Unicode char U+22DF (decimal 8927)
   defining Unicode char U+22E0 (decimal 8928)
   defining Unicode char U+22E1 (decimal 8929)
   defining Unicode char U+22E2 (decimal 8930)
   defining Unicode char U+22E3 (decimal 8931)
   defining Unicode char U+22E4 (decimal 8932)
   defining Unicode char U+22E5 (decimal 8933)
   defining Unicode char U+22E6 (decimal 8934)
   defining Unicode char U+22E7 (decimal 8935)
   defining Unicode char U+22E8 (decimal 8936)
   defining Unicode char U+22E9 (decimal 8937)
   defining Unicode char U+22EA (decimal 8938)
   defining Unicode char U+22EB (decimal 8939)
   defining Unicode char U+22EC (decimal 8940)
   defining Unicode char U+22ED (decimal 8941)
   defining Unicode char U+22EE (decimal 8942)
   defining Unicode char U+22EF (decimal 8943)
   defining Unicode char U+22F0 (decimal 8944)
   defining Unicode char U+22F1 (decimal 8945)
   defining Unicode char U+2300 (decimal 8960)
   defining Unicode char U+2308 (decimal 8968)
   defining Unicode char U+2309 (decimal 8969)
   defining Unicode char U+230A (decimal 8970)
   defining Unicode char U+230B (decimal 8971)
   defining Unicode char U+2322 (decimal 8994)
   defining Unicode char U+2323 (decimal 8995)
   defining Unicode char U+2329 (decimal 9001)
   defining Unicode char U+232A (decimal 9002)
   defining Unicode char U+23CE (decimal 9166)
   defining Unicode char U+2460 (decimal 9312)
   defining Unicode char U+2461 (decimal 9313)
   defining Unicode char U+2462 (decimal 9314)
   defining Unicode char U+2463 (decimal 9315)
   defining Unicode char U+2464 (decimal 9316)
   defining Unicode char U+2465 (decimal 9317)
   defining Unicode char U+2466 (decimal 9318)
   defining Unicode char U+2467 (decimal 9319)
   defining Unicode char U+2468 (decimal 9320)
   defining Unicode char U+25A1 (decimal 9633)
   defining Unicode char U+25B3 (decimal 9651)
   defining Unicode char U+25C5 (decimal 9669)
   defining Unicode char U+2610 (decimal 9744)
   defining Unicode char U+2611 (decimal 9745)
   defining Unicode char U+2615 (decimal 9749)
   defining Unicode char U+2621 (decimal 9761)
   defining Unicode char U+2627 (decimal 9767)
   defining Unicode char U+2639 (decimal 9785)
   defining Unicode char U+263A (decimal 9786)
   defining Unicode char U+2660 (decimal 9824)
   defining Unicode char U+2661 (decimal 9825)
   defining Unicode char U+2662 (decimal 9826)
   defining Unicode char U+2663 (decimal 9827)
   defining Unicode char U+266D (decimal 9837)
   defining Unicode char U+266E (decimal 9838)
   defining Unicode char U+266F (decimal 9839)
   defining Unicode char U+26A0 (decimal 9888)
   defining Unicode char U+2713 (decimal 10003)
   defining Unicode char U+27C2 (decimal 10178)
   defining Unicode char U+27E6 (decimal 10214)
   defining Unicode char U+27E7 (decimal 10215)
   defining Unicode char U+27E8 (decimal 10216)
   defining Unicode char U+27E9 (decimal 10217)
   defining Unicode char U+27EA (decimal 10218)
   defining Unicode char U+27EB (decimal 10219)
   defining Unicode char U+27F5 (decimal 10229)
   defining Unicode char U+27F6 (decimal 10230)
   defining Unicode char U+2983 (decimal 10627)
   defining Unicode char U+2984 (decimal 10628)
   defining Unicode char U+2985 (decimal 10629)
   defining Unicode char U+2986 (decimal 10630)
   defining Unicode char U+2987 (decimal 10631)
   defining Unicode char U+2988 (decimal 10632)
   defining Unicode char U+29F5 (decimal 10741)
   defining Unicode char U+2A00 (decimal 10752)
   defining Unicode char U+2A01 (decimal 10753)
   defining Unicode char U+2A02 (decimal 10754)
   defining Unicode char U+2A05 (decimal 10757)
   defining Unicode char U+2A06 (decimal 10758)
   defining Unicode char U+2A0C (decimal 10764)
   defining Unicode char U+2A1D (decimal 10781)
   defining Unicode char U+2A3F (decimal 10815)
   defining Unicode char U+2A7D (decimal 10877)
   defining Unicode char U+2A7E (decimal 10878)
   defining Unicode char U+2AA8 (decimal 10920)
   defining Unicode char U+2AA9 (decimal 10921)
   defining Unicode char U+2AAF (decimal 10927)
   defining Unicode char U+2AB0 (decimal 10928)
   defining Unicode char U+2C7C (decimal 11388)
   defining Unicode char U+2E18 (decimal 11800)
   defining Unicode char U+301A (decimal 12314)
   defining Unicode char U+301B (decimal 12315)
   defining Unicode char U+33D1 (decimal 13265)
   defining Unicode char U+33D2 (decimal 13266)
   defining Unicode char U+D7B0 (decimal 55216)
)
(C:\Users\Asus TUF505\AppData\Roaming\MiKTeX\tex/latex/csquotes\csquotes.sty
Package: csquotes 2024-04-04 v5.2o context-sensitive quotations (JAW)
\csq@reset=\count481
\csq@gtype=\count482
\csq@glevel=\count483
\csq@qlevel=\count484
\csq@maxlvl=\count485
\csq@tshold=\count486
\csq@ltx@everypar=\toks77

(C:\Users\Asus TUF505\AppData\Roaming\MiKTeX\tex/latex/csquotes\csquotes.def
File: csquotes.def 2024-04-04 v5.2o csquotes generic definitions (JAW)
)
Package csquotes Info: Trying to load configuration file 'csquotes.cfg'...
Package csquotes Info: ... configuration file loaded successfully.

(C:\Users\Asus TUF505\AppData\Roaming\MiKTeX\tex/latex/csquotes\csquotes.cfg
File: csquotes.cfg 
))
(C:\Users\Asus TUF505\AppData\Roaming\MiKTeX\tex/latex/beamer\beamerfontthemepr
ofessionalfonts.sty)
(C:\Users\Asus TUF505\AppData\Roaming\MiKTeX\tex/latex/transparent\transparent.
sty
Package: transparent 2025-06-23 v1.6 Transparency with color stacks

(C:\Users\Asus TUF505\AppData\Roaming\MiKTeX\tex/latex/transparent\transparent-
nometadata.sty
Package: transparent-nometadata 2025-06-23 v1.6 Transparency via pdfTeX's color
 stack (HO)
))
\c@templateEquations=\count487
\c@templateFigures=\count488
\c@templateIndexEquations=\count489
\c@templateListings=\count490
\c@templatePageCounter=\count491
\c@templateTables=\count492
\c@templateBookmarksLevelPrev=\count493
\c@chapter=\count494
\coregluevarcm=\skip130
\corefontwidth=\skip131
\coreimageshspace=\skip132

(C:\Users\Asus TUF505\AppData\Roaming\MiKTeX\tex/latex/changepage\changepage.st
y
Package: changepage 2009/10/20 v1.0c check page and change page layout
\c@cp@cntr=\count495
\cp@tempcnt=\count496
LaTeX Info: Redefining \checkoddpage on input line 59.
)
\filetabularframehead=\write5
\filetabularframeleftcontent=\write6
\c@tabularcolnumber=\count497
\coretabularheightsize=\skip133
Package hyperref Info: Option `bookmarksopen' set `true' on input line 5316.
Package hyperref Info: Option `pdfcenterwindow' set `true' on input line 5316.
Package hyperref Info: Option `pdfdisplaydoctitle' set `true' on input line 531
6.
Package hyperref Info: Option `unicode' set `true' on input line 5316.
Package hyperref Info: Option `pdffitwindow' set `true' on input line 5316.
Package hyperref Info: Option `pdfmenubar' set `true' on input line 5316.
Package hyperref Info: Option `pdftoolbar' set `true' on input line 5316.
Package hyperref Info: Option `colorlinks' set `true' on input line 5375.
\bibitemsep=\skip134
\bibparskip=\skip135
LaTeX Font Info:    Trying to load font information for T1+lmvtt on input line 
5560.
 (C:\Program Files\MiKTeX\tex/latex/lm\t1lmvtt.fd
File: t1lmvtt.fd 2015/05/01 v1.6.1 Font defs for Latin Modern
)
\c@subsubsubsection=\count498
\c@defn=\count499
\c@teo=\count500
\c@cor=\count501
\c@lema=\count502
\c@prop=\count503
\c@multicoldepth=\count504
)
Package csquotes Info: Checking for multilingual support...
Package csquotes Info: ... found 'babel' package.
Package csquotes Info: Adjusting default style.
Package csquotes Info: Redefining alias 'default' -> 'spanish'.
 (main.aux
LaTeX Info: Redefining \. on input line 17.
LaTeX Info: Redefining \% on input line 17.
Package babel Info: 'spanish' activates 'spanish' shorthands.
(babel)             Reported on input line 17.
)
\openout1 = `main.aux'.

LaTeX Font Info:    Checking defaults for OML/cmm/m/it on input line 55.
LaTeX Font Info:    ... okay on input line 55.
LaTeX Font Info:    Checking defaults for OMS/cmsy/m/n on input line 55.
LaTeX Font Info:    ... okay on input line 55.
LaTeX Font Info:    Checking defaults for OT1/cmr/m/n on input line 55.
LaTeX Font Info:    ... okay on input line 55.
LaTeX Font Info:    Checking defaults for T1/cmr/m/n on input line 55.
LaTeX Font Info:    ... okay on input line 55.
LaTeX Font Info:    Checking defaults for TS1/cmr/m/n on input line 55.
LaTeX Font Info:    ... okay on input line 55.
LaTeX Font Info:    Checking defaults for OMX/cmex/m/n on input line 55.
LaTeX Font Info:    ... okay on input line 55.
LaTeX Font Info:    Checking defaults for U/cmr/m/n on input line 55.
LaTeX Font Info:    ... okay on input line 55.
LaTeX Font Info:    Checking defaults for PD1/pdf/m/n on input line 55.
LaTeX Font Info:    ... okay on input line 55.
LaTeX Font Info:    Checking defaults for PU/pdf/m/n on input line 55.
LaTeX Font Info:    ... okay on input line 55.

*geometry* driver: auto-detecting
*geometry* detected driver: pdftex
*geometry* verbose mode - [ preamble ] result:
* driver: pdftex
* paper: custom
* layout: <same size as paper>
* layoutoffset:(h,v)=(0.0pt,0.0pt)
* modes: includehead includefoot 
* h-part:(L,W,R)=(10.95003pt, 342.2953pt, 10.95003pt)
* v-part:(T,H,B)=(0.0pt, 273.14662pt, 0.0pt)
* \paperwidth=364.19536pt
* \paperheight=273.14662pt
* \textwidth=342.2953pt
* \textheight=244.6939pt
* \oddsidemargin=-61.31996pt
* \evensidemargin=-61.31996pt
* \topmargin=-72.26999pt
* \headheight=64.0pt
* \headsep=0.0pt
* \topskip=11.0pt
* \footskip=14.22636pt
* \marginparwidth=4.0pt
* \marginparsep=10.0pt
* \columnsep=19.95006pt
* \skip\footins=12.54997pt plus 5.79958pt minus 1.90039pt
* \hoffset=0.0pt
* \voffset=0.0pt
* \mag=1000
* \@twocolumnfalse
* \@twosidefalse
* \@mparswitchfalse
* \@reversemarginfalse
* (1in=72.27pt=25.4mm, 1cm=28.453pt)

(C:\Program Files\MiKTeX\tex/context/base/mkii\supp-pdf.mkii
[Loading MPS to PDF converter (version 2006.09.02).]
\scratchcounter=\count505
\scratchdimen=\dimen403
\scratchbox=\box152
\nofMPsegments=\count506
\nofMParguments=\count507
\everyMPshowfont=\toks78
\MPscratchCnt=\count508
\MPscratchDim=\dimen404
\MPnumerator=\count509
\makeMPintoPDFobject=\count510
\everyMPtoPDFconversion=\toks79
) (C:\Program Files\MiKTeX\tex/latex/epstopdf-pkg\epstopdf-base.sty
Package: epstopdf-base 2020-01-24 v2.11 Base part for package epstopdf
Package epstopdf-base Info: Redefining graphics rule for `.eps' on input line 4
85.

(C:\Program Files\MiKTeX\tex/latex/00miktex\epstopdf-sys.cfg
File: epstopdf-sys.cfg 2021/03/18 v2.0 Configuration of epstopdf for MiKTeX
))
Package hyperref Info: Link coloring ON on input line 55.

(C:\Users\Asus TUF505\AppData\Roaming\MiKTeX\tex/latex/translator\translator-ba
sic-dictionary-English.dict
Dictionary: translator-basic-dictionary, Language: English 
)
(C:\Users\Asus TUF505\AppData\Roaming\MiKTeX\tex/latex/translator\translator-ba
sic-dictionary-Spanish.dict
Dictionary: translator-basic-dictionary, Language: Spanish 
)
(C:\Users\Asus TUF505\AppData\Roaming\MiKTeX\tex/latex/translator\translator-bi
bliography-dictionary-English.dict
Dictionary: translator-bibliography-dictionary, Language: English 
)
(C:\Users\Asus TUF505\AppData\Roaming\MiKTeX\tex/latex/translator\translator-bi
bliography-dictionary-Spanish.dict
Dictionary: translator-bibliography-dictionary, Language: Spanish 
)
(C:\Users\Asus TUF505\AppData\Roaming\MiKTeX\tex/latex/translator\translator-en
vironment-dictionary-English.dict
Dictionary: translator-environment-dictionary, Language: English 
)
(C:\Users\Asus TUF505\AppData\Roaming\MiKTeX\tex/latex/translator\translator-en
vironment-dictionary-Spanish.dict
Dictionary: translator-environment-dictionary, Language: Spanish 
)
(C:\Users\Asus TUF505\AppData\Roaming\MiKTeX\tex/latex/translator\translator-mo
nths-dictionary-English.dict
Dictionary: translator-months-dictionary, Language: English 
)
(C:\Users\Asus TUF505\AppData\Roaming\MiKTeX\tex/latex/translator\translator-mo
nths-dictionary-Spanish.dict
Dictionary: translator-months-dictionary, Language: Spanish 
)
(C:\Users\Asus TUF505\AppData\Roaming\MiKTeX\tex/latex/translator\translator-nu
mbers-dictionary-English.dict
Dictionary: translator-numbers-dictionary, Language: English 
)
(C:\Users\Asus TUF505\AppData\Roaming\MiKTeX\tex/latex/translator\translator-nu
mbers-dictionary-Spanish.dict
Dictionary: translator-numbers-dictionary, Language: Spanish 
)
(C:\Users\Asus TUF505\AppData\Roaming\MiKTeX\tex/latex/translator\translator-th
eorem-dictionary-English.dict
Dictionary: translator-theorem-dictionary, Language: English 
)
(C:\Users\Asus TUF505\AppData\Roaming\MiKTeX\tex/latex/translator\translator-th
eorem-dictionary-Spanish.dict
Dictionary: translator-theorem-dictionary, Language: Spanish 
)
LaTeX Info: Redefining \. on input line 55.
LaTeX Info: Redefining \% on input line 55.
Package caption Info: Begin \AtBeginDocument code.
Package caption Info: changepage package is loaded.
\caption@adjustwidth@hsize=\dimen405
\caption@adjustwidth@linewidth=\dimen406
Package caption Info: float package is loaded.
Package caption Info: floatrow package is loaded.
Package caption Info: floatrow package is loaded.
Package caption Info: listings package is loaded.
Package caption Info: longtable package is loaded.

(C:\Users\Asus TUF505\AppData\Roaming\MiKTeX\tex/latex/caption\ltcaption.sty
Package: ltcaption 2021/01/08 v1.4c longtable captions (AR)
)
Package caption Info: Fixing longtable code of `floatrow' package.
Package caption Info: rotating package is loaded.
Package caption Info: threeparttable package is loaded.
Package caption Info: wrapfig package is loaded.
Package caption Info: End \AtBeginDocument code.

(C:\Users\Asus TUF505\AppData\Roaming\MiKTeX\tex/latex/floatrow\fr-longtable.st
y
Package: fr-longtable 2007/11/28 v0.1b (beta) floatrow: additions for longtable

\flrow@LT@lasthead=\box153
\flrow@LT@prelastfoot=\box154
\c@FBLTpage=\count511
)
\symgns@font=\mathgroup10
LaTeX Font Info:    Overwriting symbol font `gns@font' in version `bold'
(Font)                  TS1/Roboto-LF/m/n --> TS1/Roboto-LF/b/n on input line 5
5.
Package gensymb Info: Math companion symbols declared on input line 55.
LaTeX Info: Redefining \degree on input line 55.
LaTeX Info: Redefining \celsius on input line 55.
Package gensymb Info: Using text companion symbols for \degree, \celsius and \p
erthousand on input line 55.
LaTeX Info: Redefining \ohm on input line 55.
Package gensymb Info: Using \textohm for \ohm on input line 55.
Package gensymb Info: Using \textmu for \micro on input line 55.
\c@lstlisting=\count512
\c@mv@tabular=\count513
\c@mv@boldtabular=\count514
 (main.nav)
LaTeX Font Info:    Font shape `T1/Roboto-LF/m/n' aliased to
(Font)              `T1/Roboto-LF/regular/n' on input line 55.
LaTeX Font Info:    Font shape `T1/Roboto-LF/regular/n' will be
(Font)              scaled to size 4.75pt on input line 55.
 (example.tex
LaTeX Font Info:    Font shape `T1/Roboto-LF/m/n' aliased to
(Font)              `T1/Roboto-LF/regular/n' on input line 15.
LaTeX Font Info:    Font shape `T1/Roboto-LF/regular/n' will be
(Font)              scaled to size 13.68002pt on input line 15.
LaTeX Font Info:    Font shape `T1/Roboto-LF/m/n' aliased to
(Font)              `T1/Roboto-LF/regular/n' on input line 15.
LaTeX Font Info:    Font shape `T1/Roboto-LF/regular/n' will be
(Font)              scaled to size 7.91676pt on input line 15.
LaTeX Font Info:    Font shape `T1/Roboto-LF/m/n' aliased to
(Font)              `T1/Roboto-LF/regular/n' on input line 15.
LaTeX Font Info:    Font shape `T1/Roboto-LF/regular/n' will be
(Font)              scaled to size 6.33337pt on input line 15.
<./img//departamentos/fcfm.pdf, id=27, 737.14398pt x 238.8925pt>
File: ./img//departamentos/fcfm.pdf Graphic file (type pdf)
<use ./img//departamentos/fcfm.pdf>
Package pdftex.def Info: ./img//departamentos/fcfm.pdf  used on input line 15.
(pdftex.def)             Requested size: 96.57443pt x 31.2982pt.


LaTeX Font Info:    Font shape `T1/Roboto-LF/m/n' aliased to
(Font)              `T1/Roboto-LF/regular/n' on input line 15.
LaTeX Font Info:    Font shape `T1/Roboto-LF/regular/n' will be
(Font)              scaled to size 4.0pt on input line 15.
[1

{C:/Users/Asus TUF505/AppData/Local/MiKTeX/fonts/map/pdftex/pdftex.map}{C:/User
s/Asus TUF505/AppData/Roaming/MiKTeX/fonts/enc/dvips/roboto/rbto_b5rac7.enc} <.
/img//departamentos/fcfm.pdf>] (main.toc
LaTeX Info: Redefining \. on input line 1.
LaTeX Info: Redefining \% on input line 1.
)

[2

]
LaTeX Font Info:    Calculating math sizes for size <9.5> on input line 32.
LaTeX Font Info:    Trying to load font information for U+msa on input line 32.

 (C:\Program Files\MiKTeX\tex/latex/amsfonts\umsa.fd
File: umsa.fd 2013/01/14 v3.01 AMS symbols A
)
LaTeX Font Info:    Trying to load font information for U+msb on input line 32.


(C:\Program Files\MiKTeX\tex/latex/amsfonts\umsb.fd
File: umsb.fd 2013/01/14 v3.01 AMS symbols B
)
LaTeX Font Info:    Trying to load font information for OT1+mathkerncmss on inp
ut line 32.

(C:\Users\Asus TUF505\AppData\Roaming\MiKTeX\tex/latex/sansmathaccent\ot1mathke
rncmss.fd
File: ot1mathkerncmss.fd 2020/01/31 Fontinst v1.933 font definitions for OT1/ma
thkerncmss.
)
LaTeX Font Info:    Trying to load font information for U+rsfs on input line 32
.

(C:\Users\Asus TUF505\AppData\Roaming\MiKTeX\tex/latex/jknappen\ursfs.fd
File: ursfs.fd 1998/03/24 rsfs font definition file (jk)
)
LaTeX Font Info:    Trying to load font information for U+wasy on input line 32
.

(C:\Users\Asus TUF505\AppData\Roaming\MiKTeX\tex/latex/wasysym\uwasy.fd
File: uwasy.fd 2020/01/19 v2.4 Wasy-2 symbol font definitions
)
LaTeX Font Info:    Trying to load font information for U+stmry on input line 3
2.

(C:\Users\Asus TUF505\AppData\Roaming\MiKTeX\tex/latex/stmaryrd\ustmry.fd)
LaTeX Font Info:    Trying to load font information for TS1+Roboto-LF on input 
line 32.

(C:\Users\Asus TUF505\AppData\Roaming\MiKTeX\tex/latex/roboto\ts1roboto-lf.fd
File: TS1Roboto-LF.fd 2019/12/11 (autoinst) Font definitions for TS1/Roboto-LF.

)
LaTeX Font Info:    Font shape `TS1/Roboto-LF/m/n' aliased to
(Font)              `TS1/Roboto-LF/regular/n' on input line 32.
LaTeX Font Info:    Font shape `TS1/Roboto-LF/regular/n' will be
(Font)              scaled to size 9.5pt on input line 32.
LaTeX Font Info:    Font shape `TS1/Roboto-LF/m/n' aliased to
(Font)              `TS1/Roboto-LF/regular/n' on input line 32.
LaTeX Font Info:    Font shape `TS1/Roboto-LF/regular/n' will be
(Font)              scaled to size 6.64996pt on input line 32.
LaTeX Font Info:    Font shape `TS1/Roboto-LF/m/n' aliased to
(Font)              `TS1/Roboto-LF/regular/n' on input line 32.
LaTeX Font Info:    Font shape `TS1/Roboto-LF/regular/n' will be
(Font)              scaled to size 4.75pt on input line 32.
LaTeX Font Info:    Font shape `T1/Roboto-LF/m/n' aliased to
(Font)              `T1/Roboto-LF/regular/n' on input line 32.
LaTeX Font Info:    Font shape `T1/Roboto-LF/regular/n' will be
(Font)              scaled to size 6.64996pt on input line 32.
LaTeX Font Info:    Calculating math sizes for size <7.91676> on input line 32.

LaTeX Font Info:    Font shape `TS1/Roboto-LF/m/n' aliased to
(Font)              `TS1/Roboto-LF/regular/n' on input line 32.
LaTeX Font Info:    Font shape `TS1/Roboto-LF/regular/n' will be
(Font)              scaled to size 7.91676pt on input line 32.
LaTeX Font Info:    Font shape `TS1/Roboto-LF/m/n' aliased to
(Font)              `TS1/Roboto-LF/regular/n' on input line 32.
LaTeX Font Info:    Font shape `TS1/Roboto-LF/regular/n' will be
(Font)              scaled to size 5.5417pt on input line 32.
LaTeX Font Info:    Font shape `TS1/Roboto-LF/m/n' aliased to
(Font)              `TS1/Roboto-LF/regular/n' on input line 32.
LaTeX Font Info:    Font shape `TS1/Roboto-LF/regular/n' will be
(Font)              scaled to size 3.95837pt on input line 32.
LaTeX Font Info:    Font shape `T1/Roboto-LF/m/n' aliased to
(Font)              `T1/Roboto-LF/regular/n' on input line 32.
LaTeX Font Info:    Font shape `T1/Roboto-LF/regular/n' will be
(Font)              scaled to size 5.5417pt on input line 32.


[3

]
LaTeX Font Info:    Calculating math sizes for size <6.33337> on input line 44.

LaTeX Font Info:    Font shape `TS1/Roboto-LF/m/n' aliased to
(Font)              `TS1/Roboto-LF/regular/n' on input line 44.
LaTeX Font Info:    Font shape `TS1/Roboto-LF/regular/n' will be
(Font)              scaled to size 6.33337pt on input line 44.
LaTeX Font Info:    Font shape `TS1/Roboto-LF/m/n' aliased to
(Font)              `TS1/Roboto-LF/regular/n' on input line 44.
LaTeX Font Info:    Font shape `TS1/Roboto-LF/regular/n' will be
(Font)              scaled to size 4.43333pt on input line 44.
LaTeX Font Info:    Font shape `TS1/Roboto-LF/m/n' aliased to
(Font)              `TS1/Roboto-LF/regular/n' on input line 44.
LaTeX Font Info:    Font shape `TS1/Roboto-LF/regular/n' will be
(Font)              scaled to size 3.16669pt on input line 44.


[4

]
LaTeX Font Info:    Font shape `T1/Roboto-LF/m/n' aliased to
(Font)              `T1/Roboto-LF/regular/n' on input line 60.
LaTeX Font Info:    Font shape `T1/Roboto-LF/regular/n' will be
(Font)              scaled to size 11.39996pt on input line 60.


[5

]
LaTeX Font Info:    Font shape `T1/Roboto-LF/b/n' aliased to
(Font)              `T1/Roboto-LF/bold/n' on input line 81.
LaTeX Font Info:    Font shape `T1/Roboto-LF/bold/n' will be
(Font)              scaled to size 9.5pt on input line 81.


[6

]
LaTeX Font Info:    Font shape `T1/Roboto-LF/b/n' aliased to
(Font)              `T1/Roboto-LF/bold/n' on input line 110.
LaTeX Font Info:    Font shape `T1/Roboto-LF/bold/n' will be
(Font)              scaled to size 7.91676pt on input line 110.
LaTeX Font Info:    Font shape `T1/Roboto-LF/m/n' aliased to
(Font)              `T1/Roboto-LF/regular/n' on input line 110.
LaTeX Font Info:    Font shape `T1/Roboto-LF/regular/n' will be
(Font)              scaled to size 8.66881pt on input line 110.
LaTeX Font Info:    Calculating math sizes for size <8.66881> on input line 110
.
LaTeX Font Info:    Font shape `TS1/Roboto-LF/m/n' aliased to
(Font)              `TS1/Roboto-LF/regular/n' on input line 110.
LaTeX Font Info:    Font shape `TS1/Roboto-LF/regular/n' will be
(Font)              scaled to size 8.66881pt on input line 110.
LaTeX Font Info:    Font shape `TS1/Roboto-LF/m/n' aliased to
(Font)              `TS1/Roboto-LF/regular/n' on input line 110.
LaTeX Font Info:    Font shape `TS1/Roboto-LF/regular/n' will be
(Font)              scaled to size 6.06813pt on input line 110.
LaTeX Font Info:    Font shape `TS1/Roboto-LF/m/n' aliased to
(Font)              `TS1/Roboto-LF/regular/n' on input line 110.
LaTeX Font Info:    Font shape `TS1/Roboto-LF/regular/n' will be
(Font)              scaled to size 4.3344pt on input line 110.
LaTeX Font Info:    Font shape `T1/Roboto-LF/m/n' aliased to
(Font)              `T1/Roboto-LF/regular/n' on input line 110.
LaTeX Font Info:    Font shape `T1/Roboto-LF/regular/n' will be
(Font)              scaled to size 6.06813pt on input line 110.


[7

]
<./img//ejemplos/test-image.png, id=165, interpolate=true, 1284.8pt x 722.7pt>
File: ./img//ejemplos/test-image.png Graphic file (type png)
<use ./img//ejemplos/test-image.png>
Package pdftex.def Info: ./img//ejemplos/test-image.png  used on input line 118
.
(pdftex.def)             Requested size: 179.87077pt x 101.1773pt.


[8

 <./img//ejemplos/test-image.png>]
<./img//ejemplos/animacion-0.png, id=177, interpolate=true, 250.9375pt x 250.93
75pt>
File: ./img//ejemplos/animacion-0.png Graphic file (type png)
<use ./img//ejemplos/animacion-0.png>
Package pdftex.def Info: ./img//ejemplos/animacion-0.png  used on input line 12
6.
(pdftex.def)             Requested size: 250.93687pt x 250.93687pt.
 <./img//ejemplos/animacion-0.png>
<a0,fr0>
<./img//ejemplos/animacion-1.png, id=181, interpolate=true, 250.9375pt x 250.93
75pt>
File: ./img//ejemplos/animacion-1.png Graphic file (type png)
<use ./img//ejemplos/animacion-1.png>
Package pdftex.def Info: ./img//ejemplos/animacion-1.png  used on input line 12
6.
(pdftex.def)             Requested size: 250.93687pt x 250.93687pt.
 <./img//ejemplos/animacion-1.png> <a0,fr1>
<./img//ejemplos/animacion-2.png, id=185, interpolate=true, 250.9375pt x 250.93
75pt>
File: ./img//ejemplos/animacion-2.png Graphic file (type png)
<use ./img//ejemplos/animacion-2.png>
Package pdftex.def Info: ./img//ejemplos/animacion-2.png  used on input line 12
6.
(pdftex.def)             Requested size: 250.93687pt x 250.93687pt.
 <./img//ejemplos/animacion-2.png> <a0,fr2>
<./img//ejemplos/animacion-3.png, id=189, interpolate=true, 250.9375pt x 250.93
75pt>
File: ./img//ejemplos/animacion-3.png Graphic file (type png)
<use ./img//ejemplos/animacion-3.png>
Package pdftex.def Info: ./img//ejemplos/animacion-3.png  used on input line 12
6.
(pdftex.def)             Requested size: 250.93687pt x 250.93687pt.
 <./img//ejemplos/animacion-3.png> <a0,fr3>
<./img//ejemplos/animacion-4.png, id=193, interpolate=true, 250.9375pt x 250.93
75pt>
File: ./img//ejemplos/animacion-4.png Graphic file (type png)
<use ./img//ejemplos/animacion-4.png>
Package pdftex.def Info: ./img//ejemplos/animacion-4.png  used on input line 12
6.
(pdftex.def)             Requested size: 250.93687pt x 250.93687pt.
 <./img//ejemplos/animacion-4.png> <a0,fr4>
<./img//ejemplos/animacion-5.png, id=197, interpolate=true, 250.9375pt x 250.93
75pt>
File: ./img//ejemplos/animacion-5.png Graphic file (type png)
<use ./img//ejemplos/animacion-5.png>
Package pdftex.def Info: ./img//ejemplos/animacion-5.png  used on input line 12
6.
(pdftex.def)             Requested size: 250.93687pt x 250.93687pt.
 <./img//ejemplos/animacion-5.png> <a0,fr5>
<./img//ejemplos/animacion-6.png, id=201, interpolate=true, 250.9375pt x 250.93
75pt>
File: ./img//ejemplos/animacion-6.png Graphic file (type png)
<use ./img//ejemplos/animacion-6.png>
Package pdftex.def Info: ./img//ejemplos/animacion-6.png  used on input line 12
6.
(pdftex.def)             Requested size: 250.93687pt x 250.93687pt.
 <./img//ejemplos/animacion-6.png> <a0,fr6>
<./img//ejemplos/animacion-7.png, id=205, interpolate=true, 250.9375pt x 250.93
75pt>
File: ./img//ejemplos/animacion-7.png Graphic file (type png)
<use ./img//ejemplos/animacion-7.png>
Package pdftex.def Info: ./img//ejemplos/animacion-7.png  used on input line 12
6.
(pdftex.def)             Requested size: 250.93687pt x 250.93687pt.
 <./img//ejemplos/animacion-7.png> <a0,fr7>
<./img//ejemplos/animacion-8.png, id=209, interpolate=true, 250.9375pt x 250.93
75pt>
File: ./img//ejemplos/animacion-8.png Graphic file (type png)
<use ./img//ejemplos/animacion-8.png>
Package pdftex.def Info: ./img//ejemplos/animacion-8.png  used on input line 12
6.
(pdftex.def)             Requested size: 250.93687pt x 250.93687pt.
 <./img//ejemplos/animacion-8.png> <a0,fr8>
<./img//ejemplos/animacion-9.png, id=213, interpolate=true, 250.9375pt x 250.93
75pt>
File: ./img//ejemplos/animacion-9.png Graphic file (type png)
<use ./img//ejemplos/animacion-9.png>
Package pdftex.def Info: ./img//ejemplos/animacion-9.png  used on input line 12
6.
(pdftex.def)             Requested size: 250.93687pt x 250.93687pt.
 <./img//ejemplos/animacion-9.png>
<a0,fr9>
<./img//ejemplos/animacion-10.png, id=217, interpolate=true, 250.9375pt x 250.9
375pt>
File: ./img//ejemplos/animacion-10.png Graphic file (type png)
<use ./img//ejemplos/animacion-10.png>
Package pdftex.def Info: ./img//ejemplos/animacion-10.png  used on input line 1
26.
(pdftex.def)             Requested size: 250.93687pt x 250.93687pt.
 <./img//ejemplos/animacion-10.png> <a0,fr10>
<./img//ejemplos/animacion-11.png, id=221, interpolate=true, 250.9375pt x 250.9
375pt>
File: ./img//ejemplos/animacion-11.png Graphic file (type png)
<use ./img//ejemplos/animacion-11.png>
Package pdftex.def Info: ./img//ejemplos/animacion-11.png  used on input line 1
26.
(pdftex.def)             Requested size: 250.93687pt x 250.93687pt.
 <./img//ejemplos/animacion-11.png> <a0,fr11>
<./img//ejemplos/animacion-12.png, id=225, interpolate=true, 250.9375pt x 250.9
375pt>
File: ./img//ejemplos/animacion-12.png Graphic file (type png)
<use ./img//ejemplos/animacion-12.png>
Package pdftex.def Info: ./img//ejemplos/animacion-12.png  used on input line 1
26.
(pdftex.def)             Requested size: 250.93687pt x 250.93687pt.
 <./img//ejemplos/animacion-12.png> <a0,fr12>
<./img//ejemplos/animacion-13.png, id=229, interpolate=true, 250.9375pt x 250.9
375pt>
File: ./img//ejemplos/animacion-13.png Graphic file (type png)
<use ./img//ejemplos/animacion-13.png>
Package pdftex.def Info: ./img//ejemplos/animacion-13.png  used on input line 1
26.
(pdftex.def)             Requested size: 250.93687pt x 250.93687pt.
 <./img//ejemplos/animacion-13.png> <a0,fr13>
<./img//ejemplos/animacion-14.png, id=233, interpolate=true, 250.9375pt x 250.9
375pt>
File: ./img//ejemplos/animacion-14.png Graphic file (type png)
<use ./img//ejemplos/animacion-14.png>
Package pdftex.def Info: ./img//ejemplos/animacion-14.png  used on input line 1
26.
(pdftex.def)             Requested size: 250.93687pt x 250.93687pt.
 <./img//ejemplos/animacion-14.png> <a0,fr14>
<./img//ejemplos/animacion-15.png, id=237, interpolate=true, 250.9375pt x 250.9
375pt>
File: ./img//ejemplos/animacion-15.png Graphic file (type png)
<use ./img//ejemplos/animacion-15.png>
Package pdftex.def Info: ./img//ejemplos/animacion-15.png  used on input line 1
26.
(pdftex.def)             Requested size: 250.93687pt x 250.93687pt.
 <./img//ejemplos/animacion-15.png> <a0,fr15>
<./img//ejemplos/animacion-16.png, id=241, interpolate=true, 250.9375pt x 250.9
375pt>
File: ./img//ejemplos/animacion-16.png Graphic file (type png)
<use ./img//ejemplos/animacion-16.png>
Package pdftex.def Info: ./img//ejemplos/animacion-16.png  used on input line 1
26.
(pdftex.def)             Requested size: 250.93687pt x 250.93687pt.
 <./img//ejemplos/animacion-16.png>
<a0,fr16>
<./img//ejemplos/animacion-17.png, id=245, interpolate=true, 250.9375pt x 250.9
375pt>
File: ./img//ejemplos/animacion-17.png Graphic file (type png)
<use ./img//ejemplos/animacion-17.png>
Package pdftex.def Info: ./img//ejemplos/animacion-17.png  used on input line 1
26.
(pdftex.def)             Requested size: 250.93687pt x 250.93687pt.
 <./img//ejemplos/animacion-17.png> <a0,fr17>
<./img//ejemplos/animacion-18.png, id=249, interpolate=true, 250.9375pt x 250.9
375pt>
File: ./img//ejemplos/animacion-18.png Graphic file (type png)
<use ./img//ejemplos/animacion-18.png>
Package pdftex.def Info: ./img//ejemplos/animacion-18.png  used on input line 1
26.
(pdftex.def)             Requested size: 250.93687pt x 250.93687pt.
 <./img//ejemplos/animacion-18.png> <a0,fr18>
<./img//ejemplos/animacion-19.png, id=253, interpolate=true, 250.9375pt x 250.9
375pt>
File: ./img//ejemplos/animacion-19.png Graphic file (type png)
<use ./img//ejemplos/animacion-19.png>
Package pdftex.def Info: ./img//ejemplos/animacion-19.png  used on input line 1
26.
(pdftex.def)             Requested size: 250.93687pt x 250.93687pt.
 <./img//ejemplos/animacion-19.png> <a0,fr19>

[9

{C:/Program Files/MiKTeX/fonts/enc/dvips/lm/lm-ec.enc}]
File: ./img//ejemplos/test-image.png Graphic file (type png)
<use ./img//ejemplos/test-image.png>
Package pdftex.def Info: ./img//ejemplos/test-image.png  used on input line 163
.
(pdftex.def)             Requested size: 85.35826pt x 48.01373pt.
LaTeX Font Info:    Font shape `T1/Roboto-LF/b/n' aliased to
(Font)              `T1/Roboto-LF/bold/n' on input line 163.
LaTeX Font Info:    Font shape `T1/Roboto-LF/bold/n' will be
(Font)              scaled to size 6.33337pt on input line 163.
<./img//ejemplos/test-image-wrap.jpg, id=294, interpolate=true, 301.125pt x 301
.125pt>
File: ./img//ejemplos/test-image-wrap.jpg Graphic file (type jpg)
<use ./img//ejemplos/test-image-wrap.jpg>
Package pdftex.def Info: ./img//ejemplos/test-image-wrap.jpg  used on input lin
e 163.
(pdftex.def)             Requested size: 56.90189pt x 56.9055pt.
File: ./img//ejemplos/test-image.png Graphic file (type png)
<use ./img//ejemplos/test-image.png>
Package pdftex.def Info: ./img//ejemplos/test-image.png  used on input line 163
.
(pdftex.def)             Requested size: 113.81102pt x 64.01463pt.


[10

 <./img//ejemplos/test-image-wrap.jpg>]
\openout4 = `main.vrb'.

 (main.vrb
LaTeX Font Info:    Font shape `T1/Roboto-LF/m/it' aliased to
(Font)              `T1/Roboto-LF/regular/it' on input line 2.
LaTeX Font Info:    Font shape `T1/Roboto-LF/regular/it' will be
(Font)              scaled to size 9.5pt on input line 2.

(C:\Program Files\MiKTeX\tex/latex/listings\lstlang1.sty
File: lstlang1.sty 2024/09/23 1.10c listings language file
)
(C:\Program Files\MiKTeX\tex/latex/listings\lstmisc.sty
File: lstmisc.sty 2024/09/23 1.10c (Carsten Heinz)
)
(C:\Program Files\MiKTeX\tex/latex/listings\lstlang1.sty
File: lstlang1.sty 2024/09/23 1.10c listings language file
)
(C:\Program Files\MiKTeX\tex/latex/listings\lstlang1.sty
File: lstlang1.sty 2024/09/23 1.10c listings language file
))

[11

]
\openout4 = `main.vrb'.

 (main.vrb)

[12

]

[13

]

[14

] (main.toc
LaTeX Info: Redefining \. on input line 1.
LaTeX Info: Redefining \% on input line 1.
)

[15

]
\openout5 = `main.tframeh'.

File: ./img//ejemplos/test-image.png Graphic file (type png)
<use ./img//ejemplos/test-image.png>
Package pdftex.def Info: ./img//ejemplos/test-image.png  used on input line 249
.
(pdftex.def)             Requested size: 179.87077pt x 101.1773pt.
\openout6 = `main.tframelc'.



[16

] (main.tframeh) (main.tframelc)
LaTeX Font Info:    Font shape `T1/Roboto-LF/m/n' aliased to
(Font)              `T1/Roboto-LF/regular/n' on input line 260.
LaTeX Font Info:    Font shape `T1/Roboto-LF/regular/n' will be
(Font)              scaled to size 23.63606pt on input line 260.
LaTeX Font Info:    Calculating math sizes for size <23.63606> on input line 26
0.
LaTeX Font Info:    Font shape `TS1/Roboto-LF/m/n' aliased to
(Font)              `TS1/Roboto-LF/regular/n' on input line 260.
LaTeX Font Info:    Font shape `TS1/Roboto-LF/regular/n' will be
(Font)              scaled to size 23.63606pt on input line 260.
LaTeX Font Info:    Font shape `TS1/Roboto-LF/m/n' aliased to
(Font)              `TS1/Roboto-LF/regular/n' on input line 260.
LaTeX Font Info:    Font shape `TS1/Roboto-LF/regular/n' will be
(Font)              scaled to size 16.54517pt on input line 260.
LaTeX Font Info:    Font shape `TS1/Roboto-LF/m/n' aliased to
(Font)              `TS1/Roboto-LF/regular/n' on input line 260.
LaTeX Font Info:    Font shape `TS1/Roboto-LF/regular/n' will be
(Font)              scaled to size 11.81802pt on input line 260.
LaTeX Font Info:    Font shape `T1/Roboto-LF/m/n' aliased to
(Font)              `T1/Roboto-LF/regular/n' on input line 260.
LaTeX Font Info:    Font shape `T1/Roboto-LF/regular/n' will be
(Font)              scaled to size 16.54517pt on input line 260.


[17

] (main.tframeh)
\openout6 = `main.tframelc'.



[18

] (main.tframeh)
\openout6 = `main.tframelc'.



[19

] (main.tframeh)

[20

] (main.bbl)

[21

 <C:/Users/Asus TUF505/AppData/Roaming/MiKTeX/tex/latex/beamer/beamericonarticl
e.pdf>]

(C:\Users\Asus TUF505\AppData\Roaming\MiKTeX\tex/generic/stringenc\se-utf8.def
File: se-utf8.def 2019/11/29 v1.12 stringenc: UTF-8
)
(C:\Users\Asus TUF505\AppData\Roaming\MiKTeX\tex/generic/stringenc\se-pdfdoc.de
f
File: se-pdfdoc.def 2019/11/29 v1.12 stringenc: PDFDocEncoding
) [22

])
\tf@nav=\write7
\openout7 = `main.nav'.

\tf@toc=\write8
\openout8 = `main.toc'.

\tf@snm=\write9
\openout9 = `main.snm'.

 (main.aux
LaTeX Info: Redefining \. on input line 17.
LaTeX Info: Redefining \% on input line 17.
)
 ***********
LaTeX2e <2025-06-01> patch level 1
L3 programming layer <2020/03/25>
 ***********
 ) 
Here is how much of TeX's memory you used:
 45159 strings out of 468134
 855692 string characters out of 5440787
 1688400 words of memory out of 5000000
 72726 multiletter control sequences out of 15000+600000
 770638 words of font info for 247 fonts, out of 8000000 for 9000
 1141 hyphenation exceptions out of 8191
 128i,19n,136p,2883b,1844s stack positions out of 10000i,1000n,20000p,200000b,200000s
 <C:\Users\Asus TUF505\AppData\Local\MiKTeX\fonts/pk/ljfour/public/wasy/dpi63
3\wasy9.pk><C:/Users/Asus TUF505/AppData/Roaming/MiKTeX/fonts/type1/google/robo
to/Roboto-Bold.pfb><C:/Users/Asus TUF505/AppData/Roaming/MiKTeX/fonts/type1/goo
gle/roboto/Roboto-Italic.pfb><C:/Users/Asus TUF505/AppData/Roaming/MiKTeX/fonts
/type1/google/roboto/Roboto-Regular.pfb><C:/Program Files/MiKTeX/fonts/type1/pu
blic/amsfonts/cm/cmex10.pfb><C:/Program Files/MiKTeX/fonts/type1/public/amsfont
s/cm/cmmi7.pfb><C:/Program Files/MiKTeX/fonts/type1/public/amsfonts/cm/cmmi9.pf
b><C:/Program Files/MiKTeX/fonts/type1/public/amsfonts/cm/cmr7.pfb><C:/Program 
Files/MiKTeX/fonts/type1/public/amsfonts/cm/cmr9.pfb><C:/Program Files/MiKTeX/f
onts/type1/public/amsfonts/cm/cmsy6.pfb><C:/Program Files/MiKTeX/fonts/type1/pu
blic/amsfonts/cm/cmsy7.pfb><C:/Program Files/MiKTeX/fonts/type1/public/amsfonts
/cm/cmsy9.pfb><C:/Program Files/MiKTeX/fonts/type1/public/lm/lmvtk10.pfb><C:/Pr
ogram Files/MiKTeX/fonts/type1/public/lm/lmvtt10.pfb>
Output written on main.pdf (22 pages, 417184 bytes).
PDF statistics:
 549 PDF objects out of 1000 (max. 8388607)
 57 named destinations out of 1000 (max. 500000)
 624 words of extra memory for PDF output out of 10000 (max. 10000000)

